date,I_raw,I_corr,E_hm3,reserva,n_valid,ref_ceh,dam
1958-10-01,3.6476480000000002,3.929684302168473,0.2913512538093369,55.74193548387097,30,5001,TRANCO DE BEAS
1958-11-01,2.0697920000000005,2.2307664381864085,0.16097443818640814,57.0,30,5001,TRANCO DE BEAS
1958-12-01,57.50544,57.64080587653884,0.13536587653884172,77.90322580645162,31,5001,TRANCO DE BEAS
1959-01-01,53.0864,53.29001033105252,0.20361033105252407,142.29032258064515,31,5001,TRANCO DE BEAS
1959-02-01,16.0,16.33502586062943,0.33502586062942896,175.03571428571428,28,5001,TRANCO DE BEAS
1959-03-01,53.0,53.649003774302095,0.6490037743020975,204.38709677419354,31,5001,TRANCO DE BEAS
1959-04-01,18.0,18.874006534537376,0.8740065345373756,244.7,30,5001,TRANCO DE BEAS
1959-05-01,41.059616,42.48292989511984,1.4233138951198359,274.6774193548387,31,5001,TRANCO DE BEAS
1959-06-01,17.626016,19.65074704078739,2.024731040787391,305.03333333333336,30,5001,TRANCO DE BEAS
1959-07-01,4.546624000000002,6.910863292907142,2.36423929290714,287.51612903225805,31,5001,TRANCO DE BEAS
1959-08-01,8.889760000000004,10.81561081561821,1.9258508156182068,239.7741935483871,31,5001,TRANCO DE BEAS
1959-09-01,6.069984000000001,7.239853495586564,1.1698694955865632,203.53333333333333,30,5001,TRANCO DE BEAS
1959-10-01,7.29376,7.979530178915947,0.6857701789159478,201.29032258064515,31,5001,TRANCO DE BEAS
1959-11-01,17.3824,17.76852273419511,0.38612273419510923,211.76666666666668,30,5001,TRANCO DE BEAS
1959-12-01,95.19872,95.51301320370683,0.3142932037068307,272.3225806451613,31,5001,TRANCO DE BEAS
1960-01-01,42.69344,43.055199948545415,0.36175994854541343,335.9032258064516,31,5001,TRANCO DE BEAS
1960-02-01,130.95904000000002,131.56655582927542,0.607515829275402,405.9310344827586,29,5001,TRANCO DE BEAS
1960-03-01,125.81472000000001,126.97649561010482,1.1617756101048102,489.03225806451616,31,5001,TRANCO DE BEAS
1960-04-01,53.39584,54.79937998448071,1.4035399844807046,497.93333333333334,30,5001,TRANCO DE BEAS
1960-05-01,18.148480000000003,20.235636767401846,2.0871567674018454,487.5483870967742,31,5001,TRANCO DE BEAS
1960-06-01,8.15584,10.944981446173355,2.7891414461733546,493.1666666666667,30,5001,TRANCO DE BEAS
1960-07-01,4.1942400000000015,7.490218041522902,3.2959780415229,473.19354838709677,31,5001,TRANCO DE BEAS
1960-08-01,7.860800000000005,10.636851762960898,2.7760517629608934,414.8709677419355,31,5001,TRANCO DE BEAS
1960-09-01,8.547840000000003,10.267429842699933,1.7195898426999299,362.7,30,5001,TRANCO DE BEAS
1960-10-01,16.065920000000002,17.050641735295905,0.9847217352959022,346.35483870967744,31,5001,TRANCO DE BEAS
1960-11-01,33.00032,33.55391007140874,0.5535900714087355,363.53333333333336,30,5001,TRANCO DE BEAS
1960-12-01,74.48256,74.89677997005222,0.41421997005221645,411.64516129032256,31,5001,TRANCO DE BEAS
1961-01-01,52.99264,53.42569747063376,0.43305747063375366,439.9032258064516,31,5001,TRANCO DE BEAS
1961-02-01,30.68928,31.295004367441255,0.6057243674412541,425.4642857142857,28,5001,TRANCO DE BEAS
1961-03-01,11.7456,12.811778216139878,1.0661782161398776,429.8709677419355,31,5001,TRANCO DE BEAS
1961-04-01,8.35232,9.634892258459146,1.2825722584591455,434.96666666666664,30,5001,TRANCO DE BEAS
1961-05-01,6.215680000000001,8.140708882389214,1.9250288823892134,431.8709677419355,31,5001,TRANCO DE BEAS
1961-06-01,7.374080000000002,9.847342801917108,2.4732628019171066,411.8333333333333,30,5001,TRANCO DE BEAS
1961-07-01,4.134720000000005,6.923384263066399,2.7886642630663947,368.35483870967744,31,5001,TRANCO DE BEAS
1961-08-01,3.6169600000000037,5.85273561808009,2.2357756180800865,299.96774193548384,31,5001,TRANCO DE BEAS
1961-09-01,6.529600000000001,7.8779558884442,1.3483558884441988,251.83333333333334,30,5001,TRANCO DE BEAS
1961-10-01,3.427136,4.19789883459439,0.7707628345943904,239.84516129032258,31,5001,TRANCO DE BEAS
1961-11-01,8.612192000000006,9.034895094571576,0.4227030945715708,242.54,30,5001,TRANCO DE BEAS
1961-12-01,18.842528000000005,19.14085024299776,0.29832224299775456,251.50645161290322,31,5001,TRANCO DE BEAS
1962-01-01,31.986271999999968,32.306348881473966,0.32007688147399826,279.54193548387093,31,5001,TRANCO DE BEAS
1962-02-01,9.833504,10.310170849079372,0.47666684907937107,297.0142857142857,28,5001,TRANCO DE BEAS
1962-03-01,59.86835200000002,60.76971566202766,0.901363662027633,334.30645161290323,31,5001,TRANCO DE BEAS
1962-04-01,24.43897599999999,25.59258414489426,1.1536081448942728,371.05333333333334,30,5001,TRANCO DE BEAS
1962-05-01,17.73337600000001,19.54498414798972,1.8116081479897073,394.2645161290323,31,5001,TRANCO DE BEAS
1962-06-01,7.34748799999999,9.768428083696032,2.420940083696042,398.81,30,5001,TRANCO DE BEAS
1962-07-01,4.655360000000003,7.497660949407167,2.842300949407164,378.92903225806447,31,5001,TRANCO DE BEAS
1962-08-01,7.276864000000014,9.726127794403457,2.4492637944034423,343.7483870967742,31,5001,TRANCO DE BEAS
1962-09-01,4.998720000000013,6.568889475286204,1.5701694752861903,316.45,30,5001,TRANCO DE BEAS
1962-10-01,7.642751999999989,8.546354546842515,0.9036025468425268,304.4516129032258,31,5001,TRANCO DE BEAS
1962-11-01,18.448415999999998,18.952565123187558,0.5041491231875573,315.93333333333334,30,5001,TRANCO DE BEAS
1962-12-01,15.247104,15.6043971503875,0.35729315038750054,329.64516129032256,31,5001,TRANCO DE BEAS
1963-01-01,83.28096,83.68146067139415,0.40050067139414236,391.4516129032258,31,5001,TRANCO DE BEAS
1963-02-01,178.704192,179.3395704044873,0.6353784044872754,457.35714285714283,28,5001,TRANCO DE BEAS
1963-03-01,54.391360000000006,55.50307469460543,1.1117146946054284,457.7096774193548,31,5001,TRANCO DE BEAS
1963-04-01,39.831808,41.200171294780844,1.368363294780846,479.3666666666667,30,5001,TRANCO DE BEAS
1963-05-01,18.136064,20.240403319764205,2.1043393197642057,493.5806451612903,31,5001,TRANCO DE BEAS
1963-06-01,17.218304,20.02087931635807,2.8025753163580696,496.73333333333335,30,5001,TRANCO DE BEAS
1963-07-01,9.401024000000001,12.753031220415307,3.352007220415306,485.258064516129,31,5001,TRANCO DE BEAS
1963-08-01,5.979680000000002,8.92454944145939,2.944869441459388,453.19354838709677,31,5001,TRANCO DE BEAS
1963-09-01,6.503936000000002,8.386869654025809,1.8829336540258061,415.6,30,5001,TRANCO DE BEAS
1963-10-01,3.702528000000023,4.772728190470421,1.0702001904703977,392.416129032258,31,5001,TRANCO DE BEAS
1963-11-01,10.709983999999977,11.298258073211603,0.5882740732116253,398.19666666666666,30,5001,TRANCO DE BEAS
1963-12-01,67.53868800000001,67.95888663359804,0.4201986335980447,420.5387096774194,31,5001,TRANCO DE BEAS
1964-01-01,16.879968000000016,17.297637456019775,0.41766945601976013,416.7032258064516,31,5001,TRANCO DE BEAS
1964-02-01,39.65446399999999,40.25151870514113,0.5970547051411424,395.0241379310345,29,5001,TRANCO DE BEAS
1964-03-01,70.35888000000001,71.4226208057247,1.0637408057246878,428.4483870967742,31,5001,TRANCO DE BEAS
1964-04-01,39.72787199999997,41.05428196379724,1.3264099637972693,457.4866666666667,30,5001,TRANCO DE BEAS
1964-05-01,12.168736000000045,14.208388527686907,2.0396525276868616,470.9967741935484,31,5001,TRANCO DE BEAS
1964-06-01,7.674879999999955,10.361898113191378,2.6870181131914235,466.3333333333333,30,5001,TRANCO DE BEAS
1964-07-01,5.989952000000048,9.18908376117453,3.1991317611744825,452.43870967741935,31,5001,TRANCO DE BEAS
1964-08-01,4.5673279999999785,7.3917452981724105,2.8244172981724325,425.6548387096774,31,5001,TRANCO DE BEAS
1964-09-01,3.2074240000000125,5.049809710483434,1.8423857104834205,402.1933333333333,30,5001,TRANCO DE BEAS
1964-10-01,3.185279999999989,4.259622583514422,1.074342583514433,394.6967741935484,31,5001,TRANCO DE BEAS
1964-11-01,3.6057600000000116,4.19136359350258,0.5856035935025685,395.4866666666667,30,5001,TRANCO DE BEAS
1964-12-01,5.79488,6.199580080167958,0.40470008016795733,397.3774193548387,31,5001,TRANCO DE BEAS
1965-01-01,28.83056,29.244658725168303,0.41409872516830326,411.32903225806456,31,5001,TRANCO DE BEAS
1965-02-01,12.357919999999966,12.967310837960802,0.6093908379608349,429.33214285714286,28,5001,TRANCO DE BEAS
1965-03-01,38.41344,39.506511012316544,1.0930710123165432,446.27096774193546,31,5001,TRANCO DE BEAS
1965-04-01,8.128480000000023,9.457003239775744,1.3285232397757218,458.55,30,5001,TRANCO DE BEAS
1965-05-01,6.167360000000001,8.135600924737268,1.968240924737267,446.51612903225805,31,5001,TRANCO DE BEAS
1965-06-01,3.455520000000014,5.891164246250126,2.4356442462501118,402.53,30,5001,TRANCO DE BEAS
1965-07-01,3.3667199999999804,6.019399081071695,2.652679081071715,341.7967741935484,31,5001,TRANCO DE BEAS
1965-08-01,2.543519999999981,4.687112230410479,2.1435922304104986,281.56774193548387,31,5001,TRANCO DE BEAS
1965-09-01,8.505600000000019,9.854773492662089,1.3491734926620704,252.0366666666667,30,5001,TRANCO DE BEAS
1965-10-01,4.522495999999994,5.327036627707409,0.8045406277074149,255.78387096774193,31,5001,TRANCO DE BEAS
1965-11-01,17.69999999999999,18.14824792116535,0.44824792116536005,264.87666666666667,30,5001,TRANCO DE BEAS
1965-12-01,41.04649600000001,41.37780040068444,0.33130440068443245,294.4,31,5001,TRANCO DE BEAS
1966-01-01,153.78252800000004,154.15850082109498,0.3759728210949494,356.6,31,5001,TRANCO DE BEAS
1966-02-01,88.108096,88.6914049334171,0.583308933417099,402.07142857142856,28,5001,TRANCO DE BEAS
1966-03-01,43.32959999999998,44.335307545916756,1.0057075459167768,393.8322580645161,31,5001,TRANCO DE BEAS
1966-04-01,45.66288000000001,46.90819520668983,1.2453152066898192,416.2566666666667,30,5001,TRANCO DE BEAS
1966-05-01,13.437919999999977,15.406836569150387,1.9689165691504098,446.7129032258065,31,5001,TRANCO DE BEAS
1966-06-01,6.034688000000012,8.667054951743355,2.632366951743343,452.1766666666666,30,5001,TRANCO DE BEAS
1966-07-01,3.148992000000013,6.243452929505714,3.094460929505701,430.44193548387096,31,5001,TRANCO DE BEAS
1966-08-01,2.11763199999998,4.79584444577365,2.6782124457736693,393.0741935483871,31,5001,TRANCO DE BEAS
1966-09-01,4.777536000000001,6.487439222155829,1.7099032221558272,359.60999999999996,30,5001,TRANCO DE BEAS
1966-10-01,8.08752,9.091872350250622,1.0043523502506224,356.7645161290323,31,5001,TRANCO DE BEAS
1966-11-01,5.335328000000011,5.888886726043428,0.5535587260434167,363.47333333333336,30,5001,TRANCO DE BEAS
1966-12-01,6.770368000000023,7.154481413091619,0.384113413091596,367.4451612903226,31,5001,TRANCO DE BEAS
1967-01-01,8.48736,8.874186598226345,0.38682659822634513,371.3451612903226,31,5001,TRANCO DE BEAS
1967-02-01,22.76278399999998,23.325850337242997,0.5630663372430208,381.3464285714286,28,5001,TRANCO DE BEAS
1967-03-01,19.837248000000024,20.863866732511106,1.026618732511085,406.18387096774194,31,5001,TRANCO DE BEAS
1967-04-01,10.232767999999966,11.477850977731926,1.2450829777319585,416.0366666666667,30,5001,TRANCO DE BEAS
1967-05-01,6.984512000000024,8.869980530186396,1.8854685301863725,418.61290322580646,31,5001,TRANCO DE BEAS
1967-06-01,4.6241599999999785,7.0843103239685075,2.460150323968529,408.5466666666667,30,5001,TRANCO DE BEAS
1967-07-01,1.4262400000000366,4.284152982921491,2.8579129829214542,382.0806451612903,31,5001,TRANCO DE BEAS
1967-08-01,0.9282559999999569,3.2969074558774096,2.368651455877453,327.04193548387093,31,5001,TRANCO DE BEAS
1967-09-01,0.917888000000047,2.3660905465830955,1.4482025465830486,280.3233333333334,30,5001,TRANCO DE BEAS
1967-10-01,1.9044480000000006,2.721220157556662,0.8167721575566614,261.641935483871,31,5001,TRANCO DE BEAS
1967-11-01,3.7414720000000004,4.18198504255444,0.4405130425544397,258.0266666666667,30,5001,TRANCO DE BEAS
1967-12-01,3.1594239999999663,3.4638862206735963,0.3044622206736303,259.3,31,5001,TRANCO DE BEAS
1968-01-01,2.272736,2.5759593598167805,0.3032233598167801,257.7193548387097,31,5001,TRANCO DE BEAS
1968-02-01,11.482848000000034,11.933883632134782,0.4510356321347475,259.36896551724135,29,5001,TRANCO DE BEAS
1968-03-01,19.40608,20.206408717260672,0.8003287172606712,279.583870967742,31,5001,TRANCO DE BEAS
1968-04-01,18.31231999999999,19.3019562781423,0.9896362781423114,294.8333333333333,30,5001,TRANCO DE BEAS
1968-05-01,5.075263999999978,6.60381049306747,1.528546493067492,305.56451612903226,31,5001,TRANCO DE BEAS
1968-06-01,4.212928000000025,6.147355901017009,1.9344279010169845,284.9133333333333,30,5001,TRANCO DE BEAS
1968-07-01,0.8907839999999914,2.981436234644587,2.0906522346445953,239.16451612903228,31,5001,TRANCO DE BEAS
1968-08-01,0.4930239999999968,2.1314460507981243,1.6384220507981275,188.28709677419354,31,5001,TRANCO DE BEAS
1968-09-01,1.3082240000000187,2.225468060559953,0.9172440605599343,141.37333333333333,30,5001,TRANCO DE BEAS
1968-10-01,1.0441599999999949,1.5246605846199548,0.48050058461995976,118.1,31,5001,TRANCO DE BEAS
1968-11-01,8.199999999999989,8.459891069532121,0.2598910695321316,116.93666666666667,30,5001,TRANCO DE BEAS
1968-12-01,46.400000000000006,46.60135992111724,0.20135992111723555,139.8774193548387,31,5001,TRANCO DE BEAS
1969-01-01,103.69999999999999,103.96846570405079,0.2684657040507925,216.18064516129033,31,5001,TRANCO DE BEAS
1969-02-01,39.53888000000001,40.002671373546605,0.46379137354659,285.11785714285713,28,5001,TRANCO DE BEAS
1969-03-01,132.90864000000002,133.87064483708454,0.9620048370845352,369.39677419354837,31,5001,TRANCO DE BEAS
1969-04-01,28.995583999999965,30.292948990599335,1.2973649905993696,442.52333333333337,30,5001,TRANCO DE BEAS
1969-05-01,26.769632000000044,28.80614234227382,2.0365103422737727,469.9258064516129,31,5001,TRANCO DE BEAS
1969-06-01,7.399103999999967,10.129816242724639,2.730712242724673,477.75333333333333,30,5001,TRANCO DE BEAS
1969-07-01,2.701728000000024,5.931120240289867,3.229392240289843,458.88709677419354,31,5001,TRANCO DE BEAS
1969-08-01,3.9244800000000133,6.708142506523581,2.783662506523568,416.5,31,5001,TRANCO DE BEAS
1969-09-01,3.817695999999968,5.6021449282811515,1.7844489282811835,383.39000000000004,30,5001,TRANCO DE BEAS
1969-10-01,5.067488000000035,6.091935207300367,1.024447207300333,367.5225806451613,31,5001,TRANCO DE BEAS
1969-11-01,7.606047999999989,8.165665640513756,0.5596176405137677,369.4566666666667,30,5001,TRANCO DE BEAS
1969-12-01,10.325856000000012,10.710738018771153,0.3848820187711409,368.5483870967742,31,5001,TRANCO DE BEAS
1970-01-01,98.32064,98.73801146351559,0.41737146351559956,416.40645161290325,31,5001,TRANCO DE BEAS
1970-02-01,16.438431999999978,17.038736778409532,0.6003047784095533,419.7964285714285,28,5001,TRANCO DE BEAS
1970-03-01,15.361567999999988,16.400675643512535,1.0391076435125477,413.60967741935485,31,5001,TRANCO DE BEAS
1970-04-01,17.071936000000033,18.34929281556423,1.2773568155641952,432.3233333333334,30,5001,TRANCO DE BEAS
1970-05-01,8.06783999999999,10.017049508982668,1.9492095089826789,440.0193548387097,31,5001,TRANCO DE BEAS
1970-06-01,2.939904000000012,5.503042469867047,2.5631384698670354,434.4566666666667,30,5001,TRANCO DE BEAS
1970-07-01,3.3835199999999785,6.401955610586522,3.0184356105865433,414.68064516129033,31,5001,TRANCO DE BEAS
1970-08-01,2.31398399999999,4.928457233906447,2.614473233906457,379.11290322580646,31,5001,TRANCO DE BEAS
1970-09-01,1.2714880000000008,2.9482525582375327,1.676764558237532,349.21,30,5001,TRANCO DE BEAS
1970-10-01,1.8714880000000116,2.8372812247669987,0.9657932247669873,336.416129032258,31,5001,TRANCO DE BEAS
1970-11-01,2.0808640000000347,2.599566005215083,0.5187020052150483,329.69,30,5001,TRANCO DE BEAS
1970-12-01,2.4570559999999895,2.8083749941263174,0.35131899412632794,321.40967741935486,31,5001,TRANCO DE BEAS
1971-01-01,31.178079999999966,31.531172595199088,0.35309259519912073,323.90645161290325,31,5001,TRANCO DE BEAS
1971-02-01,9.900288,10.431191460655986,0.5309034606559869,349.12142857142857,28,5001,TRANCO DE BEAS
1971-03-01,26.16518400000001,27.111383864167557,0.946199864167546,359.416129032258,31,5001,TRANCO DE BEAS
1971-04-01,50.60521600000001,51.81844793297182,1.213231932971808,400.2433333333333,30,5001,TRANCO DE BEAS
1971-05-01,74.01772799999999,76.00453000106269,1.9868020010626968,452.9129032258064,31,5001,TRANCO DE BEAS
1971-06-01,47.19679999999999,49.98195458160845,2.7851545816084546,492.10999999999996,30,5001,TRANCO DE BEAS
1971-07-01,10.904576000000002,14.207444052867318,3.302868052867317,474.64516129032256,31,5001,TRANCO DE BEAS
1971-08-01,5.925056000000048,8.79611344908003,2.871057449079982,436.26129032258063,31,5001,TRANCO DE BEAS
1971-09-01,4.9549439999999905,6.805533138446665,1.8505891384466748,404.8933333333333,30,5001,TRANCO DE BEAS
1971-10-01,3.8416640000000015,4.8916308954836,1.0499668954835986,381.35161290322577,31,5001,TRANCO DE BEAS
1971-11-01,3.589727999999989,4.155180784662508,0.5654527846625191,375.25,30,5001,TRANCO DE BEAS
1971-12-01,7.892127999999977,8.283951779097553,0.3918237790975762,378.56451612903226,31,5001,TRANCO DE BEAS
1972-01-01,22.155712000000022,22.556472684675363,0.40076068467533926,391.6064516129032,31,5001,TRANCO DE BEAS
1972-02-01,77.603008,78.23985860223209,0.6368506022320946,435.31724137931036,29,5001,TRANCO DE BEAS
1972-03-01,80.93641599999998,82.08408557386335,1.1476695738633713,480.1225806451613,31,5001,TRANCO DE BEAS
1972-04-01,29.153152000000045,30.531525232149207,1.3783732321491615,484.6,30,5001,TRANCO DE BEAS
1972-05-01,37.92684799999999,40.02954426796264,2.102696267962655,493.0032258064516,31,5001,TRANCO DE BEAS
1972-06-01,12.480863999999979,15.241205096050404,2.7603410960504258,485.55333333333334,30,5001,TRANCO DE BEAS
1972-07-01,9.379488000000038,12.601101065095603,3.2216130650955663,457.241935483871,31,5001,TRANCO DE BEAS
1972-08-01,6.482975999999992,9.266134637376283,2.783158637376291,416.40645161290325,31,5001,TRANCO DE BEAS
1972-09-01,5.42515199999999,7.196853620207448,1.7717016202074576,379.27666666666664,30,5001,TRANCO DE BEAS
1972-10-01,5.4724799999999885,6.503994946159982,1.0315149461599933,371.3322580645161,31,5001,TRANCO DE BEAS
1972-11-01,6.7707200000000345,7.335009986932868,0.564289986932834,374.0933333333333,30,5001,TRANCO DE BEAS
1972-12-01,6.022815999999966,6.413027368075928,0.3902113680759621,376.22903225806454,31,5001,TRANCO DE BEAS
1973-01-01,21.995616000000023,22.391549939700273,0.3959339397002496,384.56129032258065,31,5001,TRANCO DE BEAS
1973-02-01,13.018400000000012,13.601687240319654,0.5832872403196417,402.0464285714285,28,5001,TRANCO DE BEAS
1973-03-01,17.843135999999976,18.884151974309006,1.0410159743090301,414.7483870967742,31,5001,TRANCO DE BEAS
1973-04-01,12.820511999999978,14.083417172135851,1.2629051721358728,425.0,30,5001,TRANCO DE BEAS
1973-05-01,4.795840000000023,6.672124182066957,1.876284182066934,415.56451612903226,31,5001,TRANCO DE BEAS
1973-06-01,3.7235520000000006,6.153458683193377,2.4299066831933764,401.0366666666667,30,5001,TRANCO DE BEAS
1973-07-01,1.6355199999999794,4.434804831903328,2.799284831903348,370.3709677419355,31,5001,TRANCO DE BEAS
1973-08-01,0.2328960000000484,2.6038157532997475,2.370919753299699,327.43225806451613,31,5001,TRANCO DE BEAS
1973-09-01,0.15177599999997854,1.6373690236730438,1.4855930236730654,291.24,30,5001,TRANCO DE BEAS
1973-10-01,3.591871999999978,4.431123778087526,0.8392517780875478,272.5258064516129,31,5001,TRANCO DE BEAS
1973-11-01,0.35536000000000006,0.8062905268607964,0.4509305268607964,267.2333333333333,30,5001,TRANCO DE BEAS
1973-12-01,4.854016000000034,5.164558322462176,0.31054232246214103,267.1064516129032,31,5001,TRANCO DE BEAS
1974-01-01,9.452831999999965,9.767468620291076,0.31463662029111095,272.40967741935486,31,5001,TRANCO DE BEAS
1974-02-01,28.823744000000012,29.289450844282882,0.46570684428286957,286.87857142857143,28,5001,TRANCO DE BEAS
1974-03-01,24.380096000000023,25.23739993360365,0.8573039336036294,309.9709677419355,31,5001,TRANCO DE BEAS
1974-04-01,40.62246399999998,41.70785098701502,1.0853869870150405,338.6766666666666,30,5001,TRANCO DE BEAS
1974-05-01,37.434528000000036,39.22240159276168,1.787873592761643,386.56129032258065,31,5001,TRANCO DE BEAS
1974-06-01,5.236863999999989,7.606443555081015,2.369579555081026,386.19,30,5001,TRANCO DE BEAS
1974-07-01,2.2914239999999793,5.053285169350213,2.761861169350233,362.9516129032258,31,5001,TRANCO DE BEAS
1974-08-01,2.344192000000002,4.699248234648868,2.355056234648866,324.158064516129,31,5001,TRANCO DE BEAS
1974-09-01,2.131872000000002,3.58570452210815,1.4538325221081472,281.97666666666663,30,5001,TRANCO DE BEAS
1974-10-01,3.640671999999989,4.464063701132727,0.8233917011327385,264.8258064516129,31,5001,TRANCO DE BEAS
1974-11-01,0.7648000000000454,1.2122552818993904,0.44745528189934486,264.15,30,5001,TRANCO DE BEAS
1974-12-01,0.018367999999977278,0.32694741828537865,0.30857941828540136,264.57741935483875,31,5001,TRANCO DE BEAS
1975-01-01,3.8999999999999773,4.209603073893332,0.3096030738933541,265.89677419354837,31,5001,TRANCO DE BEAS
1975-02-01,7.5,7.9488540792814995,0.4488540792815,271.4035714285714,28,5001,TRANCO DE BEAS
1975-03-01,35.15446400000005,35.97533029774801,0.820866297747966,290.4774193548387,31,5001,TRANCO DE BEAS
1975-04-01,16.651039999999956,17.693646355236535,1.0426063552365796,318.8066666666667,30,5001,TRANCO DE BEAS
1975-05-01,14.305888000000035,15.890975163254195,1.5850871632541599,322.6774193548387,31,5001,TRANCO DE BEAS
1975-06-01,14.026688000000012,16.102661703086767,2.0759737030867544,316.69,30,5001,TRANCO DE BEAS
1975-07-01,1.4558399999999747,3.767681574208392,2.311841574208417,278.07096774193553,31,5001,TRANCO DE BEAS
1975-08-01,1.185760000000014,3.026071205871417,1.840311205871403,224.03548387096777,31,5001,TRANCO DE BEAS
1975-09-01,0.8922560000000029,1.9619849339518531,1.0697289339518503,178.04,30,5001,TRANCO DE BEAS
1975-10-01,2.2664959999999956,2.8091224338036502,0.5426264338036545,141.73870967741937,31,5001,TRANCO DE BEAS
1975-11-01,0.6126399999999886,0.893994823787768,0.2813548237877793,131.70666666666665,30,5001,TRANCO DE BEAS
1975-12-01,0.23136000000001705,0.42505222101737083,0.19369222101735378,131.57419354838711,31,5001,TRANCO DE BEAS
1976-01-01,0.9292800000000058,1.122509696553011,0.19322969655300523,131.1032258064516,31,5001,TRANCO DE BEAS
1976-02-01,11.134015999999994,11.426059625542935,0.29204362554294033,135.13793103448276,29,5001,TRANCO DE BEAS
1976-03-01,7.012223999999989,7.515444098441987,0.503220098441998,139.39032258064518,31,5001,TRANCO DE BEAS
1976-04-01,17.90140800000001,18.51688028939354,0.6154722893935268,144.61666666666667,30,5001,TRANCO DE BEAS
1976-05-01,15.987935999999996,16.97671874517048,0.9887827451704846,158.98709677419356,31,5001,TRANCO DE BEAS
1976-06-01,8.098240000000011,9.170382377015953,1.0721423770159408,118.44333333333334,30,5001,TRANCO DE BEAS
1976-07-01,7.873503999999994,8.710133078572103,0.8366290785721083,60.667741935483875,31,5001,TRANCO DE BEAS
1976-08-01,2.211520000000006,2.7169528821274924,0.5054328821274866,32.541935483870965,31,5001,TRANCO DE BEAS
1976-09-01,3.296159999999999,3.5220807059609585,0.22592070596095906,17.323333333333334,30,5001,TRANCO DE BEAS
1976-10-01,13.872608,14.010030500199225,0.13742250019922614,18.19677419354839,31,5001,TRANCO DE BEAS
1976-11-01,25.4,25.529965804326277,0.12996580432628058,41.71,30,5001,TRANCO DE BEAS
1976-12-01,113.8,113.99168925358543,0.19168925358543396,131.33548387096775,31,5001,TRANCO DE BEAS
1977-01-01,78.20000000000002,78.45843329796627,0.2584332979662489,203.17741935483872,31,5001,TRANCO DE BEAS
1977-02-01,123.69999999999999,124.18849974077838,0.48849974077839137,308.8535714285714,28,5001,TRANCO DE BEAS
1977-03-01,35.21983999999998,36.21483255158798,0.9949925515880019,387.5806451612903,31,5001,TRANCO DE BEAS
1977-04-01,10.800000000000011,12.02932081565884,1.2293208156588291,408.1633333333333,30,5001,TRANCO DE BEAS
1977-05-01,10.60502399999999,12.483249200006185,1.8782252000061967,416.2064516129032,31,5001,TRANCO DE BEAS
1977-06-01,4.086592000000012,6.576169366918378,2.489577366918365,415.89000000000004,30,5001,TRANCO DE BEAS
1977-07-01,0.37744000000002387,3.312236055714985,2.934796055714961,397.5483870967742,31,5001,TRANCO DE BEAS
1977-08-01,0.21897599999996742,2.797253170086934,2.5782771700869667,371.2483870967742,31,5001,TRANCO DE BEAS
1977-09-01,0.4319680000000466,2.1078009883826585,1.6758329883826122,348.9066666666667,30,5001,TRANCO DE BEAS
1977-10-01,0.8397439999999661,1.813566871929776,0.9738228719298099,340.6193548387096,31,5001,TRANCO DE BEAS
1977-11-01,1.400000000000034,1.9305484201228995,0.5305484201228654,341.0466666666667,30,5001,TRANCO DE BEAS
1977-12-01,17.579423999999964,17.952753301699385,0.3733293016994199,352.1,31,5001,TRANCO DE BEAS
1978-01-01,15.356960000000035,15.736167533071601,0.37920753307156635,360.43225806451613,31,5001,TRANCO DE BEAS
1978-02-01,45.11017599999995,45.68159896085037,0.571422960850419,389.87857142857143,28,5001,TRANCO DE BEAS
1978-03-01,68.076128,69.16822740869137,1.092099408691358,445.6741935483871,31,5001,TRANCO DE BEAS
1978-04-01,51.670624000000025,53.04331091451835,1.3726869145183298,481.62,30,5001,TRANCO DE BEAS
1978-05-01,63.593856000000024,65.70199458357084,2.108138583570808,494.9193548387097,31,5001,TRANCO DE BEAS
1978-06-01,20.37375999999998,23.177299636966467,2.803539636966489,496.99,30,5001,TRANCO DE BEAS
1978-07-01,6.000832000000012,9.33810127557489,3.337269275574877,482.06451612903226,31,5001,TRANCO DE BEAS
1978-08-01,1.7988160000000017,4.719975052228381,2.9211590522283797,447.7161290322581,31,5001,TRANCO DE BEAS
1978-09-01,0.9958719999999894,2.9003538834568694,1.9044818834568802,422.7,30,5001,TRANCO DE BEAS
1978-10-01,1.3498880000000117,2.449212511882233,1.0993245118822212,408.5451612903226,31,5001,TRANCO DE BEAS
1978-11-01,2.9193279999999775,3.515597074327249,0.5962690743272712,406.34000000000003,30,5001,TRANCO DE BEAS
1978-12-01,12.079328000000011,12.492904051089194,0.41357605108918283,410.5258064516129,31,5001,TRANCO DE BEAS
1979-01-01,54.295264,54.721823001863356,0.42655900186335777,430.0064516129033,31,5001,TRANCO DE BEAS
1979-02-01,107.264576,107.86973270837107,0.6051567083710626,424.88571428571424,28,5001,TRANCO DE BEAS
1979-03-01,61.972831999999975,63.06469631470332,1.0918643147033396,445.5806451612903,31,5001,TRANCO DE BEAS
1979-04-01,61.18243200000005,62.55572791128934,1.3732959112892924,481.93,30,5001,TRANCO DE BEAS
1979-05-01,17.599743999999955,19.70673979131467,2.1069957913147177,494.51612903225805,31,5001,TRANCO DE BEAS
1979-06-01,7.410144000000024,10.192267250476029,2.782123250476004,491.31,30,5001,TRANCO DE BEAS
1979-07-01,4.996863999999991,8.293481047186305,3.2966170471863143,473.2741935483871,31,5001,TRANCO DE BEAS
1979-08-01,0.6014720000000252,3.4904070567083045,2.888935056708279,440.34838709677416,31,5001,TRANCO DE BEAS
1979-09-01,3.30975999999999,5.179256096050717,1.8694960960507268,411.10333333333335,30,5001,TRANCO DE BEAS
1979-10-01,6.625311999999989,7.714383867272821,1.0890718672728323,402.841935483871,31,5001,TRANCO DE BEAS
1979-11-01,15.001760000000022,15.60123604600177,0.5994760460017464,409.63666666666666,30,5001,TRANCO DE BEAS
1979-12-01,7.344159999999966,7.7638557484476864,0.4196957484477201,419.6677419354839,31,5001,TRANCO DE BEAS
1980-01-01,11.182816,11.609203130941822,0.426387130941822,429.7451612903226,31,5001,TRANCO DE BEAS
1980-02-01,7.6372800000000005,8.275536903962234,0.6382569039622341,436.59999999999997,29,5001,TRANCO DE BEAS
1980-03-01,21.732704000000034,22.82912411711539,1.0964201171153558,448.3032258064516,31,5001,TRANCO DE BEAS
1980-04-01,8.440511999999991,9.74815000033475,1.3076380003347596,447.7966666666667,30,5001,TRANCO DE BEAS
1980-05-01,51.46224000000001,53.48138333350286,2.0191433335028535,463.9935483870967,31,5001,TRANCO DE BEAS
1980-06-01,5.590496000000002,8.212481425517034,2.6219854255170314,449.5566666666667,30,5001,TRANCO DE BEAS
1980-07-01,0.05129599999999401,2.9600933751672036,2.9087973751672096,392.4225806451613,31,5001,TRANCO DE BEAS
1980-08-01,1.1323519999999816,3.483862776479392,2.3515107764794108,323.51290322580644,31,5001,TRANCO DE BEAS
1980-09-01,1.074496000000012,2.514059260749048,1.439563260749036,277.8066666666667,30,5001,TRANCO DE BEAS
1980-10-01,0.9951999999999888,1.8209571107376166,0.8257571107376277,265.96774193548384,31,5001,TRANCO DE BEAS
1980-11-01,2.7217600000000455,3.1718272750543113,0.45006727505426575,266.46666666666664,30,5001,TRANCO DE BEAS
1980-12-01,18.923359999999953,19.235854172231146,0.3124941722311939,269.6645161290323,31,5001,TRANCO DE BEAS
1981-01-01,2.9441920000000117,3.266774958798821,0.3225829587988094,282.7903225806452,31,5001,TRANCO DE BEAS
1981-02-01,1.5,1.9626157498346328,0.46261574983463294,283.975,28,5001,TRANCO DE BEAS
1981-03-01,4.361568000000001,5.1662233010380785,0.8046553010380773,281.85483870967744,31,5001,TRANCO DE BEAS
1981-04-01,13.182176000000023,14.119867693365237,0.937691693365212,271.91,30,5001,TRANCO DE BEAS
1981-05-01,5.572511999999985,6.967914242166818,1.3954022421668328,266.5516129032258,31,5001,TRANCO DE BEAS
1981-06-01,0.9490240000000133,2.58356775065925,1.6345437506592364,221.63,30,5001,TRANCO DE BEAS
1981-07-01,0.09727999999999493,1.6406095320364562,1.5433295320364613,151.9516129032258,31,5001,TRANCO DE BEAS
1981-08-01,2.7735040000000053,3.7465925119595287,0.9730885119595231,86.59354838709677,31,5001,TRANCO DE BEAS
1981-09-01,2.1100160000000043,2.594666099964731,0.48465009996472697,54.35,30,5001,TRANCO DE BEAS
1981-10-01,0.19999999999999574,0.46464332200682446,0.2646433220068287,48.25483870967742,31,5001,TRANCO DE BEAS
1981-11-01,0.0,0.14434868576892476,0.14434868576892476,48.4,30,5001,TRANCO DE BEAS
1981-12-01,58.979744,59.096463427956664,0.11671942795666893,62.593548387096774,31,5001,TRANCO DE BEAS
1982-01-01,33.60000000000001,33.78953692241,0.18953692240999223,127.48387096774194,31,5001,TRANCO DE BEAS
1982-02-01,13.199999999999989,13.495871638149488,0.2958716381494998,145.2607142857143,28,5001,TRANCO DE BEAS
1982-03-01,10.300000000000011,10.852847428548696,0.5528474285486837,160.51612903225808,31,5001,TRANCO DE BEAS
1982-04-01,7.5,8.179887545885714,0.6798875458857143,167.88,30,5001,TRANCO DE BEAS
1982-05-01,8.15795199999999,9.148146314039504,0.9901943140395136,159.40967741935484,31,5001,TRANCO DE BEAS
1982-06-01,6.724352000000005,7.849139408760852,1.1247874087608467,126.45,30,5001,TRANCO DE BEAS
1982-07-01,7.370784000000003,8.432219642878254,1.0614356428782508,86.72258064516129,31,5001,TRANCO DE BEAS
1982-08-01,7.909088000000006,8.583095281898746,0.6740072818987397,49.903225806451616,31,5001,TRANCO DE BEAS
1982-09-01,13.652064000000003,13.942598422365702,0.2905344223656994,25.303333333333335,30,5001,TRANCO DE BEAS
1982-10-01,3.712987199999998,3.8563039557210304,0.1433167557210325,19.243548387096773,31,5001,TRANCO DE BEAS
1982-11-01,16.873000000000005,16.968425062493974,0.09542506249397041,26.100733333333334,30,5001,TRANCO DE BEAS
1982-12-01,24.302,24.40262949925463,0.10062949925463013,49.46664516129032,31,5001,TRANCO DE BEAS
1983-01-01,15.328000000000003,15.45683267837126,0.12883267837125761,71.41845161290321,31,5001,TRANCO DE BEAS
1983-02-01,8.791999999999987,8.995091493090353,0.20309149309036534,82.6145,28,5001,TRANCO DE BEAS
1983-03-01,9.406000000000006,9.785816683773872,0.37981668377386685,91.41341935483871,31,5001,TRANCO DE BEAS
1983-04-01,11.037999999999997,11.52381784045264,0.4858178404526426,101.41619999999999,30,5001,TRANCO DE BEAS
1983-05-01,8.590006400000002,9.364537111110646,0.7745307111106443,110.22280645161291,31,5001,TRANCO DE BEAS
1983-06-01,6.742822399999996,7.636617799213963,0.8937953992139666,89.61126666666668,30,5001,TRANCO DE BEAS
1983-07-01,4.886921600000007,5.733948003961878,0.8470264039618707,61.82303225806452,31,5001,TRANCO DE BEAS
1983-08-01,6.1873040000000055,6.710516484018754,0.523212484018749,34.27164516129032,31,5001,TRANCO DE BEAS
1983-09-01,4.0980799999999995,4.2847847004225175,0.18670470042251774,13.070366666666667,30,5001,TRANCO DE BEAS
1983-10-01,2.327,2.436965053445127,0.1099650534451267,12.930612903225805,31,5001,TRANCO DE BEAS
1983-11-01,9.0,9.070481370149496,0.07048137014949649,16.5857,30,5001,TRANCO DE BEAS
1983-12-01,28.836,28.913107484065623,0.07710748406562543,33.62058064516129,31,5001,TRANCO DE BEAS
1984-01-01,23.28,23.396325872733573,0.1163258727335707,61.369,31,5001,TRANCO DE BEAS
1984-02-01,12.298000000000002,12.507917630297742,0.20991763029773935,82.37262068965518,29,5001,TRANCO DE BEAS
1984-03-01,41.025999999999996,41.42507682761628,0.39907682761628643,98.66438709677419,31,5001,TRANCO DE BEAS
1984-04-01,42.84800000000001,43.50306777896451,0.6550677789644912,158.87736666666666,30,5001,TRANCO DE BEAS
1984-05-01,74.572,75.73581569522649,1.163815695226489,203.42551612903225,31,5001,TRANCO DE BEAS
1984-06-01,26.567099200000005,28.38130703074644,1.8142078307464355,258.72616666666664,30,5001,TRANCO DE BEAS
1984-07-01,6.947798399999979,9.046504591969603,2.098706191969624,240.4654193548387,31,5001,TRANCO DE BEAS
1984-08-01,4.571059200000012,6.310990358573837,1.7399311585738246,205.87190322580648,31,5001,TRANCO DE BEAS
1984-09-01,3.67889279999999,4.73510817423181,1.0562153742318192,174.63613333333333,30,5001,TRANCO DE BEAS
1984-10-01,4.167983999999994,4.763519169223769,0.595535169223774,162.89729032258063,31,5001,TRANCO DE BEAS
1984-11-01,48.68700000000001,49.039097707783895,0.35209770778388255,184.72293333333334,30,5001,TRANCO DE BEAS
1984-12-01,22.488,22.76731266089236,0.27931266089236245,227.8742580645161,31,5001,TRANCO DE BEAS
1985-01-01,31.6550544,31.95069926106528,0.295644861065281,248.18206451612903,31,5001,TRANCO DE BEAS
1985-02-01,75.78800000000001,76.2758246644418,0.4878246644417867,307.9991785714286,28,5001,TRANCO DE BEAS
1985-03-01,38.81999999999999,39.76443770629725,0.9444377062972606,358.4583225806452,31,5001,TRANCO DE BEAS
1985-04-01,23.125196799999987,24.304356047002383,1.1791592470023942,383.43483333333336,30,5001,TRANCO DE BEAS
1985-05-01,28.80101599999999,30.632843554801553,1.8318275548015641,400.8976774193548,31,5001,TRANCO DE BEAS
1985-06-01,8.443099200000013,10.810813471720596,2.367714271720583,385.78746666666666,30,5001,TRANCO DE BEAS
1985-07-01,1.9309744000000362,4.53594346035756,2.604969060357523,332.5845161290323,31,5001,TRANCO DE BEAS
1985-08-01,2.288787199999967,4.442131230154037,2.1533440301540696,283.3931935483871,31,5001,TRANCO DE BEAS
1985-09-01,2.913180800000017,4.273143977361732,1.3599631773617153,255.09286666666668,30,5001,TRANCO DE BEAS
1985-10-01,3.4729856000000088,4.258218076587064,0.7852324765870554,246.63106451612904,31,5001,TRANCO DE BEAS
1985-11-01,6.21599999999998,6.64841394664933,0.4324139466493501,250.94496666666666,30,5001,TRANCO DE BEAS
1985-12-01,10.43002880000001,10.733575679180062,0.3035468791800517,258.1358064516129,31,5001,TRANCO DE BEAS
1986-01-01,33.919984,34.244265034207274,0.3242810342072741,285.0594838709677,31,5001,TRANCO DE BEAS
1986-02-01,97.308032,97.82294724279946,0.5149152427994599,334.03200000000004,28,5001,TRANCO DE BEAS
1986-03-01,34.10000960000002,35.14521532600998,1.0452057260099612,417.2815806451613,31,5001,TRANCO DE BEAS
1986-04-01,35.28800959999995,36.58914129752176,1.3011316975218077,444.4798,30,5001,TRANCO DE BEAS
1986-05-01,20.518067200000047,22.56163875271356,2.043571552713512,472.3588387096774,31,5001,TRANCO DE BEAS
1986-06-01,11.516107199999992,14.129880630485987,2.6137734304859963,447.46163333333334,30,5001,TRANCO DE BEAS
1986-07-01,0.8930847999999787,3.7221541326723213,2.8290693326723426,376.509064516129,31,5001,TRANCO DE BEAS
1986-08-01,0.08381280000001623,2.3227095183588773,2.2388967183588613,300.5453225806452,31,5001,TRANCO DE BEAS
1986-09-01,1.9298848000000062,3.305954705300572,1.3760699053005656,259.62966666666665,30,5001,TRANCO DE BEAS
1986-10-01,5.652883200000026,6.453946234604706,0.8010630346046795,254.1280322580645,31,5001,TRANCO DE BEAS
1986-11-01,4.083999999999946,4.525648491875244,0.4416484918752977,259.0258,30,5001,TRANCO DE BEAS
1986-12-01,4.3700000000000045,4.67746341656863,0.307463416568625,263.14451612903224,31,5001,TRANCO DE BEAS
1987-01-01,12.949000000000012,13.262510953929308,0.3135109539292945,270.95545161290323,31,5001,TRANCO DE BEAS
1987-02-01,44.91500000000002,45.39236208249513,0.47736208249511497,297.75964285714286,28,5001,TRANCO DE BEAS
1987-03-01,14.628999999999962,15.527230824031637,0.8982308240316746,332.4181935483871,31,5001,TRANCO DE BEAS
1987-04-01,15.932985600000023,17.035523644324957,1.1025380443249317,346.6886333333333,30,5001,TRANCO DE BEAS
1987-05-01,5.018905600000028,6.66018155496061,1.641275954960582,340.0612580645161,31,5001,TRANCO DE BEAS
1987-06-01,1.477334399999974,3.379179470162596,1.901845070162622,277.9511333333333,30,5001,TRANCO DE BEAS
1987-07-01,2.9750096000000106,4.842796451780771,1.8677868517807599,202.20254838709678,31,5001,TRANCO DE BEAS
1987-08-01,0.4881888000000001,1.7257197161172355,1.2375309161172354,124.13696774193549,31,5001,TRANCO DE BEAS
1987-09-01,0.9092560000000042,1.4730439890081963,0.5637879890081922,68.44856666666666,30,5001,TRANCO DE BEAS
1987-10-01,4.846976000000004,5.125311851651943,0.2783358516519384,52.05425806451613,31,5001,TRANCO DE BEAS
1987-11-01,6.391999999999996,6.554344532866553,0.16234453286655665,57.74,30,5001,TRANCO DE BEAS
1987-12-01,20.832,20.960194662122206,0.12819466212220657,71.0022258064516,31,5001,TRANCO DE BEAS
1988-01-01,30.054000000000002,30.207263910296486,0.15326391029648295,92.7131935483871,31,5001,TRANCO DE BEAS
1988-02-01,29.8610224,30.145692466279854,0.28467006627985497,130.11858620689654,29,5001,TRANCO DE BEAS
1988-03-01,10.690030400000005,11.202091362856422,0.5120609628564162,143.08912903225806,31,5001,TRANCO DE BEAS
1988-04-01,17.74600000000001,18.393925459520364,0.6479254595203546,156.21196666666668,30,5001,TRANCO DE BEAS
1988-05-01,21.247144,22.300918504855794,1.0537745048557967,174.95045161290324,31,5001,TRANCO DE BEAS
1988-06-01,9.753060799999997,11.114203557325974,1.361142757325978,168.14453333333333,30,5001,TRANCO DE BEAS
1988-07-01,5.184265600000002,6.68214878692373,1.497883186923729,145.2260322580645,31,5001,TRANCO DE BEAS
1988-08-01,6.361040000000003,7.4239007596371325,1.0628607596371291,98.40561290322582,31,5001,TRANCO DE BEAS
1988-09-01,4.107782399999995,4.706632063957655,0.5988496639576598,74.57273333333335,30,5001,TRANCO DE BEAS
1988-10-01,3.7789039999999945,4.113729989266302,0.33482598926630747,68.67448387096775,31,5001,TRANCO DE BEAS
1988-11-01,3.4140000000000015,3.602522770697762,0.1885227706977608,72.24140000000001,30,5001,TRANCO DE BEAS
1988-12-01,4.594000000000008,4.729704608823518,0.13570460882350918,77.16290322580646,31,5001,TRANCO DE BEAS
1989-01-01,1.6189999999999998,1.7572107746146106,0.13821077461461076,79.30812903225807,31,5001,TRANCO DE BEAS
1989-02-01,9.957999999999998,10.159365251557809,0.20136525155781113,81.56110714285714,28,5001,TRANCO DE BEAS
1989-03-01,9.92493439999999,10.319533083308682,0.3945986833086919,96.79651612903226,31,5001,TRANCO DE BEAS
1989-04-01,16.275968000000013,16.78247381488234,0.5065058148823258,107.98356666666668,30,5001,TRANCO DE BEAS
1989-05-01,11.740702399999991,12.531718867661818,0.7910164676618276,113.7638064516129,31,5001,TRANCO DE BEAS
1989-06-01,17.171968,18.137880537525046,0.9659125375250464,100.584,30,5001,TRANCO DE BEAS
1989-07-01,16.642289600000016,17.508828895367948,0.8665392953679314,64.13064516129032,31,5001,TRANCO DE BEAS
1989-08-01,7.287758399999997,7.807864117788278,0.5201057177882811,33.71822580645161,31,5001,TRANCO DE BEAS
1989-09-01,3.660999999999998,4.009160406645084,0.34816040664508646,33.04526666666667,30,5001,TRANCO DE BEAS
1989-10-01,2.136000000000003,2.351848581659816,0.21584858165981322,35.546290322580646,31,5001,TRANCO DE BEAS
1989-11-01,5.1330208,5.256674750838956,0.12365395083895682,38.3837,30,5001,TRANCO DE BEAS
1989-12-01,26.400020800000004,26.506310877114405,0.10629007711440114,53.75529032258064,31,5001,TRANCO DE BEAS
1990-01-01,12.679000000000002,12.812462321367763,0.1334623213677598,75.28451612903227,31,5001,TRANCO DE BEAS
1990-02-01,8.064999999999998,8.271806321501748,0.2068063215017494,84.88846428571428,28,5001,TRANCO DE BEAS
1990-03-01,6.113247999999996,6.488756487567072,0.3755084875670757,89.85216129032258,31,5001,TRANCO DE BEAS
1990-04-01,8.844208,9.301258212568262,0.4570502125682627,92.54033333333334,30,5001,TRANCO DE BEAS
1990-05-01,5.902921599999997,6.622235643261291,0.7193140432612937,98.64403225806453,31,5001,TRANCO DE BEAS
1990-06-01,4.339715200000012,5.258279355444102,0.9185641554440902,93.21900000000001,30,5001,TRANCO DE BEAS
1990-07-01,4.093215999999989,5.13333154750859,1.0401155475086012,83.88829032258064,31,5001,TRANCO DE BEAS
1990-08-01,4.689262400000002,5.5658807592713435,0.8766183592713412,73.61687096774193,31,5001,TRANCO DE BEAS
1990-09-01,4.230897600000002,4.768184830326111,0.5372872303261086,63.35816666666666,30,5001,TRANCO DE BEAS
1990-10-01,4.172582400000002,4.466119214873152,0.29353681487315,56.3723870967742,31,5001,TRANCO DE BEAS
1990-11-01,8.409000000000006,8.573713240042911,0.16471324004290497,59.009933333333336,30,5001,TRANCO DE BEAS
1990-12-01,8.777000000000001,8.903733900936134,0.12673390093613224,69.65312903225806,31,5001,TRANCO DE BEAS
1991-01-01,6.506,6.6414586197150856,0.13545861971508505,76.95883870967742,31,5001,TRANCO DE BEAS
1991-02-01,14.049999999999997,14.260185859821132,0.21018585982113375,86.99842857142858,28,5001,TRANCO DE BEAS
1991-03-01,51.193,51.66290029957801,0.4699002995780143,126.15241935483871,31,5001,TRANCO DE BEAS
1991-04-01,11.197951999999988,11.832655403771383,0.6347034037713949,151.43123333333332,30,5001,TRANCO DE BEAS
1991-05-01,6.299600000000007,7.255373245345809,0.9557732453458021,151.088,31,5001,TRANCO DE BEAS
1991-06-01,4.100644800000005,5.32358213337421,1.2229373333742057,143.19403333333332,30,5001,TRANCO DE BEAS
1991-07-01,3.4128687999999996,4.788572529899055,1.3757037298990555,127.6227741935484,31,5001,TRANCO DE BEAS
1991-08-01,4.902825600000005,6.027226247787399,1.1244006477873938,106.9625806451613,31,5001,TRANCO DE BEAS
1991-09-01,3.656132799999996,4.349118594932488,0.6929857949324922,92.78526666666667,30,5001,TRANCO DE BEAS
1991-10-01,3.7862639999999974,4.192693183490262,0.40642918349026447,91.84019354838709,31,5001,TRANCO DE BEAS
1991-11-01,3.663000000000011,3.888917092717707,0.22591709271769597,94.7675,30,5001,TRANCO DE BEAS
1991-12-01,5.685999999999993,5.847747506372429,0.16174750637243648,100.40954838709678,31,5001,TRANCO DE BEAS
1992-01-01,2.144999999999996,2.310577073275643,0.16557707327564705,103.9932258064516,31,5001,TRANCO DE BEAS
1992-02-01,3.528945600000009,3.7771977090272557,0.24825210902724665,105.90941379310345,29,5001,TRANCO DE BEAS
1992-03-01,4.753044799999996,5.183916359820756,0.43087155982076053,110.43896774193549,31,5001,TRANCO DE BEAS
1992-04-01,26.343000000000004,26.917196376480277,0.5741963764802727,130.37943333333334,30,5001,TRANCO DE BEAS
1992-05-01,6.512899200000005,7.396789113652221,0.8838899136522161,134.38229032258064,31,5001,TRANCO DE BEAS
1992-06-01,9.279884799999998,10.386185466542706,1.1063006665427095,123.2024,30,5001,TRANCO DE BEAS
1992-07-01,7.756081599999991,9.02640309116301,1.2703214911630196,113.29316129032259,31,5001,TRANCO DE BEAS
1992-08-01,7.772468800000015,8.754760044380804,0.9822912443807896,87.38619354838708,31,5001,TRANCO DE BEAS
1992-09-01,2.4409967999999993,3.039581251862529,0.5985844518625296,74.48033333333333,30,5001,TRANCO DE BEAS
1992-10-01,4.955268799999994,5.308890190198694,0.3536213901987011,74.5373870967742,31,5001,TRANCO DE BEAS
1992-11-01,3.6970000000000027,3.8972287907213246,0.20022879072132185,79.07289999999999,30,5001,TRANCO DE BEAS
1992-12-01,10.167999999999992,10.314658618531354,0.14665861853136086,86.70932258064516,31,5001,TRANCO DE BEAS
1993-01-01,4.01400000000001,4.16771921357141,0.15371921357139992,93.02622580645162,31,5001,TRANCO DE BEAS
1993-02-01,3.0489999999999924,3.2742332957149234,0.225233295714931,96.47257142857143,28,5001,TRANCO DE BEAS
1993-03-01,2.5050000000000097,2.9059952027478833,0.40099520274787337,99.15277419354838,31,5001,TRANCO DE BEAS
1993-04-01,3.7680000000000007,4.254975489173538,0.4869754891735373,101.76536666666667,30,5001,TRANCO DE BEAS
1993-05-01,14.46799999999999,15.254019353052493,0.7860193530525036,112.70509677419355,31,5001,TRANCO DE BEAS
1993-06-01,4.245203200000005,5.3296830048709385,1.084479804870933,119.5704,30,5001,TRANCO DE BEAS
1993-07-01,3.4632111999999964,4.7250968252083005,1.2618856252083037,112.09451612903226,31,5001,TRANCO DE BEAS
1993-08-01,2.490175999999998,3.5788431678402652,1.0886671678402668,101.86129032258064,31,5001,TRANCO DE BEAS
1993-09-01,1.9882000000000102,2.7049166138423613,0.7167166138423509,97.58380000000001,30,5001,TRANCO DE BEAS
1993-10-01,3.2470527999999894,3.6661822299151074,0.4191294299151179,96.17706451612904,31,5001,TRANCO DE BEAS
1993-11-01,3.0321680000000018,3.262054812924605,0.22988681292460353,97.27506666666666,30,5001,TRANCO DE BEAS
1993-12-01,2.695999999999998,2.85735798744803,0.16135798744803215,100.04429032258065,31,5001,TRANCO DE BEAS
1994-01-01,11.229000000000013,11.398267535428726,0.16926753542871206,107.51577419354838,31,5001,TRANCO DE BEAS
1994-02-01,13.375872000000001,13.63174042838516,0.25586842838516,116.82860714285714,28,5001,TRANCO DE BEAS
1994-03-01,11.169999999999987,11.654600402236182,0.4846004022361948,131.73696774193547,31,5001,TRANCO DE BEAS
1994-04-01,6.688046399999999,7.285278739648386,0.5972323396483866,138.21503333333334,30,5001,TRANCO DE BEAS
1994-05-01,5.140038400000017,6.066930741213486,0.9268923412134692,144.2888387096774,31,5001,TRANCO DE BEAS
1994-06-01,3.888993599999988,5.052554836027854,1.1635612360278658,133.01426666666666,30,5001,TRANCO DE BEAS
1994-07-01,4.436080000000006,5.596823580604343,1.1607435806043367,98.9744193548387,31,5001,TRANCO DE BEAS
1994-08-01,6.009726399999997,6.901096630635651,0.8913702306356538,75.59254838709678,31,5001,TRANCO DE BEAS
1994-09-01,5.025950400000006,5.498351100928312,0.47240070092830544,52.277233333333335,30,5001,TRANCO DE BEAS
1994-10-01,2.424964799999994,2.6747951370204905,0.24983033702049626,44.26258064516129,31,5001,TRANCO DE BEAS
1994-11-01,3.4720000000000013,3.614715703678023,0.1427157036780215,47.5849,30,5001,TRANCO DE BEAS
1994-12-01,1.6069999999999993,1.7084806198682463,0.10148061986824705,49.89796774193548,31,5001,TRANCO DE BEAS
1995-01-01,4.100999999999999,4.206384091972102,0.10538409197210247,52.80767741935484,31,5001,TRANCO DE BEAS
1995-02-01,4.014000000000003,4.172025788603623,0.15802578860361954,56.69892857142857,28,5001,TRANCO DE BEAS
1995-03-01,12.177,12.484853692268983,0.30785369226898185,66.74129032258064,31,5001,TRANCO DE BEAS
1995-04-01,2.3230000000000075,2.7097948829655047,0.3867948829654972,72.03739999999999,30,5001,TRANCO DE BEAS
1995-05-01,1.9599999999999937,2.555339347156654,0.5953393471566601,74.27367741935484,31,5001,TRANCO DE BEAS
1995-06-01,2.3402768000000034,3.1449729069422236,0.8046961069422199,76.42583333333333,30,5001,TRANCO DE BEAS
1995-07-01,1.2489567999999944,2.1613496660783604,0.9123928660783661,69.04196774193548,31,5001,TRANCO DE BEAS
1995-08-01,0.6445728000000036,1.4138702816832251,0.7692974816832214,60.50354838709678,31,5001,TRANCO DE BEAS
1995-09-01,1.1094768000000015,1.6316438069697856,0.5221670069697844,60.683,30,5001,TRANCO DE BEAS
1995-10-01,1.649404799999999,1.9592418443165647,0.3098370443165659,61.129387096774195,31,5001,TRANCO DE BEAS
1995-11-01,2.355423999999996,2.526020389114376,0.1705963891143803,62.184999999999995,30,5001,TRANCO DE BEAS
1995-12-01,35.7442064,35.869593088552804,0.1253866885527983,68.7276129032258,31,5001,TRANCO DE BEAS
1996-01-01,77.32199999999999,77.53264659592342,0.21064659592343174,149.81583870967742,31,5001,TRANCO DE BEAS
1996-02-01,67.86100000000002,68.26581418045059,0.4048141804505688,220.91189655172414,29,5001,TRANCO DE BEAS
1996-03-01,25.995000000000005,26.74790479094274,0.7529047909427344,255.1372258064516,31,5001,TRANCO DE BEAS
1996-04-01,22.104961599999996,23.06863007535706,0.9636684753570659,283.3052666666666,30,5001,TRANCO DE BEAS
1996-05-01,41.00399999999996,42.56285053600569,1.5588505360057263,314.7938064516129,31,5001,TRANCO DE BEAS
1996-06-01,8.736000000000047,10.899885327877211,2.163885327877165,337.0096666666667,30,5001,TRANCO DE BEAS
1996-07-01,4.575649599999966,7.190423658607598,2.6147740586076327,334.3508064516129,31,5001,TRANCO DE BEAS
1996-08-01,4.39797760000003,6.622263526914977,2.2242859269149466,297.49090322580645,31,5001,TRANCO DE BEAS
1996-09-01,6.243167999999986,7.686583417971488,1.443415417971503,278.89696666666663,30,5001,TRANCO DE BEAS
1996-10-01,4.810000000000002,5.669051554800559,0.8590515548005566,282.21522580645166,31,5001,TRANCO DE BEAS
1996-11-01,17.81099999999998,18.288940554854147,0.47794055485417,291.62056666666666,30,5001,TRANCO DE BEAS
1996-12-01,59.03800000000001,59.39249621263965,0.3544962126396388,325.9366451612903,31,5001,TRANCO DE BEAS
1997-01-01,90.92856960000003,91.33432596127551,0.40575636127548304,399.02603225806456,31,5001,TRANCO DE BEAS
1997-02-01,21.514108800000002,22.10628167644252,0.5921728764425197,411.2729642857143,28,5001,TRANCO DE BEAS
1997-03-01,10.350999999999999,11.408125168640158,1.0571251686401588,424.4096451612903,31,5001,TRANCO DE BEAS
1997-04-01,27.320020799999973,28.60439314593361,1.2843723459336391,435.9071,30,5001,TRANCO DE BEAS
1997-05-01,13.541016000000042,15.54542801200612,2.004412012006077,458.84651612903224,31,5001,TRANCO DE BEAS
1997-06-01,12.280308799999956,14.970881676619761,2.6905728766198043,467.2617,30,5001,TRANCO DE BEAS
1997-07-01,3.6652047999999953,6.790749882196887,3.125545082196892,436.95390322580647,31,5001,TRANCO DE BEAS
1997-08-01,2.5271696000000152,5.210224136661065,2.6830545366610496,394.14441935483876,31,5001,TRANCO DE BEAS
1997-09-01,3.4561744000000143,5.164686976710414,1.7085125767104004,359.17249999999996,30,5001,TRANCO DE BEAS
1997-10-01,5.035003200000027,6.03646055393752,1.0014573539374931,355.2211935483871,31,5001,TRANCO DE BEAS
1997-11-01,79.94704159999998,80.52765747871224,0.5806158787122625,390.66993333333335,30,5001,TRANCO DE BEAS
1997-12-01,54.7209552,55.13140260397389,0.4104474039738877,405.89441935483876,31,5001,TRANCO DE BEAS
1998-01-01,37.577112,37.988473096787516,0.4113610967875137,407.233,31,5001,TRANCO DE BEAS
1998-02-01,25.152712,25.75587150206824,0.6031595020682388,422.76625,28,5001,TRANCO DE BEAS
1998-03-01,11.666921599999984,12.729377238499724,1.0624556384997395,427.62196774193546,31,5001,TRANCO DE BEAS
1998-04-01,19.359144000000036,20.634850082367866,1.2757060823678297,431.47883333333334,30,5001,TRANCO DE BEAS
1998-05-01,28.3499664,30.32536815528425,1.9754017552842509,448.9426129032258,31,5001,TRANCO DE BEAS
1998-06-01,12.777251200000011,15.415002127211311,2.6377509272113007,453.57576666666665,30,5001,TRANCO DE BEAS
1998-07-01,3.8962128000000016,6.969536682774105,3.073323882774104,426.0161612903226,31,5001,TRANCO DE BEAS
1998-08-01,1.8823407999999646,4.614237223287924,2.7318964232879597,404.9002258064516,31,5001,TRANCO DE BEAS
1998-09-01,2.3156704000000166,4.117671546328618,1.802001146328602,389.0397333333333,30,5001,TRANCO DE BEAS
1998-10-01,5.1340000000000146,6.192598012332976,1.0585980123329615,386.05293548387095,31,5001,TRANCO DE BEAS
1998-11-01,3.6539999999999964,4.234499006586948,0.5804990065869516,390.3272666666666,30,5001,TRANCO DE BEAS
1998-12-01,4.139999999999986,4.542402045052501,0.4024020450525149,393.99725806451613,31,5001,TRANCO DE BEAS
1999-01-01,4.838966399999977,5.2443631844363034,0.4053967844363263,398.403935483871,31,5001,TRANCO DE BEAS
1999-02-01,5.305000000000007,5.889334919871711,0.5843349198717038,403.1281071428571,28,5001,TRANCO DE BEAS
1999-03-01,10.186451200000036,11.214809871575836,1.0283586715757995,407.2019677419355,31,5001,TRANCO DE BEAS
1999-04-01,7.272289599999988,8.478280686034626,1.205991086034638,396.63766666666663,30,5001,TRANCO DE BEAS
1999-05-01,4.519008000000012,6.2358133466851475,1.716805346685135,363.76248387096774,31,5001,TRANCO DE BEAS
1999-06-01,0.9058415999999667,2.9882178371903567,2.08237623719039,318.27840000000003,30,5001,TRANCO DE BEAS
1999-07-01,-1.7238895999999673,0.4347088036300728,2.15859840363004,251.05248387096776,31,5001,TRANCO DE BEAS
1999-08-01,-0.15799040000001374,1.46772464554864,1.6257150455486535,186.013,31,5001,TRANCO DE BEAS
1999-09-01,1.957190400000004,2.974216105037421,1.0170257050374172,164.95166666666668,30,5001,TRANCO DE BEAS
1999-10-01,8.4379216,9.040804634443859,0.6028830344438595,165.92712903225805,31,5001,TRANCO DE BEAS
1999-11-01,3.664999999999992,4.002806943937432,0.3378069439374401,173.27336666666667,30,5001,TRANCO DE BEAS
1999-12-01,21.164000000000016,21.40494690907444,0.24094690907442204,182.58883870967742,31,5001,TRANCO DE BEAS
2000-01-01,10.590000000000003,10.848757929921332,0.25875792992132773,203.1678064516129,31,5001,TRANCO DE BEAS
2000-02-01,4.482955199999998,4.873699835972727,0.39074463597272924,209.13727586206895,29,5001,TRANCO DE BEAS
2000-03-01,3.511052799999996,4.173604856791169,0.6625520567911726,210.58277419354837,31,5001,TRANCO DE BEAS
2000-04-01,19.015956799999987,19.82727289944284,0.8113160994428505,218.86736666666667,30,5001,TRANCO DE BEAS
2000-05-01,14.209918399999998,15.505920796317916,1.2960023963179181,238.5679677419355,31,5001,TRANCO DE BEAS
2000-06-01,3.6799664000000263,5.3232887319922835,1.6433223319922574,223.11103333333332,30,5001,TRANCO DE BEAS
2000-07-01,2.7939888000000006,4.543496173856489,1.7495073738564886,183.0800322580645,31,5001,TRANCO DE BEAS
2000-08-01,2.3078239999999974,3.7023888335337185,1.394564833533721,147.76312903225806,31,5001,TRANCO DE BEAS
2000-09-01,1.6099247999999982,2.4772407224154858,0.8673159224154878,129.9046,30,5001,TRANCO DE BEAS
2000-10-01,3.6890688000000034,4.19464316272324,0.5055743627232373,127.41854838709678,31,5001,TRANCO DE BEAS
2000-11-01,14.007000000000005,14.286612801043104,0.2796128010430983,130.5058,30,5001,TRANCO DE BEAS
2000-12-01,32.178,32.38749936570293,0.20949936570293187,148.06532258064516,31,5001,TRANCO DE BEAS
2001-01-01,83.201,83.4558269789815,0.25482697898151274,198.912,31,5001,TRANCO DE BEAS
2001-02-01,35.74600000000001,36.199891811438704,0.45389181143869156,276.03975,28,5001,TRANCO DE BEAS
2001-03-01,80.62099999999998,81.54430066152945,0.9233006615294664,346.7006774193548,31,5001,TRANCO DE BEAS
2001-04-01,13.342990400000014,14.513074198235158,1.170083798235143,379.02163333333334,30,5001,TRANCO DE BEAS
2001-05-01,11.005939199999977,12.790971437246458,1.7850322372464804,385.61503225806456,31,5001,TRANCO DE BEAS
2001-06-01,3.5110832000000203,5.82176169328539,2.3106784932853706,371.88303333333334,30,5001,TRANCO DE BEAS
2001-07-01,0.730249600000028,3.421613119245519,2.691363519245491,349.1322903225807,31,5001,TRANCO DE BEAS
2001-08-01,-0.5709280000000249,1.806731886712998,2.377659886713023,328.76125806451614,31,5001,TRANCO DE BEAS
2001-09-01,1.635918399999996,3.19993307340444,1.564014673404444,314.5723,30,5001,TRANCO DE BEAS
2001-10-01,4.29002400000001,5.2123201245263715,0.9222961245263616,313.9469032258064,31,5001,TRANCO DE BEAS
2001-11-01,3.538000000000011,4.044379681444578,0.5063796814445672,318.0103,30,5001,TRANCO DE BEAS
2001-12-01,5.294999999999959,5.646665215620355,0.3516652156203957,321.8831935483871,31,5001,TRANCO DE BEAS
2002-01-01,5.628000000000043,5.983987609413047,0.3559876094130044,327.8358064516129,31,5001,TRANCO DE BEAS
2002-02-01,3.519999999999982,4.034006855149499,0.5140068551495174,332.5855,28,5001,TRANCO DE BEAS
2002-03-01,8.920000000000016,9.828946642880798,0.9089466428807815,338.3808064516129,31,5001,TRANCO DE BEAS
2002-04-01,16.659020800000004,17.771970107792704,1.1129493077926988,351.6149,30,5001,TRANCO DE BEAS
2002-05-01,7.550334399999959,9.245877121942932,1.6955427219429744,356.98509677419355,31,5001,TRANCO DE BEAS
2002-06-01,2.992035200000048,5.13999599171821,2.1479607917181607,333.3462333333334,30,5001,TRANCO DE BEAS
2002-07-01,4.129764799999951,6.545359743881726,2.415594943881775,296.90348387096776,31,5001,TRANCO DE BEAS
2002-08-01,0.09788640000001586,2.168327029950309,2.070440629950293,267.1588709677419,31,5001,TRANCO DE BEAS
2002-09-01,1.6480848000000055,3.0054033813438927,1.3573185813438873,254.31883333333332,30,5001,TRANCO DE BEAS
2002-10-01,3.8380800000000095,4.639618197542757,0.8015381975427477,254.3524193548387,31,5001,TRANCO DE BEAS
2002-11-01,12.344094399999994,12.783251920414571,0.43915752041457573,256.84633333333335,30,5001,TRANCO DE BEAS
2002-12-01,16.870958400000024,17.18524930935712,0.31429090935709236,271.9675161290323,31,5001,TRANCO DE BEAS
2003-01-01,47.30799999999999,47.64742777761019,0.33942777761020093,305.3473548387097,31,5001,TRANCO DE BEAS
2003-02-01,22.322035199999966,22.841661208232967,0.5196260082330035,338.06857142857143,28,5001,TRANCO DE BEAS
2003-03-01,22.811000000000035,23.768851914837846,0.9578519148378113,366.06438709677417,31,5001,TRANCO DE BEAS
2003-04-01,10.076980799999996,11.248104991689946,1.17112419168995,379.52563333333336,30,5001,TRANCO DE BEAS
2003-05-01,8.807999999999993,10.60543569724662,1.797435697246627,389.64322580645165,31,5001,TRANCO DE BEAS
2003-06-01,3.815004799999997,6.1830817352377165,2.368076935237719,385.83303333333333,30,5001,TRANCO DE BEAS
2003-07-01,3.3110847999999886,6.0476042980051234,2.7365194980051344,357.9662580645161,31,5001,TRANCO DE BEAS
2003-08-01,3.0449120000000405,5.403743877048333,2.3588318770482926,324.9018064516129,31,5001,TRANCO DE BEAS
2003-09-01,1.8189679999999746,3.326325806818051,1.507357806818076,297.6393,30,5001,TRANCO DE BEAS
2003-10-01,3.229958400000019,4.102547052408473,0.8725886524084532,288.9112258064516,31,5001,TRANCO DE BEAS
2003-11-01,9.063999999999965,9.547096475812415,0.4830964758124501,296.3327,30,5001,TRANCO DE BEAS
2003-12-01,9.908999999999992,10.248657746429146,0.3396577464291543,305.54170967741936,31,5001,TRANCO DE BEAS
2004-01-01,23.78000000000003,24.12664911179197,0.34664911179194013,315.03783870967743,31,5001,TRANCO DE BEAS
2004-02-01,11.26400000000001,11.803791530760686,0.5397915307606747,339.5731034482759,29,5001,TRANCO DE BEAS
2004-03-01,14.539999999999964,15.470978315713898,0.9309783157139352,350.7583870967742,31,5001,TRANCO DE BEAS
2004-04-01,26.031000000000006,27.191657430232365,1.1606574302323576,374.46673333333337,30,5001,TRANCO DE BEAS
2004-05-01,39.085000000000036,40.941074560913655,1.8560745609136169,408.9176129032258,31,5001,TRANCO DE BEAS
2004-06-01,8.775883199999994,11.30832080855524,2.532437608555247,426.6741666666667,30,5001,TRANCO DE BEAS
2004-07-01,3.8539967999999627,6.818672845319038,2.964676045319075,403.6596129032258,31,5001,TRANCO DE BEAS
2004-08-01,2.318910400000008,4.891306621805068,2.5723962218050604,369.9927096774193,31,5001,TRANCO DE BEAS
2004-09-01,0.34024000000001503,2.0024572366348443,1.6622172366348293,344.6644,30,5001,TRANCO DE BEAS
2004-10-01,1.9938111999999883,2.955005947432922,0.9611947474329339,334.0186129032258,31,5001,TRANCO DE BEAS
2004-11-01,2.621764800000009,3.144259139227507,0.5224943392274979,333.3102,30,5001,TRANCO DE BEAS
2004-12-01,2.1571504000000123,2.5148109827462193,0.35766058274620716,330.14909677419354,31,5001,TRANCO DE BEAS
2005-01-01,1.4896592000000204,1.8439086198443393,0.35424941984431885,325.43751612903225,31,5001,TRANCO DE BEAS
2005-02-01,1.4922975999999628,1.9935919713729016,0.5012943713729388,320.32425,28,5001,TRANCO DE BEAS
2005-03-01,2.4069696000000014,3.2751245853810818,0.8681549853810806,315.8562580645161,31,5001,TRANCO DE BEAS
2005-04-01,0.5511760000000392,1.570028448603605,1.0188524486035657,307.9721666666667,30,5001,TRANCO DE BEAS
2005-05-01,0.6899183999999863,2.15710537896778,1.4671869789677934,287.3777096774194,31,5001,TRANCO DE BEAS
2005-06-01,-1.4067695999999974,0.4407245180924419,1.8474941180924394,265.8867666666667,30,5001,TRANCO DE BEAS
2005-07-01,-0.9469968000000073,1.1765819844908758,2.123578784490883,244.71932258064516,31,5001,TRANCO DE BEAS
2005-08-01,0.11997600000001118,1.904954071251493,1.7849780712514818,213.9140322580645,31,5001,TRANCO DE BEAS
2005-09-01,0.32921919999997395,1.4511092309998677,1.1218900309998936,191.11229999999998,30,5001,TRANCO DE BEAS
2005-10-01,2.1930976000000104,2.837137588959516,0.6440399889595055,183.1990322580645,31,5001,TRANCO DE BEAS
2005-11-01,1.665363200000012,2.014345197408072,0.3489819974080602,181.94106666666667,30,5001,TRANCO DE BEAS
2005-12-01,9.489271999999987,9.734313853947022,0.24504185394703465,187.2272258064516,31,5001,TRANCO DE BEAS
2006-01-01,4.950899200000008,5.198849364025634,0.24795016402562475,190.5679677419355,31,5001,TRANCO DE BEAS
2006-02-01,8.591883199999984,8.95048646140614,0.35860326140615556,193.81064285714288,28,5001,TRANCO DE BEAS
2006-03-01,30.308257600000005,30.976161879167247,0.6679042791672414,213.2043548387097,31,5001,TRANCO DE BEAS
2006-04-01,9.830059200000008,10.677277089448385,0.8472178894483752,233.5257,30,5001,TRANCO DE BEAS
2006-05-01,5.172038399999991,6.457073807577794,1.2850354075778034,235.5505806451613,31,5001,TRANCO DE BEAS
2006-06-01,1.7071344000000035,3.2949402261308105,1.5878058261308072,211.87266666666667,30,5001,TRANCO DE BEAS
2006-07-01,0.1418464000000098,1.8817054601736571,1.7398590601736474,181.54419354838709,31,5001,TRANCO DE BEAS
2006-08-01,2.200932800000002,3.5799688809778156,1.3790360809778133,145.32093548387095,31,5001,TRANCO DE BEAS
2006-09-01,3.452355200000002,4.277574819380155,0.8252196193801528,120.5833,30,5001,TRANCO DE BEAS
2006-10-01,3.1513455999999995,3.628154392933216,0.476808792933217,116.69974193548387,31,5001,TRANCO DE BEAS
2006-11-01,3.9150560000000008,4.177748462143312,0.2626924621433114,118.82379999999999,30,5001,TRANCO DE BEAS
2006-12-01,4.2275535999999985,4.4125054251843325,0.18495182518433415,122.7714193548387,31,5001,TRANCO DE BEAS
2007-01-01,3.546590399999996,3.734708220167202,0.1881178201672064,125.93629032258065,31,5001,TRANCO DE BEAS
2007-02-01,19.839964800000004,20.125870323031478,0.2859055230314747,138.02939285714285,28,5001,TRANCO DE BEAS
2007-03-01,11.051660799999997,11.588369888063037,0.5367090880630387,153.54351612903227,31,5001,TRANCO DE BEAS
2007-04-01,23.779035200000003,24.466631736673435,0.6875965366734305,170.80339999999998,30,5001,TRANCO DE BEAS
2007-05-01,20.541236800000004,21.667586920257236,1.1263501202572337,193.30935483870968,31,5001,TRANCO DE BEAS
2007-06-01,4.6752192000000115,6.183983848521017,1.5087646485210053,196.2302,30,5001,TRANCO DE BEAS
2007-07-01,2.6962064000000003,4.377717372541493,1.6815109725414927,172.47170967741934,31,5001,TRANCO DE BEAS
2007-08-01,2.8151215999999915,4.182243316288902,1.3671217162889107,143.4022258064516,31,5001,TRANCO DE BEAS
2007-09-01,2.7690336000000086,3.625721760374288,0.8566881603742794,127.52583333333334,30,5001,TRANCO DE BEAS
2007-10-01,2.488387199999987,2.987919804328933,0.49953260432894603,125.13996774193548,31,5001,TRANCO DE BEAS
2007-11-01,2.7769024000000124,3.051305838077084,0.27440343807707146,126.8564,30,5001,TRANCO DE BEAS
2007-12-01,2.534595199999992,2.7257429989858015,0.1911477989858093,128.9904193548387,31,5001,TRANCO DE BEAS
2008-01-01,5.783201599999994,5.978090541629273,0.19488894162927914,132.7987419354839,31,5001,TRANCO DE BEAS
2008-02-01,2.7978704000000008,3.0915095909697072,0.2936391909697063,136.2423103448276,29,5001,TRANCO DE BEAS
2008-03-01,2.758900800000017,3.260110966417056,0.5012101664170392,138.55551612903227,31,5001,TRANCO DE BEAS
2008-04-01,25.03496799999998,25.66323234183378,0.6282643418337978,149.21446666666668,30,5001,TRANCO DE BEAS
2008-05-01,31.91300000000001,32.99083273519559,1.0778327351955783,181.0591935483871,31,5001,TRANCO DE BEAS
2008-06-01,7.2588591999999865,8.762424327046007,1.5035651270460206,195.2104,30,5001,TRANCO DE BEAS
2008-07-01,3.1090752000000057,4.777644745453788,1.668569545453782,170.50267741935482,31,5001,TRANCO DE BEAS
2008-08-01,3.0710528000000092,4.41693427109211,1.3458814710921008,140.08667741935483,31,5001,TRANCO DE BEAS
2008-09-01,3.363971199999999,4.189794420460875,0.8258232204608759,120.70253333333334,30,5001,TRANCO DE BEAS
2008-10-01,4.979076800000003,5.464414524480663,0.4853377244806599,119.84509677419355,31,5001,TRANCO DE BEAS
2008-11-01,9.55979359999999,9.83451430833025,0.27472070833026,127.08236666666667,30,5001,TRANCO DE BEAS
2008-12-01,34.8291168,35.04130146855969,0.21218466855968585,151.0041935483871,31,5001,TRANCO DE BEAS
2009-01-01,63.117999999999995,63.361550916538064,0.2435509165380731,185.80625806451613,31,5001,TRANCO DE BEAS
2009-02-01,51.47100000000003,51.909665683757275,0.438665683757243,262.3395,28,5001,TRANCO DE BEAS
2009-03-01,39.85499999999996,40.7028687010946,0.8478687010946421,304.9295483870968,31,5001,TRANCO DE BEAS
2009-04-01,17.954000000000008,19.017292352698796,1.0632923526987894,328.34523333333334,30,5001,TRANCO DE BEAS
2009-05-01,9.517254399999985,11.13969661234883,1.622442212348847,334.15725806451616,31,5001,TRANCO DE BEAS
2009-06-01,4.766968000000045,6.771299342050174,2.0043313420501296,300.53816666666665,30,5001,TRANCO DE BEAS
2009-07-01,0.811150399999983,2.9469890724671153,2.1358386724671323,246.973,31,5001,TRANCO DE BEAS
2009-08-01,-3.085859199999982,-1.4190780837890506,1.6667811162109318,193.1590322580645,31,5001,TRANCO DE BEAS
2009-09-01,2.94722559999999,3.9399662962061375,0.9927406962061474,159.08350000000002,30,5001,TRANCO DE BEAS
2009-10-01,2.794022399999995,3.3757698038591872,0.5817474038591923,157.2723870967742,31,5001,TRANCO DE BEAS
2009-11-01,2.875,3.192932505338863,0.31793250533886325,158.20876666666666,30,5001,TRANCO DE BEAS
2009-12-01,53.147999999999996,53.380379534340804,0.23237953434080788,173.15148387096775,31,5001,TRANCO DE BEAS
2010-01-01,87.37899999999999,87.68819690127064,0.30919690127065474,265.909935483871,31,5001,TRANCO DE BEAS
2010-02-01,85.404,85.90989975140698,0.5058997514069836,325.08335714285715,28,5001,TRANCO DE BEAS
2010-03-01,79.67086720000003,80.72229542258673,1.051428222586686,421.0448387096774,31,5001,TRANCO DE BEAS
2010-04-01,22.199108800000015,23.469914497697932,1.270805697697917,428.9996,30,5001,TRANCO DE BEAS
2010-05-01,15.673000000000002,17.636868486727426,1.9638684867274248,445.00070967741937,31,5001,TRANCO DE BEAS
2010-06-01,7.841060799999989,10.47331227693006,2.63225147693007,452.14726666666667,30,5001,TRANCO DE BEAS
2010-07-01,2.60292159999999,5.734734399147226,3.1318127991472355,438.2263870967742,31,5001,TRANCO DE BEAS
2010-08-01,4.2207199999999965,7.011467545756825,2.7907475457568287,418.06329032258066,31,5001,TRANCO DE BEAS
2010-09-01,5.7520207999999835,7.571933038386439,1.8199122383864557,394.85766666666666,30,5001,TRANCO DE BEAS
2010-10-01,5.577054400000043,6.6271047025411445,1.0500503025411012,381.39109677419356,31,5001,TRANCO DE BEAS
2010-11-01,40.786014399999964,41.368040094079674,0.5820256940797128,391.88686666666666,30,5001,TRANCO DE BEAS
2010-12-01,72.161128,72.57892718869878,0.4177991886987786,416.85780645161293,31,5001,TRANCO DE BEAS
2011-01-01,35.82998880000004,36.24481713220491,0.41482833220487436,412.3996774193548,31,5001,TRANCO DE BEAS
2011-02-01,47.11986239999996,47.72164911883936,0.6017867188394013,421.35835714285713,28,5001,TRANCO DE BEAS
2011-03-01,30.559097600000026,31.618688226019096,1.0595906260190662,425.89477419354836,31,5001,TRANCO DE BEAS
2011-04-01,13.552000000000021,14.832967231886004,1.2809672318859835,434.15473333333335,30,5001,TRANCO DE BEAS
2011-05-01,14.117999999999995,16.09372982641542,1.975729826415425,449.03509677419356,31,5001,TRANCO DE BEAS
2011-06-01,6.421844800000004,9.045765942770444,2.623921142770441,450.01123333333334,30,5001,TRANCO DE BEAS
2011-07-01,3.4261999999999686,6.5060232222411605,3.079823222241192,427.36990322580647,31,5001,TRANCO DE BEAS
2011-08-01,3.2760672000000044,5.997643876348272,2.7215766763482674,402.6190322580645,31,5001,TRANCO DE BEAS
2011-09-01,3.242054400000018,5.0222990395316875,1.7802446395316698,382.0129666666666,30,5001,TRANCO DE BEAS
2011-10-01,3.4158303999999844,4.4509058552478935,1.035075455247909,373.25774193548386,31,5001,TRANCO DE BEAS
2011-11-01,5.88900000000001,6.454732094181448,0.5657320941814385,375.52930000000003,30,5001,TRANCO DE BEAS
2011-12-01,4.514999999999986,4.908187217448676,0.3931872174486895,380.54174193548386,31,5001,TRANCO DE BEAS
2012-01-01,4.228038400000028,4.623500821890954,0.39546242189092584,383.84896774193544,31,5001,TRANCO DE BEAS
2012-02-01,3.340971199999952,3.9286166173995776,0.5876454173996258,385.7114137931034,29,5001,TRANCO DE BEAS
2012-03-01,4.570961600000036,5.558383227877873,0.9874216278778374,383.1319677419355,31,5001,TRANCO DE BEAS
2012-04-01,22.44288960000001,23.619452927293338,1.176563327293326,382.17583333333334,30,5001,TRANCO DE BEAS
2012-05-01,13.969166399999963,15.76420110830605,1.7950347083060878,388.8647096774194,31,5001,TRANCO DE BEAS
2012-06-01,6.836840000000022,9.139855136022074,2.303015136022052,370.04836666666665,30,5001,TRANCO DE BEAS
2012-07-01,4.235441599999998,6.841503306460428,2.606061706460431,332.71283870967744,31,5001,TRANCO DE BEAS
2012-08-01,2.9932655999999973,5.184572313351098,2.191306713351101,290.94529032258066,31,5001,TRANCO DE BEAS
2012-09-01,3.5482240000000016,4.91942832231611,1.3712043223161083,258.2574,30,5001,TRANCO DE BEAS
2012-10-01,7.618888000000004,8.412103420121461,0.7932154201214573,250.4017741935484,31,5001,TRANCO DE BEAS
2012-11-01,34.58200000000002,35.04243502157583,0.46043502157580735,275.7961666666667,30,5001,TRANCO DE BEAS
2012-12-01,26.82402399999997,27.15939820845135,0.335374208451382,299.8193225806451,31,5001,TRANCO DE BEAS
2013-01-01,81.67798880000001,82.0442213219358,0.3662325219357837,342.4971935483871,31,5001,TRANCO DE BEAS
2013-02-01,45.64892480000001,46.24611667544376,0.5971918754437484,416.559,28,5001,TRANCO DE BEAS
2013-03-01,140.3620096,141.49815035737973,1.1361407573797555,473.03419354838707,31,5001,TRANCO DE BEAS
2013-04-01,75.46374080000001,76.82396362683733,1.360222826837307,475.1037333333333,30,5001,TRANCO DE BEAS
2013-05-01,28.8370496,30.868157014382305,2.0311074143823054,468.04487096774193,31,5001,TRANCO DE BEAS
2013-06-01,13.353907200000016,16.056925346001155,2.7030181460011398,470.5031,30,5001,TRANCO DE BEAS
2013-07-01,7.442063999999969,10.650391634513186,3.2083276345132177,454.3895806451613,31,5001,TRANCO DE BEAS
2013-08-01,5.984942400000027,8.830042251430823,2.8450998514307964,430.3330967741935,31,5001,TRANCO DE BEAS
2013-09-01,5.274073600000003,7.1363518559255805,1.8622782559255768,408.73223333333334,30,5001,TRANCO DE BEAS
2013-10-01,5.98131359999998,7.046622730271372,1.065309130271393,389.73983870967743,31,5001,TRANCO DE BEAS
2013-11-01,4.5049439999999965,5.073035984524962,0.568091984524966,377.88109999999995,30,5001,TRANCO DE BEAS
2013-12-01,13.932203200000004,14.321586527221184,0.38938332722117974,375.03509677419356,31,5001,TRANCO DE BEAS
2014-01-01,32.2671728,32.66759878856477,0.4004259885647709,391.1248387096774,31,5001,TRANCO DE BEAS
2014-02-01,81.41219040000003,82.02199053155587,0.6098001315558389,429.8093214285714,28,5001,TRANCO DE BEAS
2014-03-01,86.29795040000002,87.38055405269535,1.0826036526953315,439.88332258064514,31,5001,TRANCO DE BEAS
2014-04-01,24.712073599999965,26.006587056643358,1.2945134566433936,441.05933333333337,30,5001,TRANCO DE BEAS
2014-05-01,9.582856000000021,11.550934415955696,1.9680784159556761,446.42374193548386,31,5001,TRANCO DE BEAS
2014-06-01,8.85703040000002,11.426130068119093,2.5690996681190716,435.98923333333335,30,5001,TRANCO DE BEAS
2014-07-01,4.59273919999999,7.573903442248133,2.981164242248143,407.0141612903226,31,5001,TRANCO DE BEAS
2014-08-01,3.5771023999999962,6.178424211352894,2.6013218113528978,376.2376129032258,31,5001,TRANCO DE BEAS
2014-09-01,4.058081600000013,5.762904670915763,1.70482307091575,357.99746666666664,30,5001,TRANCO DE BEAS
2014-10-01,3.8281280000000177,4.822693954131135,0.9945659541311171,351.56032258064516,31,5001,TRANCO DE BEAS
2014-11-01,9.526867199999963,10.070252038403748,0.5433848384037856,353.50093333333336,30,5001,TRANCO DE BEAS
2014-12-01,7.836044799999988,8.21497213695656,0.3789273369565715,360.02945161290324,31,5001,TRANCO DE BEAS
2015-01-01,9.53669120000004,9.918835303066283,0.3821441030662415,364.62316129032257,31,5001,TRANCO DE BEAS
2015-02-01,46.7820736,47.36232437280469,0.5802507728046992,398.9722857142857,28,5001,TRANCO DE BEAS
2015-03-01,16.463988799999964,17.51967551385069,1.0556867138507273,423.544935483871,31,5001,TRANCO DE BEAS
2015-04-01,9.761273600000033,11.040237521233532,1.2789639212334996,433.13266666666664,30,5001,TRANCO DE BEAS
2015-05-01,5.844777599999967,7.7766174566941,1.9318398566941335,434.1520322580645,31,5001,TRANCO DE BEAS
2015-06-01,4.638105600000023,7.133998673794146,2.495893073794122,417.49056666666667,30,5001,TRANCO DE BEAS
2015-07-01,3.144998399999979,6.054068769574665,2.9090703695746862,392.33251612903223,31,5001,TRANCO DE BEAS
2015-08-01,2.749800000000011,5.301217471628535,2.551417471628523,365.46358064516124,31,5001,TRANCO DE BEAS
2015-09-01,3.5541008000000245,5.208099980994963,1.653999180994939,342.1191,30,5001,TRANCO DE BEAS
2015-10-01,4.40031839999997,5.3485022728917135,0.9481838728917431,327.25967741935483,31,5001,TRANCO DE BEAS
2015-11-01,2.7198416000000245,3.231790961982893,0.5119493619828688,323.27113333333335,30,5001,TRANCO DE BEAS
2015-12-01,3.1129023999999865,3.461909347598414,0.34900694759842715,318.2412580645161,31,5001,TRANCO DE BEAS
2016-01-01,6.881022400000027,7.228194410150173,0.3471720101501465,315.7328387096774,31,5001,TRANCO DE BEAS
2016-02-01,36.71119680000001,37.242213167241935,0.531016367241926,331.42106896551724,29,5001,TRANCO DE BEAS
2016-03-01,21.124049599999967,22.068824032807342,0.9447744328073759,358.5867741935484,31,5001,TRANCO DE BEAS
2016-04-01,25.563078400000034,26.73408238450895,1.1710039845089197,379.4866,30,5001,TRANCO DE BEAS
2016-05-01,19.951108799999965,21.764438705132115,1.8133299051321488,394.8342580645161,31,5001,TRANCO DE BEAS
2016-06-01,6.748083200000034,9.137921651738143,2.38983845173811,391.17016666666666,30,5001,TRANCO DE BEAS
2016-07-01,4.378939199999964,7.1401337367523245,2.76119453675236,362.81406451612906,31,5001,TRANCO DE BEAS
2016-08-01,3.3390912000000155,5.728305280249812,2.389214080249796,331.1897741935484,31,5001,TRANCO DE BEAS
2016-09-01,3.083071999999979,4.6041307577427615,1.5210587577427825,301.72630000000004,30,5001,TRANCO DE BEAS
2016-10-01,4.13081119999999,4.987879143433795,0.8570679434338042,281.24583870967746,31,5001,TRANCO DE BEAS
2016-11-01,5.17844480000002,5.637845728749105,0.45940092874908567,274.7984666666667,30,5001,TRANCO DE BEAS
2016-12-01,3.902580800000019,4.221181594855135,0.31860079485511594,277.57048387096773,31,5001,TRANCO DE BEAS
2017-01-01,4.046795199999981,4.36674359789959,0.3199483978996085,279.3330322580645,31,5001,TRANCO DE BEAS
2017-02-01,6.139564800000018,6.599785371632761,0.4602205716327424,281.7730714285714,28,5001,TRANCO DE BEAS
2017-03-01,9.257531199999995,10.072419215901139,0.8148880159011423,287.239,31,5001,TRANCO DE BEAS
2017-04-01,4.504251199999999,5.474983693427304,0.9707324934273057,286.41113333333334,30,5001,TRANCO DE BEAS
2017-05-01,4.392606400000013,5.813392254573329,1.4207858545733159,273.84554838709676,31,5001,TRANCO DE BEAS
2017-06-01,3.24253279999999,5.009218427235787,1.7666856272357967,248.66056666666665,30,5001,TRANCO DE BEAS
2017-07-01,1.7776800000000008,3.7469954896647204,1.9693154896647196,218.57245161290322,31,5001,TRANCO DE BEAS
2017-08-01,2.274391999999988,3.914600647205276,1.6402086472052881,188.4127741935484,31,5001,TRANCO DE BEAS
2017-09-01,3.2190912000000083,4.227471716669034,1.0083805166690256,162.90206666666666,30,5001,TRANCO DE BEAS
2017-10-01,2.9808639999999933,3.5308456258289986,0.5499816258290051,144.5773870967742,31,5001,TRANCO DE BEAS
2017-11-01,2.9807279999999983,3.2745686125715845,0.2938406125715863,140.57113333333334,30,5001,TRANCO DE BEAS
2017-12-01,13.534128000000022,13.738260882003967,0.20413288200394528,142.36332258064516,31,5001,TRANCO DE BEAS
2018-01-01,11.758555199999998,11.977563898907592,0.21900869890759417,158.2065806451613,31,5001,TRANCO DE BEAS
2018-02-01,9.9380528,10.264159321517537,0.3261065215175394,168.0765357142857,28,5001,TRANCO DE BEAS
2018-03-01,111.61433600000001,112.31379717057341,0.6994611705734108,229.3937419354839,31,5001,TRANCO DE BEAS
2018-04-01,49.326870399999976,50.349500315894076,1.0226299158941008,309.8182,30,5001,TRANCO DE BEAS
2018-05-01,14.482470400000025,16.124112150082883,1.6416417500828566,340.10264516129035,31,5001,TRANCO DE BEAS
2018-06-01,11.056193599999995,13.255250486361343,2.1990568863613476,345.2618,30,5001,TRANCO DE BEAS
2018-07-01,5.088571200000017,7.658253325009125,2.5696821250091078,325.72361290322584,31,5001,TRANCO DE BEAS
2018-08-01,4.484596799999952,6.720898459354804,2.236301659354852,299.8996774193548,31,5001,TRANCO DE BEAS
2018-09-01,4.713339200000046,6.158358638133125,1.4450194381330785,279.36656666666664,30,5001,TRANCO DE BEAS
2018-10-01,3.895236799999966,4.7256291905998715,0.8303923905999062,268.21370967741933,31,5001,TRANCO DE BEAS
2018-11-01,8.453511999999996,8.904705682690455,0.4511936826904576,267.47006666666664,30,5001,TRANCO DE BEAS
2018-12-01,5.583471999999991,5.899522975060647,0.3160509750606559,274.2453870967742,31,5001,TRANCO DE BEAS
2019-01-01,6.610835200000029,6.929069314262384,0.31823411426235576,277.09151612903224,31,5001,TRANCO DE BEAS
2019-02-01,18.712161600000012,19.18554222371594,0.4733806237159276,293.9520714285714,28,5001,TRANCO DE BEAS
2019-03-01,6.32175839999996,7.152084008558348,0.8303256085583874,295.4386451612903,31,5001,TRANCO DE BEAS
2019-04-01,26.594958400000028,27.59303024116898,0.998071841168952,298.62309999999997,30,5001,TRANCO DE BEAS
2019-05-01,10.261588799999972,11.792467727845205,1.5308789278452344,306.2801935483871,31,5001,TRANCO DE BEAS
2019-06-01,5.270755200000041,7.174983270476565,1.9042280704765242,278.2560666666667,30,5001,TRANCO DE BEAS
2019-07-01,3.8426944000000014,5.967656084710661,2.1249616847106587,244.9886129032258,31,5001,TRANCO DE BEAS
2019-08-01,4.079644799999997,5.839865398053975,1.7602205980539787,209.48812903225806,31,5001,TRANCO DE BEAS
2019-09-01,5.203100799999994,6.292348742378095,1.0892479423780996,182.84073333333333,30,5001,TRANCO DE BEAS
2019-10-01,3.62989280000001,4.249395014454773,0.6195022144547632,172.83787096774194,31,5001,TRANCO DE BEAS
2019-11-01,26.487051199999982,26.828587850289875,0.3415366502898926,176.20813333333334,30,5001,TRANCO DE BEAS
2019-12-01,63.13579520000001,63.403212941816385,0.2674177418163795,213.8965806451613,31,5001,TRANCO DE BEAS
2020-01-01,12.628924800000018,12.93493135549379,0.30600655549377287,261.282064516129,31,5001,TRANCO DE BEAS
2020-02-01,7.336900799999971,7.800432670871914,0.4635318708719428,270.2163103448276,29,5001,TRANCO DE BEAS
2020-03-01,7.345324800000013,8.136381294293486,0.7910564942934731,274.72919354838706,31,5001,TRANCO DE BEAS
2020-04-01,16.841036799999983,17.80140526424682,0.9603684642468373,281.8399,30,5001,TRANCO DE BEAS
2020-05-01,16.19196480000001,17.699720317922424,1.507755517922412,299.3590967741935,31,5001,TRANCO DE BEAS
2020-06-01,7.939643199999991,9.891533158901552,1.9518899589015613,288.7476666666667,30,5001,TRANCO DE BEAS
2020-07-01,4.531440000000029,6.7097629636013325,2.1783229636013037,254.3070322580645,31,5001,TRANCO DE BEAS
2020-08-01,2.8374271999999787,4.5989746351888146,1.7615474351888356,209.77351612903226,31,5001,TRANCO DE BEAS
2020-09-01,3.646264000000001,4.68843779424487,1.0421737942448692,171.15676666666664,30,5001,TRANCO DE BEAS
2020-10-01,3.169563199999999,3.759132699196075,0.589569499196076,160.45677419354837,31,5001,TRANCO DE BEAS
2020-11-01,3.6724320000000086,3.9913843357611754,0.31895233576116677,158.9702,30,5001,TRANCO DE BEAS
2020-12-01,39.49416,39.73464604516474,0.24048604516473074,182.2579677419355,31,5001,TRANCO DE BEAS
2021-01-01,44.88105759999999,45.14542645199688,0.2643688519968878,209.93412903225806,31,5001,TRANCO DE BEAS
2021-02-01,55.316331200000015,55.76839043824993,0.45205923824991145,274.52964285714285,28,5001,TRANCO DE BEAS
2021-03-01,11.970956800000014,12.814998875950405,0.8440420759503908,302.79293548387096,31,5001,TRANCO DE BEAS
2021-04-01,8.005801599999984,9.019698102079477,1.0138965020794943,305.7194666666667,30,5001,TRANCO DE BEAS
2021-05-01,7.676462400000012,9.174828359159333,1.498365959159321,296.58067741935486,31,5001,TRANCO DE BEAS
2021-06-01,6.2588943999999875,8.118004184069369,1.8591097840693807,268.4256666666667,30,5001,TRANCO DE BEAS
2021-07-01,4.01420160000001,6.060239115336106,2.0460375153360966,231.50480645161292,31,5001,TRANCO DE BEAS
2021-08-01,4.832695999999991,6.479565340307325,1.646869340307333,189.6252258064516,31,5001,TRANCO DE BEAS
2021-09-01,3.1429520000000113,4.09958401998213,0.9885669184741274,158.11319999999998,29,5001,TRANCO DE BEAS
1961-10-01,56.4328,56.48585005358042,0.054818388699768975,1.2838709677419355,30,5012,BEMBEZAR
1961-11-01,150.07824,150.108080655139,0.029840655138987142,1.7133333333333334,30,5012,BEMBEZAR
1961-12-01,192.38832,192.4088768957624,0.020556895762413364,1.9129032258064518,31,5012,BEMBEZAR
1962-01-01,224.5064,224.5269568957624,0.020556895762413364,2.109677419354839,31,5012,BEMBEZAR
1962-02-01,130.19248,130.22187857135913,0.02939857135915029,1.8035714285714286,28,5012,BEMBEZAR
1962-03-01,707.98688,708.0382722394061,0.05139223940603341,3.667741935483871,31,5012,BEMBEZAR
1962-04-01,564.27824,564.3405901736645,0.06235017366449015,3.2800000000000002,30,5012,BEMBEZAR
1962-05-01,194.81792000000002,194.91042603093086,0.09250603093086016,1.9709677419354839,31,5012,BEMBEZAR
1962-06-01,115.11312000000001,115.23579824890473,0.12267824890472492,1.6666666666666667,30,5012,BEMBEZAR
1962-07-01,46.50784,46.656877494277495,0.1490374942774969,1.1451612903225807,31,5012,BEMBEZAR
1962-08-01,48.00016,48.137205971749424,0.13704597174942243,1.164516129032258,31,5012,BEMBEZAR
1962-09-01,81.10864,81.20147759376573,0.09283759376573775,1.3566666666666665,30,5012,BEMBEZAR
1962-10-01,18.08528,18.16190360316653,0.07662360316652711,8.45483870967742,31,5012,BEMBEZAR
1962-11-01,8.300320000000001,8.340142328030257,0.039822328030256406,10.153333333333334,30,5012,BEMBEZAR
1962-12-01,87.85552,87.89678172952641,0.041261729526410745,20.19677419354839,31,5012,BEMBEZAR
1963-01-01,303.51648,303.7544229336693,0.23794293366926547,260.4032258064516,31,5012,BEMBEZAR
1963-02-01,89.01808,89.39111452480833,0.37303452480833404,296.98928571428576,28,5012,BEMBEZAR
1963-03-01,38.493440000000014,39.13438715036471,0.6409471503646935,289.4032258064516,31,5012,BEMBEZAR
1963-04-01,88.25328,89.00868349224578,0.7554034922457715,284.0833333333333,30,5012,BEMBEZAR
1963-05-01,8.099520000000002,9.23644704253509,1.1369270425350877,283.11290322580646,31,5012,BEMBEZAR
1963-06-01,3.5374400000000046,4.883816391331674,1.3463763913316695,239.07999999999998,30,5012,BEMBEZAR
1963-07-01,0.04560000000001274,1.3731639402617073,1.3275639402616946,175.0225806451613,31,5012,BEMBEZAR
1963-08-01,0.009119999999993578,0.964891629425894,0.9557716294259003,121.19677419354838,31,5012,BEMBEZAR
1963-09-01,0.02128000000000796,0.47074111103304384,0.4494611110330359,70.61666666666666,30,5012,BEMBEZAR
1963-10-01,-0.0144000000000013,0.10643868140462795,0.12083868140462925,22.445161290322584,31,5012,BEMBEZAR
1963-11-01,25.49856,25.5471958835661,0.048635883566102045,13.246666666666666,30,5012,BEMBEZAR
1963-12-01,233.99056000000002,234.16317498090325,0.17261498090323688,166.74193548387098,31,5012,BEMBEZAR
1964-01-01,17.830880000000008,18.048102132960743,0.21722213296073611,225.69354838709677,31,5012,BEMBEZAR
1964-02-01,144.27488,144.62365806079245,0.3487780607924474,255.40206896551723,29,5012,BEMBEZAR
1964-03-01,121.22272,121.87156127383666,0.6488412738366667,294.7483870967742,31,5012,BEMBEZAR
1964-04-01,17.62208000000001,18.39694454006191,0.7748645400618984,295.0,30,5012,BEMBEZAR
1964-05-01,0.48384000000000005,1.652419495552809,1.168579495552809,295.0,31,5012,BEMBEZAR
1964-06-01,16.703519999999976,18.29045970695322,1.586939706953244,305.72,30,5012,BEMBEZAR
1964-07-01,0.19872000000002532,2.1069673583895203,1.9082473583894952,301.09032258064514,31,5012,BEMBEZAR
1964-08-01,-0.041759999999995134,1.5023376664160129,1.544097666416008,248.67580645161289,31,5012,BEMBEZAR
1964-09-01,1.6268800000000068,2.4984155955125624,0.8715355955125558,189.25666666666666,30,5012,BEMBEZAR
1964-10-01,5.941920000000001,6.347742778663666,0.4058227786636645,132.68387096774194,31,5012,BEMBEZAR
1964-11-01,1.6094400000000029,1.801662736155025,0.19222273615502217,107.42,30,5012,BEMBEZAR
1964-12-01,3.0,3.1327579017438625,0.13275790174386246,107.83225806451613,31,5012,BEMBEZAR
1965-01-01,11.0,11.135239715156317,0.1352397151563149,110.8741935483871,31,5012,BEMBEZAR
1965-02-01,19.59616,19.811342368519725,0.21518236851972605,130.125,28,5012,BEMBEZAR
1965-03-01,65.19999999999999,65.6762149005406,0.47621490054061166,185.6967741935484,31,5012,BEMBEZAR
1965-04-01,1.700000000000017,2.311165025226927,0.6111650252269101,206.64333333333335,30,5012,BEMBEZAR
1965-05-01,-0.9423999999999991,-0.03970638483706329,0.9026936151629358,200.32580645161292,31,5012,BEMBEZAR
1965-06-01,0.1086399999999963,1.2142444990143648,1.1056044990143685,177.80333333333334,30,5012,BEMBEZAR
1965-07-01,0.007839999999999847,1.1280049850316964,1.1201649850316966,135.60000000000002,31,5012,BEMBEZAR
1965-08-01,-0.5291199999999978,0.2531990348181692,0.782319034818167,89.89032258064516,31,5012,BEMBEZAR
1965-09-01,2.1816000000000058,2.6148268722403802,0.43322687224037415,66.25,30,5012,BEMBEZAR
1965-10-01,50.303136,50.626423310319126,0.3232873103191257,94.49032258064516,31,5012,BEMBEZAR
1965-11-01,36.70671999999999,36.92140394757236,0.2146839475723674,126.93666666666667,30,5012,BEMBEZAR
1965-12-01,25.204032000000005,25.374017899610223,0.1699858996102183,156.28064516129032,31,5012,BEMBEZAR
1966-01-01,67.69999999999999,67.89275040602139,0.19275040602140447,189.1032258064516,31,5012,BEMBEZAR
1966-02-01,99.81846399999999,100.16323968838256,0.344775688382567,264.3178571428571,28,5012,BEMBEZAR
1966-03-01,14.156992000000047,14.795363786374226,0.6383717863741788,287.65161290322584,31,5012,BEMBEZAR
1966-04-01,15.093183999999978,15.865443933696366,0.7722599336963886,293.53,30,5012,BEMBEZAR
1966-05-01,0.4998400000000114,1.6839066758294803,1.184066675829469,300.8838709677419,31,5012,BEMBEZAR
1966-06-01,0.5007679999999779,2.060965111231243,1.5601971112312651,297.99666666666667,30,5012,BEMBEZAR
1966-07-01,-0.6009919999999995,1.249397924795945,1.8503899247959446,287.44193548387096,31,5012,BEMBEZAR
1966-08-01,0.0013760000000024863,1.5704496438554527,1.5690736438554502,254.63548387096773,31,5012,BEMBEZAR
1966-09-01,-0.0011839999999750939,0.9443522569485108,0.9455362569484859,213.66333333333333,30,5012,BEMBEZAR
1966-10-01,5.099999999999994,5.633247797435742,0.5332477974357478,199.34193548387097,31,5012,BEMBEZAR
1966-11-01,18.40048,18.697579789061002,0.2970997890610029,206.42333333333332,30,5012,BEMBEZAR
1966-12-01,0.7999039999999946,1.003963436336582,0.2040594363365872,205.49032258064514,31,5012,BEMBEZAR
1967-01-01,8.900032,9.1060771035527,0.20604510355269906,208.50322580645164,31,5012,BEMBEZAR
1967-02-01,33.140192000000006,33.45017351772951,0.30998151772950505,225.07857142857142,28,5012,BEMBEZAR
1967-03-01,21.700000000000017,22.297214225789595,0.5972142257895799,260.31612903225806,31,5012,BEMBEZAR
1967-04-01,1.6002880000000002,2.3270352242321795,0.7267472242321791,267.9533333333333,30,5012,BEMBEZAR
1967-05-01,0.4966079999999795,1.5620981709896076,1.065490170989628,256.8806451612903,31,5012,BEMBEZAR
1967-06-01,1.0008959999999973,2.2659853271932455,1.265089327193248,217.67000000000002,30,5012,BEMBEZAR
1967-07-01,0.0021759999999986235,1.3059335943541803,1.3037575943541817,170.25483870967741,31,5012,BEMBEZAR
1967-08-01,-0.00243199999998156,0.9827400286013495,0.985172028601331,126.69677419354838,31,5012,BEMBEZAR
1967-09-01,-0.009760000000010857,0.6017286840687301,0.611488684068741,111.08333333333333,30,5012,BEMBEZAR
1967-10-01,0.2992960000000115,0.6486792581733436,0.3493832581733321,105.71935483870968,31,5012,BEMBEZAR
1967-11-01,2.6998079999999915,2.890410768482312,0.19060276848232083,106.06666666666666,30,5012,BEMBEZAR
1967-12-01,0.9000000000000057,1.0329784509718787,0.13297845097187297,108.1,31,5012,BEMBEZAR
1968-01-01,0.29999999999999716,0.4336997612000571,0.1336997612000599,108.98064516129033,31,5012,BEMBEZAR
1968-02-01,72.4,72.62066708180527,0.22066708180525985,128.86206896551724,29,5012,BEMBEZAR
1968-03-01,38.0,38.519676099327036,0.5196760993270378,211.32258064516128,31,5012,BEMBEZAR
1968-04-01,19.799999999999983,20.461596467234603,0.6615964672346197,232.77,30,5012,BEMBEZAR
1968-05-01,0.501952000000012,1.5110129232273706,1.0090609232273584,236.71290322580643,31,5012,BEMBEZAR
1968-06-01,-0.0024640000000050594,1.2946109562523338,1.297074956252339,225.89333333333335,30,5012,BEMBEZAR
1968-07-01,0.0015680000000096728,1.398954464300321,1.3973864643003113,188.90967741935484,31,5012,BEMBEZAR
1968-08-01,0.000320000000000209,1.0073348639455193,1.0070148639455192,131.10967741935485,31,5012,BEMBEZAR
1968-09-01,-0.00016000000000199188,0.5578264994387289,0.5579864994387308,96.95,30,5012,BEMBEZAR
1968-10-01,-0.05404799999999302,0.22242149110159135,0.27646949110158436,74.47419354838709,31,5012,BEMBEZAR
1968-11-01,7.889855999999997,8.036739495395265,0.14688349539526732,71.76,30,5012,BEMBEZAR
1968-12-01,18.299999999999997,18.416073884358628,0.11607388435863003,88.19677419354838,31,5012,BEMBEZAR
1969-01-01,76.9,77.05437649180597,0.15437649180595922,136.57096774193548,31,5012,BEMBEZAR
1969-02-01,132.643328,132.94119805903506,0.2978700590350472,213.2607142857143,28,5012,BEMBEZAR
1969-03-01,180.249312,180.94958779412045,0.7002757941204516,330.57096774193553,31,5012,BEMBEZAR
1969-04-01,14.491584000000012,15.356785810285816,0.8652018102858041,348.06666666666666,30,5012,BEMBEZAR
1969-05-01,5.466783999999978,6.768443498980989,1.3016594989810115,346.80645161290323,31,5012,BEMBEZAR
1969-06-01,-0.014175999999965383,1.6830887892472841,1.6972647892472497,338.1166666666667,30,5012,BEMBEZAR
1969-07-01,-0.024607999999997243,1.9397601925187047,1.964368192518702,314.4709677419355,31,5012,BEMBEZAR
1969-08-01,0.047840000000013094,1.9980313204348532,1.95019132043484,276.9741935483871,31,5012,BEMBEZAR
1969-09-01,0.7869439999999723,1.5061910456003587,0.7192470456003863,253.47666666666666,30,5012,BEMBEZAR
1969-10-01,1.1450879999999943,1.6081016301075444,0.4630136301075499,248.31290322580645,31,5012,BEMBEZAR
1969-11-01,14.199999999999989,14.520416762150894,0.32041676215090475,251.89,30,5012,BEMBEZAR
1969-12-01,3.9688640000000124,4.1487482609935125,0.17988426099349977,261.85161290322577,31,5012,BEMBEZAR
1970-01-01,329.38048000000003,329.5127404040724,0.13226040407240033,303.4516129032258,31,5012,BEMBEZAR
1970-02-01,25.507488000000002,25.91218053944055,0.404692539440545,288.81428571428575,28,5012,BEMBEZAR
1970-03-01,6.100000000000023,6.645889781130575,0.5458897811305522,281.9193548387097,31,5012,BEMBEZAR
1970-04-01,6.3864,7.244748757678898,0.8583487576788971,284.39000000000004,30,5012,BEMBEZAR
1970-05-01,1.5927999999999662,2.717422788137552,1.1246227881375856,278.51290322580644,31,5012,BEMBEZAR
1970-06-01,11.121984000000012,12.242536903971091,1.1205529039710809,283.07666666666665,30,5012,BEMBEZAR
1970-07-01,-0.005440000000003886,1.5986480370775753,1.6040880370775792,268.1774193548387,31,5012,BEMBEZAR
1970-08-01,0.013056000000007173,1.4962157224396426,1.4831597224396353,233.99032258064514,31,5012,BEMBEZAR
1970-09-01,-0.013248000000004478,1.1358515098229451,1.1490995098229497,204.76333333333332,30,5012,BEMBEZAR
1970-10-01,0.014624000000000525,0.07883534327129489,0.06421134327129437,188.4806451612903,31,5012,BEMBEZAR
1970-11-01,0.18931199999999465,0.5379753821728857,0.34866338217289095,181.67999999999998,30,5012,BEMBEZAR
1970-12-01,0.018144,0.18983516391100116,0.17169116391100114,180.7,31,5012,BEMBEZAR
1971-01-01,6.0041280000000175,6.176645361477724,0.17251736147770716,182.00967741935486,31,5012,BEMBEZAR
1971-02-01,4.299999999999983,4.591398586807121,0.29139858680713837,189.85357142857143,28,5012,BEMBEZAR
1971-03-01,1.4616960000000172,1.9293598744671687,0.46766387446715146,189.7709677419355,31,5012,BEMBEZAR
1971-04-01,56.5,56.99543038434386,0.49543038434386205,229.44666666666666,30,5012,BEMBEZAR
1971-05-01,45.99999999999997,46.66856324781748,0.6685632478175122,267.3709677419355,31,5012,BEMBEZAR
1971-06-01,4.981024000000046,6.198388039040117,1.2173640390400717,295.99,30,5012,BEMBEZAR
1971-07-01,-0.03401600000000915,1.5159072209984703,1.5499232209984795,275.35806451612905,31,5012,BEMBEZAR
1971-08-01,0.09567999999999605,1.539576987446127,1.443896987446131,242.70322580645163,31,5012,BEMBEZAR
1971-09-01,0.03199999999998965,1.0004532670769783,0.9684532670769886,221.39333333333335,30,5012,BEMBEZAR
1971-10-01,-0.009311999999987108,0.7203887218717625,0.7297007218717496,204.86451612903227,31,5012,BEMBEZAR
1971-11-01,0.5898559999999831,0.9417884675378299,0.35193246753784685,196.94333333333333,30,5012,BEMBEZAR
1971-12-01,0.6181760000000003,0.8319688957901534,0.21379289579015312,195.43548387096774,31,5012,BEMBEZAR
1972-01-01,4.600000000000023,4.781380789780344,0.18138078978032085,196.21290322580646,31,5012,BEMBEZAR
1972-02-01,74.39999999999998,74.6396568687728,0.23965686877282585,256.78620689655173,29,5012,BEMBEZAR
1972-03-01,58.60000000000002,59.03695421478337,0.4369542147833504,299.56451612903226,31,5012,BEMBEZAR
1972-04-01,3.1882880000000124,4.247658644996504,1.0593706449964915,329.4,30,5012,BEMBEZAR
1972-05-01,1.5563840000000004,2.724291918173131,1.1679079181731304,321.1322580645161,31,5012,BEMBEZAR
1972-06-01,-0.06108800000002129,1.5359769465020885,1.5970649465021098,308.6433333333333,30,5012,BEMBEZAR
1972-07-01,0.013056000000012807,1.7022141060222058,1.689158106022193,274.05806451612904,31,5012,BEMBEZAR
1972-08-01,0.1348479999999901,1.5043801596068915,1.3695321596069014,233.41290322580645,31,5012,BEMBEZAR
1972-09-01,-0.006912000000004109,0.6898103926696822,0.6967223926696864,200.77666666666667,30,5012,BEMBEZAR
1972-10-01,24.264671999999994,24.554085489474122,0.2894134894741285,205.8774193548387,31,5012,BEMBEZAR
1972-11-01,31.089856,31.32706198745037,0.23720598745037175,240.0,30,5012,BEMBEZAR
1972-12-01,51.900000000000034,52.06417808933605,0.1641780893360162,272.583870967742,31,5012,BEMBEZAR
1973-01-01,43.640383999999955,43.841165840267124,0.20078184026716997,308.7870967741935,31,5012,BEMBEZAR
1973-02-01,7.666624000000046,8.073067414123889,0.40644341412384305,312.74285714285713,28,5012,BEMBEZAR
1973-03-01,2.9097279999999777,3.4958531149797567,0.5861251149797787,313.6548387096774,31,5012,BEMBEZAR
1973-04-01,1.7312640000000235,2.7071643328121313,0.9759003328121081,300.8066666666667,30,5012,BEMBEZAR
1973-05-01,5.808959999999989,6.822531776264772,1.0135717762647827,284.34838709677416,31,5012,BEMBEZAR
1973-06-01,0.25011199999996725,1.5516738357406068,1.3015618357406395,275.8366666666667,30,5012,BEMBEZAR
1973-07-01,-0.07295999999996416,1.4994744528063557,1.5724344528063199,241.73548387096776,31,5012,BEMBEZAR
1973-08-01,0.173856000000001,1.4950834788345273,1.3212274788345264,200.5258064516129,31,5012,BEMBEZAR
1973-09-01,0.011391999999983304,0.9815698143061191,0.9701778143061357,173.5,30,5012,BEMBEZAR
1973-10-01,0.7377280000000173,1.2178347234355529,0.48010672343553557,162.61612903225807,31,5012,BEMBEZAR
1973-11-01,0.09999999999999432,0.31098987268544487,0.21098987268545058,162.38333333333333,30,5012,BEMBEZAR
1973-12-01,6.099999999999994,6.260951840552415,0.16095184055242048,164.0193548387097,31,5012,BEMBEZAR
1974-01-01,2.4508480000000112,2.585700196899126,0.13485219689911457,169.96129032258065,31,5012,BEMBEZAR
1974-02-01,5.5,5.732131453028121,0.23213145302812033,172.25357142857143,28,5012,BEMBEZAR
1974-03-01,11.607807999999983,11.974137361279922,0.3663293612799395,174.75806451612902,31,5012,BEMBEZAR
1974-04-01,16.900000000000006,17.23981908113363,0.3398190811336233,186.87666666666667,30,5012,BEMBEZAR
1974-05-01,8.215616,9.096023179287583,0.880407179287582,204.1516129032258,31,5012,BEMBEZAR
1974-06-01,0.7809600000000009,1.6451339076856173,0.8641739076856163,191.72666666666666,30,5012,BEMBEZAR
1974-07-01,0.07744000000000162,1.4568068566500594,1.3793668566500576,167.50967741935486,31,5012,BEMBEZAR
1974-08-01,0.0005760000000072374,1.1389466450218153,1.138370645021808,127.71935483870968,31,5012,BEMBEZAR
1974-09-01,-0.7610560000000017,-0.12636743794697367,0.634688562053028,96.20333333333333,30,5012,BEMBEZAR
1974-10-01,-0.3195839999999994,0.027819720207319973,0.3474037202073194,77.93225806451613,31,5012,BEMBEZAR
1974-11-01,0.099328000000003,0.2546492094587814,0.15532120945877842,71.94666666666667,30,5012,BEMBEZAR
1974-12-01,-0.06217600000000566,0.03848120151399284,0.10065720151399847,71.19032258064516,31,5012,BEMBEZAR
1975-01-01,2.360063999999994,2.4444822782284095,0.08441827822841533,71.87741935483871,31,5012,BEMBEZAR
1975-02-01,18.400000000000006,18.508937008548283,0.10893700854827683,82.91785714285713,28,5012,BEMBEZAR
1975-03-01,40.0,40.23105404652844,0.2310540465284414,115.32903225806452,31,5012,BEMBEZAR
1975-04-01,4.099999999999994,4.568578036108521,0.4685780361085265,133.28666666666666,30,5012,BEMBEZAR
1975-05-01,1.8302080000000116,2.3801520608979545,0.5499440608979428,134.03225806451613,31,5012,BEMBEZAR
1975-06-01,-0.04831999999999928,0.5913448644440246,0.6396648644440239,125.52666666666667,30,5012,BEMBEZAR
1975-07-01,0.03331199999999934,1.05463937976518,1.0213273797651807,97.28709677419356,31,5012,BEMBEZAR
1975-08-01,0.03263999999999878,0.7287514936967336,0.696111493696735,62.23870967741936,31,5012,BEMBEZAR
1975-09-01,-0.008704000000000545,0.2780151583868178,0.2867191583868183,36.74333333333333,30,5012,BEMBEZAR
1975-10-01,-0.0030079999999973635,0.1639345759248103,0.16694257592480768,24.993548387096773,31,5012,BEMBEZAR
1975-11-01,0.033952000000000024,0.1294927564162951,0.09554075641629507,22.996666666666666,30,5012,BEMBEZAR
1975-12-01,1.531968,1.5678550512293343,0.0358870512293344,23.335483870967742,31,5012,BEMBEZAR
1976-01-01,0.4181439999999986,0.46774063687142936,0.04959663687143075,24.62258064516129,31,5012,BEMBEZAR
1976-02-01,8.3,8.371368824875248,0.07136882487524755,30.555172413793105,29,5012,BEMBEZAR
1976-03-01,3.0,3.1406121153401863,0.14061211534018597,34.832258064516125,31,5012,BEMBEZAR
1976-04-01,23.200000000000003,23.345670142178925,0.1456701421789222,43.61666666666667,30,5012,BEMBEZAR
1976-05-01,2.4696959999999946,2.8169972685199216,0.3473012685199273,60.79354838709677,31,5012,BEMBEZAR
1976-06-01,1.6225280000000066,2.088624398875035,0.46609639887502824,48.78333333333333,30,5012,BEMBEZAR
1976-07-01,0.5829119999999982,0.9876149553586154,0.4047029553586172,36.79677419354839,31,5012,BEMBEZAR
1976-08-01,0.03407999999999956,0.40136144399420415,0.3672814439942046,28.835483870967742,31,5012,BEMBEZAR
1976-09-01,22.575552,22.791555331181147,0.21600333118114812,27.853333333333335,30,5012,BEMBEZAR
1976-10-01,9.642144000000004,9.799760133879468,0.1576161338794635,52.593548387096774,31,5012,BEMBEZAR
1976-11-01,20.22896,20.32392259038961,0.09496259038960865,68.67333333333333,30,5012,BEMBEZAR
1976-12-01,36.89999999999999,36.95842332538722,0.05842332538723009,89.27741935483871,31,5012,BEMBEZAR
1977-01-01,147.50000000000003,147.59823632781902,0.09823632781898771,194.83870967741936,31,5012,BEMBEZAR
1977-02-01,104.29199999999996,104.45256029881136,0.16056029881140696,307.1892857142857,28,5012,BEMBEZAR
1977-03-01,20.538240000000048,21.214308077119583,0.6760680771195348,329.8838709677419,31,5012,BEMBEZAR
1977-04-01,1.5844479999999903,2.6104638016846895,1.026015801684699,313.97333333333336,30,5012,BEMBEZAR
1977-05-01,-0.5165760000000217,0.7314671191665281,1.2480431191665498,292.5193548387097,31,5012,BEMBEZAR
1977-06-01,-0.6626559999999648,0.6162931444279746,1.2789491444279395,274.99,30,5012,BEMBEZAR
1977-07-01,-1.393344000000033,0.03572914707069516,1.4290731470707283,253.86129032258063,31,5012,BEMBEZAR
1977-08-01,-1.254719999999986,0.10809591455759657,1.3628159145575827,222.58387096774194,31,5012,BEMBEZAR
1977-09-01,-0.6988160000000041,0.2712368116373534,0.9700528116373575,195.23333333333332,30,5012,BEMBEZAR
1977-10-01,0.017760000000017373,0.4577925782200435,0.4400325782200261,182.56451612903226,31,5012,BEMBEZAR
1977-11-01,1.1002239999999999,1.3434702509424434,0.24324625094244343,182.4633333333333,30,5012,BEMBEZAR
1977-12-01,84.89999999999998,85.02865585774684,0.12865585774686866,231.51612903225808,31,5012,BEMBEZAR
1978-01-01,22.757536000000012,22.968393682543123,0.21085768254311005,283.741935483871,31,5012,BEMBEZAR
1978-02-01,68.23801600000003,68.52718720717708,0.28917120717706185,289.0857142857143,28,5012,BEMBEZAR
1978-03-01,40.43321599999998,41.14694730054817,0.7137313005481899,340.05806451612904,31,5012,BEMBEZAR
1978-04-01,11.257632000000012,11.855079191221694,0.597447191221682,339.06333333333333,30,5012,BEMBEZAR
1978-05-01,9.60828799999999,10.57094034931922,0.9626523493192316,345.9709677419355,31,5012,BEMBEZAR
1978-06-01,2.2201600000000012,3.47416205769179,1.254002057691789,344.46666666666664,30,5012,BEMBEZAR
1978-07-01,3.051327999999991,5.070540681306035,2.019212681306044,322.15161290322584,31,5012,BEMBEZAR
1978-08-01,-1.54736000000001,0.17516477712368134,1.7225247771236913,287.40645161290325,31,5012,BEMBEZAR
1978-09-01,-0.9997439999999995,0.17687114305714677,1.1766151430571463,267.31666666666666,30,5012,BEMBEZAR
1978-10-01,0.216640000000029,0.980773389285525,0.764133389285496,254.1483870967742,31,5012,BEMBEZAR
1978-11-01,0.12595199999998863,0.46555627957180856,0.33960427957182,252.25333333333336,30,5012,BEMBEZAR
1978-12-01,14.700000000000017,14.8580910120483,0.15809101204828346,257.43548387096774,31,5012,BEMBEZAR
1979-01-01,161.250912,161.47054691098205,0.2196349109820242,302.10967741935485,31,5012,BEMBEZAR
1979-02-01,198.099872,198.4594120034089,0.3595400034088777,332.04285714285714,28,5012,BEMBEZAR
1979-03-01,70.37808,70.92878660882306,0.5507066088230703,343.3322580645161,31,5012,BEMBEZAR
1979-04-01,45.288896,46.19428359370151,0.9053875937015088,344.30333333333334,30,5012,BEMBEZAR
1979-05-01,1.4843199999999899,2.8624013636584045,1.3780813636584146,339.4,31,5012,BEMBEZAR
1979-06-01,-0.977759999999998,0.5397393906526614,1.5174993906526593,310.75333333333333,30,5012,BEMBEZAR
1979-07-01,-1.2752640000000082,0.2654301908960893,1.5406941908960974,272.9129032258064,31,5012,BEMBEZAR
1979-08-01,-1.5663039999999855,0.1091010007621614,1.6754050007621468,235.44516129032257,31,5012,BEMBEZAR
1979-09-01,1.1550399999999954,2.1041426113526494,0.9491026113526536,209.15,30,5012,BEMBEZAR
1979-10-01,32.602784000000014,33.007937001897766,0.4051530018977463,216.7741935483871,31,5012,BEMBEZAR
1979-11-01,2.452736,2.7429977235025964,0.2902617235025966,237.84333333333333,30,5012,BEMBEZAR
1979-12-01,1.0999999999999943,1.26918506847972,0.16918506847972561,238.83870967741936,31,5012,BEMBEZAR
1980-01-01,2.799999999999983,3.0266873499921116,0.2266873499921286,240.60000000000002,31,5012,BEMBEZAR
1980-02-01,2.0,2.2491102182843954,0.24911021828439522,243.0896551724138,29,5012,BEMBEZAR
1980-03-01,3.0,3.4593366177524287,0.4593366177524289,245.36129032258063,31,5012,BEMBEZAR
1980-04-01,0.04009600000001734,0.7754447019188992,0.735348701918882,242.63333333333333,30,5012,BEMBEZAR
1980-05-01,0.5970239999999831,1.420205743789076,0.8231817437890929,237.13225806451615,31,5012,BEMBEZAR
1980-06-01,-1.1018559999999815,0.24488959260175416,1.3467455926017355,216.76000000000002,30,5012,BEMBEZAR
1980-07-01,-1.1578879999999974,0.22296048999674928,1.3808484899967466,173.38709677419354,31,5012,BEMBEZAR
1980-08-01,-0.7293760000000091,0.19327855523136706,0.9226545552313762,129.1451612903226,31,5012,BEMBEZAR
1980-09-01,-0.5392319999999904,0.08640584890030738,0.6256378489002977,103.7,30,5012,BEMBEZAR
1980-10-01,-0.1443520000000083,0.18139101869451826,0.3257430186945266,90.88387096774194,31,5012,BEMBEZAR
1980-11-01,16.10000000000001,16.242710960713016,0.14271096071300696,100.25666666666666,30,5012,BEMBEZAR
1980-12-01,0.15270399999999432,0.2947075811482653,0.14200358114827097,105.79354838709678,31,5012,BEMBEZAR
1981-01-01,0.015584000000006037,0.17843019940410762,0.1628461994041016,104.8258064516129,31,5012,BEMBEZAR
1981-02-01,0.20000000000000284,0.39361182253022364,0.19361182253022077,102.82142857142857,28,5012,BEMBEZAR
1981-03-01,0.3999999999999915,0.7223629698480852,0.3223629698480937,103.21935483870968,31,5012,BEMBEZAR
1981-04-01,0.5525440000000059,0.8105890109751324,0.2580450109751264,102.08,30,5012,BEMBEZAR
1981-05-01,1.0698879999999948,1.627688826043093,0.557800826043098,97.29354838709678,31,5012,BEMBEZAR
1981-06-01,-0.41878399999999455,0.23471223248492898,0.6534962324849235,73.45,30,5012,BEMBEZAR
1981-07-01,-0.31328000000000034,0.22397181779177683,0.5372518177917772,43.89354838709678,31,5012,BEMBEZAR
1981-08-01,-0.0355519999999991,0.21310763654381532,0.24865963654381443,19.151612903225807,31,5012,BEMBEZAR
1981-09-01,0.0,0.13113788596842346,0.13113788596842346,10.2,30,5012,BEMBEZAR
1981-10-01,0.040608000000000005,0.13521145131723386,0.09460345131723386,10.270967741935484,31,5012,BEMBEZAR
1981-11-01,0.07020800000000038,0.13214414561300006,0.06193614561299968,10.126666666666667,30,5012,BEMBEZAR
1981-12-01,22.712095999999995,22.741823820159308,0.02972782015931036,11.664516129032258,31,5012,BEMBEZAR
1982-01-01,49.400000000000006,49.48414343049898,0.08414343049897814,62.7,31,5012,BEMBEZAR
1982-02-01,6.8999999999999915,7.045322760762925,0.14532276076293382,85.33214285714287,28,5012,BEMBEZAR
1982-03-01,1.3000000000000114,1.682525717893033,0.3825257178930216,90.01612903225806,31,5012,BEMBEZAR
1982-04-01,6.803679999999988,7.125954158808713,0.3222741588087246,93.95,30,5012,BEMBEZAR
1982-05-01,-0.1051839999999874,0.5212680264067888,0.6264520264067763,89.84193548387097,31,5012,BEMBEZAR
1982-06-01,-0.28454400000000357,0.28085535444323984,0.5653993544432434,57.12,30,5012,BEMBEZAR
1982-07-01,-0.10380799999999869,0.19524822231066066,0.29905622231065937,24.0,31,5012,BEMBEZAR
1982-08-01,-0.004991999999999518,0.21664840262077795,0.22164040262077742,15.529032258064515,31,5012,BEMBEZAR
1982-09-01,-0.03644800000000022,0.09427621373744083,0.13072421373744106,11.006666666666666,30,5012,BEMBEZAR
1982-10-01,-0.014031999999999625,0.06943634897542242,0.08346834897542205,9.929032258064517,31,5012,BEMBEZAR
1982-11-01,13.322032,13.374800147931873,0.052768147931873906,18.686666666666667,30,5012,BEMBEZAR
1982-12-01,2.678000000000001,2.7151494822782536,0.037149482278252585,24.57816129032258,31,5012,BEMBEZAR
1983-01-01,0.6469999999999985,0.6945074697833094,0.0475074697833109,26.301612903225806,31,5012,BEMBEZAR
1983-02-01,0.1750000000000007,0.2340030598842883,0.05900305988428758,26.63214285714286,28,5012,BEMBEZAR
1983-03-01,0.2560000000000002,0.4135755658874113,0.15757556588741106,26.835225806451614,31,5012,BEMBEZAR
1983-04-01,1.6209936000000016,1.7877497584928412,0.16675615849283978,27.217,30,5012,BEMBEZAR
1983-05-01,0.38695039999999825,0.58327566039687,0.19632526039687165,28.591677419354838,31,5012,BEMBEZAR
1983-06-01,0.002856000000002532,0.16640623639529192,0.1635502363952894,12.010633333333335,30,5012,BEMBEZAR
1983-07-01,0.007015999999998619,0.17665294669980253,0.16963694669980392,8.88141935483871,31,5012,BEMBEZAR
1983-08-01,-0.003019199999998767,0.15131399948946128,0.15433319948946006,8.650225806451612,31,5012,BEMBEZAR
1983-09-01,-1.4400000000869446e-05,0.14163660314108886,0.14165100314108975,8.494133333333334,30,5012,BEMBEZAR
1983-10-01,-0.020779199999999776,0.04351732944956862,0.06429652944956839,8.346096774193548,31,5012,BEMBEZAR
1983-11-01,29.050985599999997,29.109085137991364,0.05809953799136809,19.103866666666665,30,5012,BEMBEZAR
1983-12-01,41.162000000000006,41.24221746813341,0.08021746813341035,51.56093548387096,31,5012,BEMBEZAR
1984-01-01,4.359999999999999,4.470015423935094,0.11001542393509493,81.34822580645161,31,5012,BEMBEZAR
1984-02-01,1.6850000000000023,1.851106999533509,0.16610699953350683,83.71886206896552,29,5012,BEMBEZAR
1984-03-01,28.516999999999996,28.817369012622564,0.30036901262256743,93.02229032258064,31,5012,BEMBEZAR
1984-04-01,5.581999999999994,6.0001702996347595,0.418170299634766,116.9559,30,5012,BEMBEZAR
1984-05-01,2.304974400000005,2.9401568715967725,0.6351824715967672,118.21906451612904,31,5012,BEMBEZAR
1984-06-01,0.32413600000000775,1.108273520182832,0.7841375201828242,106.33210000000001,30,5012,BEMBEZAR
1984-07-01,-0.3250768000000068,0.37183376560530723,0.6969105656053141,66.77796774193548,31,5012,BEMBEZAR
1984-08-01,-0.17505279999999618,0.26536167329618543,0.44041447329618166,37.91638709677419,31,5012,BEMBEZAR
1984-09-01,-0.10492160000000184,0.15224517705713808,0.2571667770571399,30.300433333333334,30,5012,BEMBEZAR
1984-10-01,-0.00036319999999772506,0.14649184696854917,0.1468550469685469,28.80941935483871,31,5012,BEMBEZAR
1984-11-01,20.9398576,21.03884584891031,0.09898824891030883,39.97613333333334,30,5012,BEMBEZAR
1984-12-01,7.158999999999999,7.243449147690289,0.08444914769029042,54.71787096774193,31,5012,BEMBEZAR
1985-01-01,80.10399999999998,80.2104063707807,0.10640637078071385,79.17038709677419,31,5012,BEMBEZAR
1985-02-01,38.345,38.587233371282046,0.24223337128205152,155.59721428571427,28,5012,BEMBEZAR
1985-03-01,5.0330000000000155,5.497590107058708,0.4645901070586926,178.5878064516129,31,5012,BEMBEZAR
1985-04-01,4.861963200000005,5.418090169945723,0.5561269699457174,179.36916666666667,30,5012,BEMBEZAR
1985-05-01,3.039036799999976,3.892099502284648,0.8530627022846723,183.99570967741937,31,5012,BEMBEZAR
1985-06-01,0.6809472000000085,1.7683997277061503,1.0874525277061418,173.4209,30,5012,BEMBEZAR
1985-07-01,-0.4971007999999968,0.6597854516647679,1.1568862516647647,142.297,31,5012,BEMBEZAR
1985-08-01,-0.5210752000000008,0.36423129145359195,0.8853064914535929,107.90432258064517,31,5012,BEMBEZAR
1985-09-01,-0.35070719999998956,0.20919077249485368,0.5598979724948433,97.32416666666667,30,5012,BEMBEZAR
1985-10-01,-0.32087999999999867,0.0007247669782066944,0.3216047669782054,93.3651935483871,31,5012,BEMBEZAR
1985-11-01,-0.03300160000000431,0.1412122692196142,0.1742138692196185,92.68326666666667,30,5012,BEMBEZAR
1985-12-01,9.249027200000004,9.368919157977148,0.11989195797714287,92.54829032258064,31,5012,BEMBEZAR
1986-01-01,10.087999999999994,10.220360845667464,0.13236084566747103,107.36158064516128,31,5012,BEMBEZAR
1986-02-01,32.107,32.310837083068186,0.20383708306818624,120.13635714285715,28,5012,BEMBEZAR
1986-03-01,10.705000000000013,11.118878883463355,0.4138788834633425,150.1703870967742,31,5012,BEMBEZAR
1986-04-01,1.4590000000000032,1.9612962088116974,0.5022962088116943,153.9656,30,5012,BEMBEZAR
1986-05-01,-0.07294400000001733,0.6776332334346291,0.7505772334346464,151.8633870967742,31,5012,BEMBEZAR
1986-06-01,-0.7119039999999967,0.2027020281665291,0.9146060281665257,133.84596666666667,30,5012,BEMBEZAR
1986-07-01,-0.7631343999999993,0.1098542512980328,0.8729886512980322,93.44809677419354,31,5012,BEMBEZAR
1986-08-01,-0.4499583999999939,0.12966243302249572,0.5796208330224896,57.259838709677425,31,5012,BEMBEZAR
1986-09-01,-0.26708959999999743,0.06820160469586264,0.33529120469586005,45.11,30,5012,BEMBEZAR
1986-10-01,-0.07703840000000606,0.108868732198161,0.18590713219816707,41.03458064516129,31,5012,BEMBEZAR
1986-11-01,0.8060783999999998,0.9071179421872483,0.10103954218724848,40.93736666666667,30,5012,BEMBEZAR
1986-12-01,0.05200000000000671,0.1220194299285417,0.07001942992853499,41.30296774193548,31,5012,BEMBEZAR
1987-01-01,23.06496959999999,23.14033769223871,0.07536809223871602,46.21922580645161,31,5012,BEMBEZAR
1987-02-01,32.757000000000005,32.91784852391085,0.16084852391083984,84.22975,28,5012,BEMBEZAR
1987-03-01,4.218999999999994,4.535134050891134,0.31613405089114005,100.244,31,5012,BEMBEZAR
1987-04-01,4.0760176000000055,4.4622677128747075,0.3862501128747019,103.82433333333333,30,5012,BEMBEZAR
1987-05-01,-0.011120000000005056,0.5532997512638852,0.5644197512638903,99.08541935483872,31,5012,BEMBEZAR
1987-06-01,-0.3121183999999908,0.2826959817259987,0.5948143817259895,70.36353333333334,30,5012,BEMBEZAR
1987-07-01,1.314092800000001,1.8701108299231217,0.5560180299231209,47.38590322580645,31,5012,BEMBEZAR
1987-08-01,-0.2741407999999979,0.1543473353575556,0.4284881353575535,36.3501935483871,31,5012,BEMBEZAR
1987-09-01,-0.09900800000000344,0.17944004310177028,0.27844804310177373,34.1288,30,5012,BEMBEZAR
1987-10-01,4.827851200000001,4.993055476597307,0.1652042765973055,34.38248387096774,31,5012,BEMBEZAR
1987-11-01,15.353000000000002,15.467407467284666,0.11440746728466399,49.44823333333333,30,5012,BEMBEZAR
1987-12-01,175.119,175.29159859089194,0.17259859089192592,165.38600000000002,31,5012,BEMBEZAR
1988-01-01,95.86798080000001,96.10997156030054,0.24199076030052458,266.0391935483871,31,5012,BEMBEZAR
1988-02-01,24.581035199999985,24.98345990559688,0.40242470559690036,315.69651724137935,29,5012,BEMBEZAR
1988-03-01,3.114958399999983,3.7980114064338766,0.6830530064338936,318.3661935483871,31,5012,BEMBEZAR
1988-04-01,2.092955200000035,2.899742181444811,0.8067869814447758,313.4164,30,5012,BEMBEZAR
1988-05-01,1.9029072000000025,3.1185393908640804,1.2156321908640781,312.9969677419355,31,5012,BEMBEZAR
1988-06-01,1.4559375999999724,2.9926521089936324,1.5367145089936602,291.3251666666667,30,5012,BEMBEZAR
1988-07-01,-0.39903199999997885,1.3249090215359798,1.7239410215359587,258.55306451612904,31,5012,BEMBEZAR
1988-08-01,-1.2648639999999913,0.22063521400028818,1.4854992140002794,234.48999999999998,31,5012,BEMBEZAR
1988-09-01,-0.23707680000002102,0.7034652395613946,0.9405420395614157,211.94716666666667,30,5012,BEMBEZAR
1988-10-01,0.08704000000001544,0.608526812243772,0.5214868122437566,192.78345161290324,31,5012,BEMBEZAR
1988-11-01,11.411958400000003,11.701829988956206,0.2898715889562021,198.94023333333334,30,5012,BEMBEZAR
1988-12-01,0.32997119999999325,0.5308581363764401,0.2008869363764468,200.7158064516129,31,5012,BEMBEZAR
1989-01-01,0.9260064000000037,1.1268133704487322,0.20080697044872844,200.59577419354838,31,5012,BEMBEZAR
1989-02-01,1.3529999999999802,1.6408553876210437,0.2878553876210634,201.3085,28,5012,BEMBEZAR
1989-03-01,1.2329888000000269,1.7329099410831874,0.49992114108316055,199.34129032258065,31,5012,BEMBEZAR
1989-04-01,2.7089599999999976,3.3068760798198786,0.5979160798198809,199.9606,30,5012,BEMBEZAR
1989-05-01,-0.031102400000010744,0.8485821460781662,0.8796845460781769,192.7291612903226,31,5012,BEMBEZAR
1989-06-01,-0.8618879999999889,0.1625111701228007,1.0243991701227895,158.6807333333333,30,5012,BEMBEZAR
1989-07-01,-0.9707824000000074,0.031523478261876556,1.0023058782618839,114.84548387096774,31,5012,BEMBEZAR
1989-08-01,-0.009022399999993106,0.7242055089589029,0.733227908958896,81.44035483870967,31,5012,BEMBEZAR
1989-09-01,0.6810528000000005,1.1130126646160483,0.4319598646160478,65.95163333333333,30,5012,BEMBEZAR
1989-10-01,-0.08302720000000743,0.16760656792903367,0.2506337679290411,64.23329032258064,31,5012,BEMBEZAR
1989-11-01,77.4700208,77.62660056138292,0.15657976138292157,80.15703333333333,30,5012,BEMBEZAR
1989-12-01,303.23293920000003,303.4728397936482,0.2399005936481493,265.0873870967742,31,5012,BEMBEZAR
1990-01-01,50.12496639999998,50.400377504324545,0.2754111043245693,322.2053548387097,31,5012,BEMBEZAR
1990-02-01,13.37810400000002,13.77630905817476,0.3982050581747404,327.5388571428571,28,5012,BEMBEZAR
1990-03-01,3.1890048000000033,3.887403360245969,0.6983985602459657,329.1537419354839,31,5012,BEMBEZAR
1990-04-01,7.315883199999968,8.158057313048348,0.8421741130483805,334.2637666666667,30,5012,BEMBEZAR
1990-05-01,2.061107200000042,3.329692628301564,1.2685854283015223,333.6771612903226,31,5012,BEMBEZAR
1990-06-01,-0.6000831999999995,0.9816648549484323,1.5817480549484317,304.24576666666667,30,5012,BEMBEZAR
1990-07-01,-0.6369536000000247,1.104390993058068,1.7413445930580926,262.5148064516129,31,5012,BEMBEZAR
1990-08-01,-1.2180992000000024,0.19898503596515593,1.4170842359651583,218.56074193548386,31,5012,BEMBEZAR
1990-09-01,0.03184160000001649,0.9166014459121757,0.8847598459121592,193.3124,30,5012,BEMBEZAR
1990-10-01,0.5199039999999957,1.032386795141057,0.5124827951410614,187.81164516129033,31,5012,BEMBEZAR
1990-11-01,2.2120176000000074,2.491688912975427,0.2796713129754197,188.517,30,5012,BEMBEZAR
1990-12-01,0.15503200000000772,0.3483033243832153,0.1932713243832076,189.41070967741936,31,5012,BEMBEZAR
1991-01-01,0.06796639999999227,0.2612010111952026,0.19323461119521038,189.35674193548388,31,5012,BEMBEZAR
1991-02-01,8.986999999999995,9.266079625492004,0.2790796254920097,192.18482142857144,28,5012,BEMBEZAR
1991-03-01,109.02599999999998,109.64831707034702,0.6223170703470444,277.8634193548387,31,5012,BEMBEZAR
1991-04-01,1.8570608000000253,2.6493443719518854,0.7922835719518602,305.0055333333333,30,5012,BEMBEZAR
1991-05-01,0.38204479999998003,1.5474544919888262,1.1654096919888461,293.828,31,5012,BEMBEZAR
1991-06-01,0.597254400000013,2.013286442492582,1.4160320424925692,257.76143333333334,30,5012,BEMBEZAR
1991-07-01,-1.271937600000003,0.2186807830214724,1.4906183830214754,207.9913870967742,31,5012,BEMBEZAR
1991-08-01,-0.812067199999991,0.3821748698432533,1.1942420698432443,169.07412903225807,31,5012,BEMBEZAR
1991-09-01,-0.41477280000001304,0.3332784336369861,0.7480512336369991,150.28613333333334,30,5012,BEMBEZAR
1991-10-01,0.5300576000000043,0.9663813797056539,0.4363237797056495,147.54132258064516,31,5012,BEMBEZAR
1991-11-01,-0.05790239999998836,0.17929677674026093,0.2371991767402493,147.24723333333336,30,5012,BEMBEZAR
1991-12-01,1.0229999999999961,1.1865641155469238,0.16356411554692757,147.46393548387096,31,5012,BEMBEZAR
1992-01-01,-0.023991999999984075,0.13981945046342253,0.16381145046340662,147.79841935483873,31,5012,BEMBEZAR
1992-02-01,1.869894399999993,2.1126064674981886,0.24271206749819527,147.86965517241381,29,5012,BEMBEZAR
1992-03-01,-0.0009615999999968913,0.4100202690057315,0.4109818690057284,148.58674193548387,31,5012,BEMBEZAR
1992-04-01,5.058062399999999,5.554808771235729,0.4967463712357298,151.4235666666667,30,5012,BEMBEZAR
1992-05-01,-0.3109680000000072,0.4112775957764592,0.7222455957764664,143.3793870967742,31,5012,BEMBEZAR
1992-06-01,9.969056000000013,10.869395141992902,0.9003391419928894,130.64436666666668,30,5012,BEMBEZAR
1992-07-01,-0.7880816000000067,0.2153395926488636,1.0034211926488703,114.98641935483872,31,5012,BEMBEZAR
1992-08-01,-0.5119072000000051,0.19150759395338368,0.7034147939533888,76.62464516129032,31,5012,BEMBEZAR
1992-09-01,0.07301440000000224,0.4498243930545027,0.3768099930545005,53.73356666666667,30,5012,BEMBEZAR
1992-10-01,3.610953600000001,3.833915204564097,0.22296160456409558,53.90264516129032,31,5012,BEMBEZAR
1992-11-01,0.29206560000000054,0.4172032510264563,0.12513765102645572,56.4234,30,5012,BEMBEZAR
1992-12-01,0.3019999999999996,0.3883006308750126,0.08630063087501298,56.51641935483871,31,5012,BEMBEZAR
1993-01-01,0.13400000000000034,0.22054809264885422,0.08654809264885387,56.75964516129032,31,5012,BEMBEZAR
1993-02-01,0.7899999999999991,0.9145130483428496,0.1245130483428505,57.269642857142856,28,5012,BEMBEZAR
1993-03-01,0.20493760000000202,0.4231039916839682,0.21816639168396618,57.46835483870968,31,5012,BEMBEZAR
1993-04-01,-0.12102240000000225,0.13646204513736146,0.2574844451373637,56.508066666666664,30,5012,BEMBEZAR
1993-05-01,0.48801440000000085,0.8761404608577257,0.38812606085772483,56.466903225806455,31,5012,BEMBEZAR
1993-06-01,-0.4530063999999997,0.06088179998110031,0.5138881999811,56.330400000000004,30,5012,BEMBEZAR
1993-07-01,-0.6388384000000045,-0.040745119556536966,0.5980932804434675,52.853806451612904,31,5012,BEMBEZAR
1993-08-01,-0.6430751999999943,-0.14035659276665816,0.5027186072333362,46.16183870967742,31,5012,BEMBEZAR
1993-09-01,-0.323401600000004,0.010896521814726496,0.3342981218147305,44.896166666666666,30,5012,BEMBEZAR
1993-10-01,-0.014859200000001231,0.18012304244261307,0.19498224244261428,44.07509677419355,31,5012,BEMBEZAR
1993-11-01,15.334000000000003,15.459084743797115,0.12508474379711154,56.44593333333333,30,5012,BEMBEZAR
1993-12-01,0.5600000000000023,0.6493210534510052,0.08932105345100287,59.50925806451613,31,5012,BEMBEZAR
1994-01-01,6.276000000000003,6.369163931113175,0.09316393111317206,63.40690322580645,31,5012,BEMBEZAR
1994-02-01,2.4509999999999934,2.589316560495424,0.13831656049543045,67.05314285714286,28,5012,BEMBEZAR
1994-03-01,9.027000000000001,9.29067641856858,0.263676418568579,76.36277419354839,31,5012,BEMBEZAR
1994-04-01,0.07402400000000112,0.38392436800700375,0.3099003680070026,74.61726666666667,30,5012,BEMBEZAR
1994-05-01,-0.15712160000000733,0.30610943748505004,0.4632310374850574,73.62612903225806,31,5012,BEMBEZAR
1994-06-01,0.012113600000006483,0.5269021175225198,0.5147885175225133,56.650099999999995,30,5012,BEMBEZAR
1994-07-01,-0.6030783999999966,-0.0758334887794362,0.5272449112205604,43.74777419354839,31,5012,BEMBEZAR
1994-08-01,-0.48380800000000473,-0.01675816591832311,0.4670498340816816,41.33674193548387,31,5012,BEMBEZAR
1994-09-01,0.06991039999999898,0.37656291996044955,0.30665251996045056,39.4459,30,5012,BEMBEZAR
1994-10-01,-0.02005759999999388,0.15552626929748717,0.17558386929748104,37.667032258064516,31,5012,BEMBEZAR
1994-11-01,0.05500799999999839,0.13764650776321888,0.0826385077632205,30.306733333333334,30,5012,BEMBEZAR
1994-12-01,0.01393760000000074,0.06965585165084,0.05571825165083926,29.319032258064517,31,5012,BEMBEZAR
1995-01-01,0.4300191999999972,0.4835008267713199,0.05348162677132268,27.573645161290322,31,5012,BEMBEZAR
1995-02-01,0.5179680000000004,0.5938898709783624,0.07592187097836188,27.26882142857143,28,5012,BEMBEZAR
1995-03-01,1.1739776000000017,1.3065637000585706,0.13258610005856872,27.227645161290322,31,5012,BEMBEZAR
1995-04-01,-0.1060591999999994,0.05024336121933953,0.15630256121933894,26.725933333333334,30,5012,BEMBEZAR
1995-05-01,-0.2499567999999996,-0.026242234269078242,0.22371456573092136,24.7151935483871,31,5012,BEMBEZAR
1995-06-01,-0.25296000000000096,0.02984530612760946,0.2828053061276104,23.004166666666666,30,5012,BEMBEZAR
1995-07-01,-0.31096000000000146,0.008551056098052573,0.3195110560980541,20.63590322580645,31,5012,BEMBEZAR
1995-08-01,-0.23413439999999755,0.035655061040947685,0.26978946104094526,18.15816129032258,31,5012,BEMBEZAR
1995-09-01,-0.18404800000000135,-0.010449220469109871,0.17359877953089148,16.800633333333334,30,5012,BEMBEZAR
1995-10-01,-0.06991519999999929,0.027822532259864502,0.09773773225986379,15.656354838709676,31,5012,BEMBEZAR
1995-11-01,29.424969599999997,29.500468573758543,0.07549897375854517,27.6415,30,5012,BEMBEZAR
1995-12-01,74.3850288,74.46918884337592,0.08416004337591865,63.27364516129032,31,5012,BEMBEZAR
1996-01-01,399.85491360000003,400.07102402973726,0.2161104297372689,227.1025806451613,31,5012,BEMBEZAR
1996-02-01,100.34897120000002,100.74144060931346,0.3924694093134281,304.070724137931,29,5012,BEMBEZAR
1996-03-01,6.432999999999993,7.043811189412102,0.6108111894121092,315.31358064516127,31,5012,BEMBEZAR
1996-04-01,1.3240144000000094,2.246232647569734,0.9222182475697245,316.7126,30,5012,BEMBEZAR
1996-05-01,16.066980799999975,17.153553915423828,1.086573115423855,325.7542258064516,31,5012,BEMBEZAR
1996-06-01,-3.2008752000000067,-1.2185090906077858,1.9823661093922207,313.0145,30,5012,BEMBEZAR
1996-07-01,-3.2151199999999553,-1.261159014481759,1.9539609855181963,282.24425806451615,31,5012,BEMBEZAR
1996-08-01,-2.699016000000039,-1.0216190203959177,1.6773969796041215,261.5064516129032,31,5012,BEMBEZAR
1996-09-01,-0.486043199999978,0.43300179228208474,0.9190449922820627,250.0339,30,5012,BEMBEZAR
1996-10-01,0.41710240000000487,1.0545299688254692,0.6374275688254645,248.77151612903228,31,5012,BEMBEZAR
1996-11-01,1.0690127999999919,1.3498158965520497,0.2808030965520578,249.31713333333335,30,5012,BEMBEZAR
1996-12-01,294.9118768,295.24797301132025,0.3360962113202499,282.57132258064513,31,5012,BEMBEZAR
1997-01-01,228.09004319999997,228.35380755126997,0.26376435126998643,301.9894516129032,31,5012,BEMBEZAR
1997-02-01,11.702025600000011,12.038008782381254,0.3359831823812426,299.94360714285716,28,5012,BEMBEZAR
1997-03-01,3.6488559999999994,4.594532541912626,0.9456765419126267,302.23361290322583,31,5012,BEMBEZAR
1997-04-01,3.339169599999999,4.253930488178186,0.9147608881781871,291.7895,30,5012,BEMBEZAR
1997-05-01,1.1158799999999758,2.3158686107246895,1.1999886107247135,283.0775161290323,31,5012,BEMBEZAR
1997-06-01,2.94587200000004,4.2455742827170395,1.299702282716999,269.0210333333333,30,5012,BEMBEZAR
1997-07-01,-0.06918560000001828,1.3672612481401916,1.4364468481402097,240.82493548387097,31,5012,BEMBEZAR
1997-08-01,-0.38296959999999386,0.8621609037088134,1.2451305037088074,219.85170967741936,31,5012,BEMBEZAR
1997-09-01,-0.49200160000000315,0.38779745446698,0.8797990544669831,208.18783333333334,30,5012,BEMBEZAR
1997-10-01,0.6580192000000105,1.2030874115072934,0.5450682115072829,206.0044516129032,31,5012,BEMBEZAR
1997-11-01,78.07295200000002,78.30312063924332,0.23016863924330783,229.63843333333335,30,5012,BEMBEZAR
1997-12-01,134.51396799999998,134.72946136850047,0.2154933685004673,293.2711935483871,31,5012,BEMBEZAR
1998-01-01,30.053776000000024,30.249925274126824,0.1961492741267972,298.1566129032258,31,5012,BEMBEZAR
1998-02-01,175.9249392,176.20177266105748,0.27683346105747253,300.20542857142857,28,5012,BEMBEZAR
1998-03-01,6.12211199999999,6.917752641086638,0.795640641086648,304.4721612903226,31,5012,BEMBEZAR
1998-04-01,2.6189648000000054,3.372821131866573,0.7538563318665672,307.6927333333333,30,5012,BEMBEZAR
1998-05-01,5.701081599999967,6.618200607473217,0.9171190074732498,310.0195483870968,31,5012,BEMBEZAR
1998-06-01,2.1040479999999957,3.477269465750943,1.373221465750947,305.95466666666664,30,5012,BEMBEZAR
1998-07-01,-0.9091007999999717,0.6836698172812317,1.5927706172812035,275.74616129032256,31,5012,BEMBEZAR
1998-08-01,-0.9068048000000173,0.5117173977002363,1.4185221977002536,245.9694516129032,31,5012,BEMBEZAR
1998-09-01,-0.6079647999999949,0.33602464306408236,0.9439894430640772,231.38066666666666,30,5012,BEMBEZAR
1998-10-01,-0.26086239999997995,0.43492560908567807,0.6957880090856581,229.5965483870968,31,5012,BEMBEZAR
1998-11-01,-0.03303840000000363,0.2854425949301699,0.3184809949301735,229.08806666666666,30,5012,BEMBEZAR
1998-12-01,0.2779983999999905,0.515287469040077,0.23728906904008654,228.5213870967742,31,5012,BEMBEZAR
1999-01-01,1.2870784000000013,1.5064791052737272,0.21940070527372577,229.09229032258065,31,5012,BEMBEZAR
1999-02-01,0.34689600000000004,0.7105167627887676,0.3636207627887676,229.38750000000002,28,5012,BEMBEZAR
1999-03-01,1.0572720000000047,1.61546677981854,0.5581947798185353,223.91748387096774,31,5012,BEMBEZAR
1999-04-01,0.02316479999998866,0.9140089866566814,0.8908441866566927,212.13233333333335,30,5012,BEMBEZAR
1999-05-01,-0.2249535999999956,0.7642670846643005,0.9892206846642961,201.21429032258064,31,5012,BEMBEZAR
1999-06-01,-0.5181776000000003,0.6541969775995624,1.1723745775995629,169.6028,30,5012,BEMBEZAR
1999-07-01,-0.9071743999999957,0.1535170768843418,1.0606914768843376,131.64006451612903,31,5012,BEMBEZAR
1999-08-01,-0.6920015999999887,0.17113138898131477,0.8631329889813034,103.90732258064516,31,5012,BEMBEZAR
1999-09-01,-0.11115520000000406,0.4365607566028048,0.5477159566028089,94.15363333333333,30,5012,BEMBEZAR
1999-10-01,22.266995199999993,22.517379922087773,0.2503847220877812,98.84412903225807,31,5012,BEMBEZAR
1999-11-01,2.4849999999999994,2.655274965597382,0.17027496559738242,117.7273,30,5012,BEMBEZAR
1999-12-01,2.2550000000000097,2.397371715385493,0.14237171538548368,119.75432258064517,31,5012,BEMBEZAR
2000-01-01,2.2049999999999983,2.3252613751337052,0.12026137513370704,122.21270967741935,31,5012,BEMBEZAR
2000-02-01,0.6579647999999948,0.9187056724089885,0.2607408724089937,123.6211724137931,29,5012,BEMBEZAR
2000-03-01,0.14204160000000002,0.5423323550694211,0.40029075506942113,123.79916129032257,31,5012,BEMBEZAR
2000-04-01,29.958,30.31237180506872,0.35437180506872273,138.76670000000001,30,5012,BEMBEZAR
2000-05-01,20.051956800000013,20.73653594230267,0.6845791423026575,168.2895483870968,31,5012,BEMBEZAR
2000-06-01,-0.643953600000007,0.39182501725980273,1.0357786172598096,158.07090000000002,30,5012,BEMBEZAR
2000-07-01,-0.9960271999999968,0.06637704837767003,1.0624042483776668,129.55293548387098,31,5012,BEMBEZAR
2000-08-01,-0.8138496000000036,0.10730820427605145,0.921157804276055,114.50396774193548,31,5012,BEMBEZAR
2000-09-01,-0.5340992000000014,0.1011155853709932,0.6352147853709946,111.5643,30,5012,BEMBEZAR
2000-10-01,0.08105119999999652,0.46436904216927594,0.38331784216927944,110.92909677419355,31,5012,BEMBEZAR
2000-11-01,0.6230464000000013,0.7756912656041252,0.1526448656041238,110.81976666666667,30,5012,BEMBEZAR
2000-12-01,42.72700319999999,42.84657278047988,0.11956958047988943,121.3941935483871,31,5012,BEMBEZAR
2001-01-01,152.58995040000005,152.7408266972552,0.15087629725516027,242.4131935483871,31,5012,BEMBEZAR
2001-02-01,18.42603999999996,18.769646051258306,0.3436060512583425,310.2147142857143,28,5012,BEMBEZAR
2001-03-01,153.6470928,154.15458873702386,0.5074959370238403,324.68548387096774,31,5012,BEMBEZAR
2001-04-01,2.9929823999999883,3.8343876809993755,0.8414052809993872,333.8038666666667,30,5012,BEMBEZAR
2001-05-01,2.2688960000000327,3.298653998384027,1.0297579983839944,331.7826129032258,31,5012,BEMBEZAR
2001-06-01,-0.5760144000000148,1.219637962543747,1.7956523625437617,309.7794666666667,30,5012,BEMBEZAR
2001-07-01,-1.3440704000000183,0.4117721230820247,1.755842523082043,280.09538709677423,31,5012,BEMBEZAR
2001-08-01,-0.7998943999999761,0.6877667630247918,1.4876611630247678,253.80145161290324,31,5012,BEMBEZAR
2001-09-01,0.13706240000000333,1.0353762825905577,0.8983138825905543,241.62223333333336,30,5012,BEMBEZAR
2001-10-01,18.14802079999997,18.57060711543479,0.42258631543481934,246.73532258064517,31,5012,BEMBEZAR
2001-11-01,24.868547200000016,25.1289164714953,0.26036927149528694,275.94593333333336,30,5012,BEMBEZAR
2001-12-01,7.105051199999982,7.314927958291446,0.20987675829146385,281.75751612903224,31,5012,BEMBEZAR
2002-01-01,23.904208,24.120677611916907,0.2164696119169074,295.140129032258,31,5012,BEMBEZAR
2002-02-01,3.7629488000000393,4.074171834945394,0.3112230349453552,292.8592142857143,28,5012,BEMBEZAR
2002-03-01,23.430999999999983,23.961670303297836,0.530670303297853,304.7332580645161,31,5012,BEMBEZAR
2002-04-01,23.57899360000001,24.325001813980148,0.746008213980138,330.89563333333336,30,5012,BEMBEZAR
2002-05-01,1.7240559999999798,3.0457508796979127,1.321694879697933,336.01409677419355,31,5012,BEMBEZAR
2002-06-01,0.2570928000000293,1.7585192724218923,1.501426472421863,312.4653,30,5012,BEMBEZAR
2002-07-01,0.28418239999999473,2.0665434505197644,1.7823610505197698,286.45461290322584,31,5012,BEMBEZAR
2002-08-01,0.4800607999999959,1.8957152011510598,1.4156544011510641,260.92267741935484,31,5012,BEMBEZAR
2002-09-01,2.8248687999999977,3.553797790877938,0.7289289908779405,248.72476666666668,30,5012,BEMBEZAR
2002-10-01,0.929971199999998,1.3371652641156995,0.40719406411570147,250.20648387096773,31,5012,BEMBEZAR
2002-11-01,10.422915200000029,10.668741356941167,0.24582615694113796,253.12006666666667,30,5012,BEMBEZAR
2002-12-01,52.42504479999999,52.63153710526596,0.20649230526597565,275.1,31,5012,BEMBEZAR
2003-01-01,23.394032000000003,23.587905144542116,0.19387314454211396,292.9821935483871,31,5012,BEMBEZAR
2003-02-01,43.50501440000001,43.76179382064973,0.25677942064972437,299.7323571428571,28,5012,BEMBEZAR
2003-03-01,21.557908799999957,22.116485484019332,0.5585766840193739,329.03367741935483,31,5012,BEMBEZAR
2003-04-01,9.612012800000048,10.277415870071485,0.6654030700714355,338.3145,30,5012,BEMBEZAR
2003-05-01,1.2230895999999771,2.5749381689816255,1.3518485689816482,338.4666774193549,31,5012,BEMBEZAR
2003-06-01,-0.2550959999999993,1.2827411109865527,1.537837110986552,316.98859999999996,30,5012,BEMBEZAR
2003-07-01,-0.3541248000000018,1.4652838602347742,1.819408660234776,290.23390322580644,31,5012,BEMBEZAR
2003-08-01,-0.2760879999999878,1.4830969709933748,1.7591849709933625,261.95422580645163,31,5012,BEMBEZAR
2003-09-01,-0.6811872000000104,0.4998732440184842,1.1810604440184946,244.0234,30,5012,BEMBEZAR
2003-10-01,56.25504960000001,56.60119669450861,0.34614709450859693,247.27590322580645,31,5012,BEMBEZAR
2003-11-01,89.0289136,89.28106262913008,0.25214902913007753,296.5011666666667,30,5012,BEMBEZAR
2003-12-01,127.7099824,127.90834415321838,0.19836175321838073,303.23832258064516,31,5012,BEMBEZAR
2004-01-01,7.1340000000000146,7.328538888307462,0.19453888830744784,294.4924193548387,31,5012,BEMBEZAR
2004-02-01,107.29509440000001,107.56392796088164,0.2688335608816455,304.61048275862066,29,5012,BEMBEZAR
2004-03-01,23.354030400000003,23.868934650577156,0.514904250577154,331.8212903225807,31,5012,BEMBEZAR
2004-04-01,18.92807199999997,19.7356667836031,0.8075947836031327,341.17313333333334,30,5012,BEMBEZAR
2004-05-01,5.8649599999999875,6.771407941288272,0.9064479412882845,341.40070967741934,31,5012,BEMBEZAR
2004-06-01,-0.5342927999999448,1.260459326522261,1.794752126522206,327.1097,30,5012,BEMBEZAR
2004-07-01,-1.6351840000000042,0.3571184019199315,1.9923024019199358,300.22619354838713,31,5012,BEMBEZAR
2004-08-01,-0.3936928000000329,1.175941396099416,1.569634196099449,275.0638387096774,31,5012,BEMBEZAR
2004-09-01,-0.7860047999999614,0.2942166593430469,1.0802214593430082,260.7818,30,5012,BEMBEZAR
2004-10-01,16.63088159999997,17.22744330366189,0.596561703661921,259.86641935483874,31,5012,BEMBEZAR
2004-11-01,5.7830000000000155,6.06502334513655,0.2820233451365339,278.3060666666667,30,5012,BEMBEZAR
2004-12-01,3.332968000000014,3.5427903208234226,0.2098223208234084,281.6460322580645,31,5012,BEMBEZAR
2005-01-01,1.2980383999999696,1.5507989898003363,0.25276058980036675,283.28106451612905,31,5012,BEMBEZAR
2005-02-01,0.7599503999999982,1.217183940484966,0.4572335404849678,283.871,28,5012,BEMBEZAR
2005-03-01,1.4089631999999923,1.9587483131619545,0.5497851131619621,284.94090322580644,31,5012,BEMBEZAR
2005-04-01,0.8139072000000225,1.774694079747384,0.9607868797473615,284.4993,30,5012,BEMBEZAR
2005-05-01,0.41295359999999603,1.6571464534574702,1.244192853457474,269.96,31,5012,BEMBEZAR
2005-06-01,-1.2054655999999953,0.2157324264913434,1.4211980264913386,244.11873333333332,30,5012,BEMBEZAR
2005-07-01,-1.2059871999999965,0.35978979409766865,1.5657769940976651,219.97087096774192,31,5012,BEMBEZAR
2005-08-01,-1.165004800000014,0.11443073556415076,1.2794355355641647,198.50867741935485,31,5012,BEMBEZAR
2005-09-01,-0.6869919999999954,0.19322803410556877,0.8802200341055642,186.79309999999998,30,5012,BEMBEZAR
2005-10-01,0.1880304000000007,0.5800652930383963,0.39203489303839556,181.9723870967742,31,5012,BEMBEZAR
2005-11-01,0.014092800000013483,0.2256876904910112,0.21159489049099772,180.86396666666667,30,5012,BEMBEZAR
2005-12-01,0.5929215999999997,0.7794470911067236,0.18652549110672392,179.58167741935483,31,5012,BEMBEZAR
2006-01-01,1.6008959999999908,1.7716549692385142,0.17075896923852352,179.23045161290324,31,5012,BEMBEZAR
2006-02-01,1.085014400000012,1.2537418347724536,0.16872743477244156,179.98582142857143,28,5012,BEMBEZAR
2006-03-01,14.547956800000001,14.895191869564526,0.3472350695645244,183.77816129032257,31,5012,BEMBEZAR
2006-04-01,0.9519455999999743,1.4736866283380803,0.521741028338106,193.5074,30,5012,BEMBEZAR
2006-05-01,0.03382400000000842,0.9098619874948473,0.8760379874948389,191.4822258064516,31,5012,BEMBEZAR
2006-06-01,-0.44908000000000103,0.5941002085056992,1.0431802085057003,180.95706666666666,30,5012,BEMBEZAR
2006-07-01,-1.6011504000000043,-0.21962422485020483,1.3815261751497996,170.53132258064514,31,5012,BEMBEZAR
2006-08-01,-1.1309775999999894,-0.05432237373749079,1.0766552262624987,159.3941935483871,31,5012,BEMBEZAR
2006-09-01,-0.6558351999999954,0.03030412743447109,0.6861393274344665,151.89939999999999,30,5012,BEMBEZAR
2006-10-01,70.7789664,71.21877439027296,0.4398079902729506,165.1131935483871,31,5012,BEMBEZAR
2006-11-01,46.39099999999999,46.589958962127824,0.19895896212782999,236.92143333333334,30,5012,BEMBEZAR
2006-12-01,23.798036800000027,23.966279256803052,0.16824245680302688,282.646935483871,31,5012,BEMBEZAR
2007-01-01,2.9569999999999936,3.149992575936701,0.19299257593670735,290.9865161290323,31,5012,BEMBEZAR
2007-02-01,19.163963199999976,19.36193964360198,0.19797644360200103,300.7311071428571,28,5012,BEMBEZAR
2007-03-01,2.860942400000014,3.5083942326283526,0.6474518326283384,309.128935483871,31,5012,BEMBEZAR
2007-04-01,5.340950400000019,5.882893235595849,0.5419428355958296,310.67583333333334,30,5012,BEMBEZAR
2007-05-01,5.863926399999978,6.9688649892742625,1.1049385892742842,313.79,31,5012,BEMBEZAR
2007-06-01,-0.5748143999999842,0.8640716211155466,1.4388860211155308,306.3544,30,5012,BEMBEZAR
2007-07-01,-0.8820672000000288,1.191257170063715,2.0733243700637436,289.598935483871,31,5012,BEMBEZAR
2007-08-01,-1.4384271999999672,0.05367365375008314,1.4921008537500504,265.3652903225807,31,5012,BEMBEZAR
2007-09-01,-0.2748944000000084,0.5623439954308217,0.8372383954308302,247.02696666666668,30,5012,BEMBEZAR
2007-10-01,0.15800800000000667,0.6900976775436742,0.5320896775436676,242.75525806451614,31,5012,BEMBEZAR
2007-11-01,2.403918399999996,2.730274428979489,0.326356028979493,237.6381,30,5012,BEMBEZAR
2007-12-01,0.4059567999999905,0.5555415904397051,0.14958479043971457,236.9307741935484,31,5012,BEMBEZAR
2008-01-01,2.102992000000008,2.290727994860607,0.18773599486059925,238.36748387096773,31,5012,BEMBEZAR
2008-02-01,1.3610111999999903,1.6074981706692675,0.24648697066927702,239.25989655172415,29,5012,BEMBEZAR
2008-03-01,0.17290559999999672,0.7384672524858216,0.5655616524858249,239.86325806451615,31,5012,BEMBEZAR
2008-04-01,34.30599520000002,34.97223724183812,0.6662420418381026,245.16876666666667,30,5012,BEMBEZAR
2008-05-01,2.401049599999965,3.10044163981735,0.6993920398173853,261.7613870967742,31,5012,BEMBEZAR
2008-06-01,-0.8220655999999651,0.5807519034852924,1.4028175034852575,244.14303333333334,30,5012,BEMBEZAR
2008-07-01,-1.6528464000000231,0.02402469476189846,1.6768710947619216,217.35887096774192,31,5012,BEMBEZAR
2008-08-01,-1.426823999999976,0.05766679465109815,1.4844907946510741,196.31870967741935,31,5012,BEMBEZAR
2008-09-01,0.15093119999999707,0.843211898304122,0.692280698304125,185.73626666666667,30,5012,BEMBEZAR
2008-10-01,0.7598112000000009,1.1824377973352003,0.4226265973351993,181.47506451612904,31,5012,BEMBEZAR
2008-11-01,2.375030399999997,2.6018667094582906,0.22683630945829403,181.01683333333332,30,5012,BEMBEZAR
2008-12-01,1.472063999999989,1.58098610116971,0.10892210116972113,179.86741935483872,31,5012,BEMBEZAR
2009-01-01,4.2870543999999935,4.428809248580363,0.14175484858036919,183.17693548387095,31,5012,BEMBEZAR
2009-02-01,29.340000000000003,29.572109612366916,0.23210961236691408,207.856,28,5012,BEMBEZAR
2009-03-01,4.4920351999999975,4.894787685705626,0.4027524857056281,214.72954838709677,31,5012,BEMBEZAR
2009-04-01,0.8080800000000177,1.3794164142340914,0.5713364142340738,212.0366666666667,30,5012,BEMBEZAR
2009-05-01,-0.6248352000000077,0.39271023999985194,1.0175454399998596,194.8661935483871,31,5012,BEMBEZAR
2009-06-01,-1.043123200000004,0.08921168468433323,1.132334884684337,177.05073333333334,30,5012,BEMBEZAR
2009-07-01,-1.8798767999999868,-0.4095220104960336,1.4703547895039533,160.39822580645162,31,5012,BEMBEZAR
2009-08-01,-1.6660223999999964,-0.5384101276048818,1.1276122723951145,146.75574193548385,31,5012,BEMBEZAR
2009-09-01,-1.1099680000000132,-0.47558923209033566,0.6343787679096775,135.04546666666667,30,5012,BEMBEZAR
2009-10-01,-0.4270975999999882,0.0177958338039628,0.444893433803951,127.31135483870968,31,5012,BEMBEZAR
2009-11-01,-0.5720400000000009,-0.3275442412236461,0.2444957587763548,122.28536666666668,30,5012,BEMBEZAR
2009-12-01,123.45,123.58063674146125,0.1306367414612445,139.6866129032258,31,5012,BEMBEZAR
2010-01-01,155.4751376,155.6701631554276,0.1950255554275925,295.7345483870968,31,5012,BEMBEZAR
2010-02-01,217.157096,217.41969855815145,0.2626025581514543,309.99014285714287,28,5012,BEMBEZAR
2010-03-01,126.24607360000005,126.6649257806387,0.41885218063865554,328.95332258064514,31,5012,BEMBEZAR
2010-04-01,85.07122879999997,85.9189461684045,0.8477173684045359,337.5725333333333,30,5012,BEMBEZAR
2010-05-01,6.6629952,7.973667220146407,1.3106720201464066,340.89645161290326,31,5012,BEMBEZAR
2010-06-01,1.613873600000007,3.3021053154416675,1.6882317154416606,335.4203,30,5012,BEMBEZAR
2010-07-01,-0.8829823999999865,1.3572331429028694,2.240215542902856,320.2997741935484,31,5012,BEMBEZAR
2010-08-01,-0.9078591999999991,1.0440997664621154,1.9519589664621144,300.9931612903226,31,5012,BEMBEZAR
2010-09-01,-0.8070319999999822,0.3755419344304847,1.1825739344304669,290.8849333333334,30,5012,BEMBEZAR
2010-10-01,2.538983999999984,3.1521087216125956,0.6131247216126114,284.8736451612903,31,5012,BEMBEZAR
2010-11-01,4.146067200000014,4.431403710013993,0.28533651001397864,283.22436666666664,30,5012,BEMBEZAR
2010-12-01,314.5999344,314.8209266078535,0.22099220785351764,304.7030322580645,31,5012,BEMBEZAR
2011-01-01,95.20902240000002,95.42565677841354,0.2166343784135198,295.51812903225806,31,5012,BEMBEZAR
2011-02-01,33.045883199999984,33.46181174889946,0.41592854889947334,300.92703571428575,28,5012,BEMBEZAR
2011-03-01,28.621907200000013,29.18759535480968,0.5656881548096666,315.4274193548387,31,5012,BEMBEZAR
2011-04-01,11.384972800000021,12.165935265488832,0.7809624654888107,324.44003333333336,30,5012,BEMBEZAR
2011-05-01,13.019988799999954,14.227574490504743,1.207585690504789,337.6352580645161,31,5012,BEMBEZAR
2011-06-01,1.4699600000000201,3.4282786113536416,1.9583186113536215,334.48316666666665,30,5012,BEMBEZAR
2011-07-01,-1.4661824000000026,0.6758400388852165,2.142022438885219,313.76006451612903,31,5012,BEMBEZAR
2011-08-01,-1.0179439999999926,0.7544185502033939,1.7723625502033864,294.4815806451613,31,5012,BEMBEZAR
2011-09-01,0.27789279999998273,1.3294970466900917,1.0516042466901092,279.942,30,5012,BEMBEZAR
2011-10-01,1.8100704000000252,2.5642664611448462,0.7541960611448212,269.6851612903226,31,5012,BEMBEZAR
2011-11-01,9.807999999999993,10.047268557582784,0.2392685575827909,274.0619666666667,30,5012,BEMBEZAR
2011-12-01,0.7660095999999823,0.9529285629753402,0.1869189629753579,277.3585806451613,31,5012,BEMBEZAR
2012-01-01,0.9330624000000042,1.160510484534447,0.22744808453444268,275.52435483870966,31,5012,BEMBEZAR
2012-02-01,-0.16795999999996392,0.3498712230409334,0.5178312230408973,272.02575862068966,29,5012,BEMBEZAR
2012-03-01,0.1812191999999846,0.901451231429047,0.7202320314290624,262.2439677419355,31,5012,BEMBEZAR
2012-04-01,0.21516799999999867,0.8930591261573182,0.6778911261573196,251.52446666666668,30,5012,BEMBEZAR
2012-05-01,0.911092799999999,2.0984260063350755,1.1873332063350766,245.58603225806453,31,5012,BEMBEZAR
2012-06-01,-1.4430719999999952,0.24712075273500064,1.690192752734996,231.0164,30,5012,BEMBEZAR
2012-07-01,-1.7801088000000127,0.02026026618673467,1.8003690661867473,211.09380645161292,31,5012,BEMBEZAR
2012-08-01,-1.4478255999999754,0.12906730922367707,1.5768929092236526,189.1761612903226,31,5012,BEMBEZAR
2012-09-01,-0.02915840000002312,0.7639257396335777,0.7930841396336008,173.26043333333334,30,5012,BEMBEZAR
2012-10-01,1.0349216000000085,1.4214183874679736,0.386496787467965,167.95325806451615,31,5012,BEMBEZAR
2012-11-01,63.596000000000004,63.789755606044515,0.1937556060445135,200.1439,30,5012,BEMBEZAR
2012-12-01,14.01400000000001,14.163610260214005,0.14961026021399487,237.00887096774193,31,5012,BEMBEZAR
2013-01-01,23.168000000000006,23.32395499102598,0.15595499102597332,252.2634193548387,31,5012,BEMBEZAR
2013-02-01,25.613999999999976,25.89434852970244,0.28034852970246393,275.8669642857143,28,5012,BEMBEZAR
2013-03-01,209.4871888,209.87983724444868,0.3926484444486605,325.30332258064516,31,5012,BEMBEZAR
2013-04-01,67.92082880000002,68.76668045434869,0.845851654348666,336.4595,30,5012,BEMBEZAR
2013-05-01,2.8729583999999875,4.065448739444773,1.1924903394447859,341.31287096774196,31,5012,BEMBEZAR
2013-06-01,-0.8469664000000262,0.8848349825367692,1.7318013825367953,334.8279333333333,30,5012,BEMBEZAR
2013-07-01,-1.7911823999999936,0.19395706748545297,1.9851394674854466,313.99519354838714,31,5012,BEMBEZAR
2013-08-01,-1.3639279999999978,0.4135721386409897,1.7775001386409877,290.443064516129,31,5012,BEMBEZAR
2013-09-01,-1.3261584000000073,-0.3241842191689155,1.0019741808310918,276.13623333333334,30,5012,BEMBEZAR
2013-10-01,1.0268592000000494,1.5767361491291114,0.5498769491290619,269.32735483870965,31,5012,BEMBEZAR
2013-11-01,-0.4199312000000517,-0.12638696394506183,0.29354423605498986,266.4779,30,5012,BEMBEZAR
2013-12-01,2.868062400000051,3.0883125405551968,0.2202501405551458,262.54983870967743,31,5012,BEMBEZAR
2014-01-01,10.972033599999994,11.215875829647693,0.24384222964770058,268.42967741935485,31,5012,BEMBEZAR
2014-02-01,36.24599999999998,36.53920613905509,0.2932061390551096,295.1326785714286,28,5012,BEMBEZAR
2014-03-01,4.3030848,4.954287283876345,0.6512024838763464,311.81922580645164,31,5012,BEMBEZAR
2014-04-01,6.933174400000022,7.676305266618933,0.7431308666189121,314.53326666666663,30,5012,BEMBEZAR
2014-05-01,0.015167999999971066,1.4632331049679155,1.4480651049679443,308.14651612903225,31,5012,BEMBEZAR
2014-06-01,-1.3530575999999621,0.25001459204797505,1.6030721920479372,292.4089666666667,30,5012,BEMBEZAR
2014-07-01,-1.423819200000014,0.31915322090899123,1.7429724209090052,276.9961290322581,31,5012,BEMBEZAR
2014-08-01,-1.519872000000012,0.11591235484660065,1.6357843548466129,256.40725806451616,31,5012,BEMBEZAR
2014-09-01,0.2960656000000045,1.1036447314623332,0.8075791314623288,242.04193333333333,30,5012,BEMBEZAR
2014-10-01,5.600948800000001,6.150879419133182,0.5499306191331813,241.98883870967742,31,5012,BEMBEZAR
2014-11-01,42.217934400000004,42.44539898146859,0.22746458146859086,254.11700000000002,30,5012,BEMBEZAR
2014-12-01,28.462998400000014,28.613896102926205,0.15089770292619173,293.2982580645161,31,5012,BEMBEZAR
2015-01-01,7.320964800000009,7.557159168563804,0.2361943685637951,291.5701612903226,31,5012,BEMBEZAR
2015-02-01,3.3530495999999745,3.7453826356865787,0.39233303568660394,296.5982142857143,28,5012,BEMBEZAR
2015-03-01,3.3610944000000265,4.012383449581623,0.6512890495815964,296.418064516129,31,5012,BEMBEZAR
2015-04-01,3.3830831999999638,4.162539055905518,0.779455855905554,297.62623333333335,30,5012,BEMBEZAR
2015-05-01,-1.0650319999999949,0.41935613841806824,1.484388138418063,286.18654838709676,31,5012,BEMBEZAR
2015-06-01,-1.8021311999999912,-0.12439770421635987,1.6777334957836314,265.23793333333333,30,5012,BEMBEZAR
2015-07-01,-1.8021488000000017,0.3212593216332331,2.123408121633235,248.56312903225808,31,5012,BEMBEZAR
2015-08-01,-1.414982400000008,0.02468175155954077,1.4396641515595485,227.9848387096774,31,5012,BEMBEZAR
2015-09-01,-0.6729055999999758,0.17450683486571947,0.8474124348656953,214.7785333333333,30,5012,BEMBEZAR
2015-10-01,0.517004799999998,0.9085506297659456,0.3915458297659475,205.82964516129033,31,5012,BEMBEZAR
2015-11-01,3.2169103999999966,3.4326730954314817,0.21576269543148538,208.13073333333335,30,5012,BEMBEZAR
2015-12-01,0.20007519999997947,0.3534993806646351,0.15342418066465566,206.25422580645161,31,5012,BEMBEZAR
2016-01-01,2.693000000000012,2.847079324893543,0.15407932489353085,207.57716129032258,31,5012,BEMBEZAR
2016-02-01,1.5221344000000105,1.810729313880512,0.28859491388050157,207.91979310344828,29,5012,BEMBEZAR
2016-03-01,0.05596479999998866,0.5335545031275699,0.4775897031275813,206.42909677419354,31,5012,BEMBEZAR
2016-04-01,3.744993600000009,4.225277956994929,0.4802843569949198,207.46233333333333,30,5012,BEMBEZAR
2016-05-01,27.1801088,27.97395111147589,0.7938423114758921,224.65990322580646,31,5012,BEMBEZAR
2016-06-01,-1.706827200000021,-0.197053717141866,1.509773482858155,226.4278666666667,30,5012,BEMBEZAR
2016-07-01,-2.4548639999999953,-0.7275299502763728,1.7273340497236227,210.39245161290324,31,5012,BEMBEZAR
2016-08-01,-2.151067199999993,-0.6859472990530544,1.4651199009469387,192.49496774193548,31,5012,BEMBEZAR
2016-09-01,-1.4699152000000024,-0.49901719770340364,0.9708980022965988,177.70600000000002,30,5012,BEMBEZAR
2016-10-01,0.6234415999999975,1.0583699339853714,0.4349283339853739,170.19906451612903,31,5012,BEMBEZAR
2016-11-01,6.42021920000002,6.652978612444371,0.23275941244434983,170.79493333333332,30,5012,BEMBEZAR
2016-12-01,13.61108639999999,13.768876782416228,0.15779038241623902,183.6946451612903,31,5012,BEMBEZAR
2017-01-01,1.0616400000000092,1.2712164926961673,0.20957649269615827,189.68125806451613,31,5012,BEMBEZAR
2017-02-01,13.831999999999994,14.040297892782064,0.2082978927820718,195.94317857142855,28,5012,BEMBEZAR
2017-03-01,8.505430399999987,8.950805591314467,0.44537519131447784,207.75970967741938,31,5012,BEMBEZAR
2017-04-01,2.1597152000000186,2.8413557524247284,0.6816405524247098,208.6653,30,5012,BEMBEZAR
2017-05-01,0.7128752000000013,1.585431587793222,0.8725563877932208,207.37712903225807,31,5012,BEMBEZAR
2017-06-01,-1.702884800000007,-0.21585805227806004,1.487026747721947,200.0348,30,5012,BEMBEZAR
2017-07-01,-1.8687536000000058,-0.4303851169932923,1.4383684830067134,187.23780645161293,31,5012,BEMBEZAR
2017-08-01,-1.7357343999999841,-0.5276641030647524,1.2080702969352315,171.987,31,5012,BEMBEZAR
2017-09-01,-1.2472688000000034,-0.43234880116847263,0.8149199988315308,154.11253333333335,30,5012,BEMBEZAR
2017-10-01,-0.0925440000000069,0.4248409931256666,0.5173849931256734,141.59916129032257,31,5012,BEMBEZAR
2017-11-01,-0.3279456000000066,-0.07656589628061497,0.25137970371939167,137.16559999999998,30,5012,BEMBEZAR
2017-12-01,0.023774400000004137,0.19093450889360444,0.1671601088936003,135.11700000000002,31,5012,BEMBEZAR
2018-01-01,0.13379200000000568,0.29933843315619507,0.1655464331561894,133.16583870967742,31,5012,BEMBEZAR
2018-02-01,0.15000000000000568,0.4021038984358797,0.25210389843587405,132.42382142857144,28,5012,BEMBEZAR
2018-03-01,150.452,150.7997610533141,0.3477610533141068,231.36070967741935,31,5012,BEMBEZAR
2018-04-01,14.511191999999985,15.173331696451685,0.6621396964517008,289.7400666666666,30,5012,BEMBEZAR
2018-05-01,4.168875200000014,5.1062686384047,0.9373934384046861,298.26729032258066,31,5012,BEMBEZAR
2018-06-01,-0.924289599999992,0.49334386657385293,1.417633466573845,293.0050333333333,30,5012,BEMBEZAR
2018-07-01,-2.032543999999988,-0.2976435172033863,1.7349004827966017,280.05103225806454,31,5012,BEMBEZAR
2018-08-01,-1.8065904000000252,-0.18503980397904315,1.6215505960209822,262.4959677419355,31,5012,BEMBEZAR
2018-09-01,-1.2433327999999984,-0.18268037923323122,1.0606524207667671,247.08493333333334,30,5012,BEMBEZAR
2018-10-01,0.19613279999998945,0.7390243229857867,0.5428915229857973,237.3562580645161,31,5012,BEMBEZAR
2018-11-01,4.622000000000014,4.822003489396349,0.20000348939633505,238.64676666666668,30,5012,BEMBEZAR
2018-12-01,1.0560000000000116,1.2647336648402587,0.2087336648402472,242.2284193548387,31,5012,BEMBEZAR
2019-01-01,0.28279359999998677,0.528182758769006,0.24538915876901926,240.32283870967743,31,5012,BEMBEZAR
2019-02-01,0.05333440000000873,0.4104663792664728,0.35713197926646406,239.41160714285712,28,5012,BEMBEZAR
2019-03-01,-0.49619679999999844,0.15651084796276546,0.6527076479627639,235.99693548387097,31,5012,BEMBEZAR
2019-04-01,0.13648640000000026,0.7225594078737446,0.5860730078737443,230.37973333333332,30,5012,BEMBEZAR
2019-05-01,-1.8097216000000058,-0.5309498379038545,1.2787717620961514,223.99796774193547,31,5012,BEMBEZAR
2019-06-01,-1.6438911999999921,-0.24576680232340511,1.3981243976765871,209.03673333333333,30,5012,BEMBEZAR
2019-07-01,-1.4549599999999971,-0.1579596738911585,1.2970003261088388,191.31990322580646,31,5012,BEMBEZAR
2019-08-01,-1.4063631999999975,-0.16648908112833924,1.2398741188716582,172.32096774193548,31,5012,BEMBEZAR
2019-09-01,-0.8514608000000209,-0.09442898493314435,0.7570318150668766,157.19856666666666,30,5012,BEMBEZAR
2019-10-01,-0.24669600000000214,0.28275615954500327,0.5294521595450055,146.58419354838708,31,5012,BEMBEZAR
2019-11-01,0.05463680000002458,0.273056648837012,0.21841984883698742,141.75926666666666,30,5012,BEMBEZAR
2019-12-01,26.517891199999987,26.683300410961355,0.16540921096137043,150.11070967741935,31,5012,BEMBEZAR
2020-01-01,8.248999999999995,8.398570960415228,0.1495709604152329,169.51587096774193,31,5012,BEMBEZAR
2020-02-01,1.721791999999993,1.9951348067691257,0.27334280676913253,176.72706896551725,29,5012,BEMBEZAR
2020-03-01,0.4118464000000166,0.8207186008690575,0.4088722008690409,172.6894516129032,31,5012,BEMBEZAR
2020-04-01,4.1939424000000045,4.531379739149541,0.33743733914953633,172.97543333333334,30,5012,BEMBEZAR
2020-05-01,0.021774399999992894,0.8358043249550011,0.8140299249550083,171.51619354838712,31,5012,BEMBEZAR
2020-06-01,-1.2268191999999876,-0.16327149625033044,1.0635477037496572,161.1508,30,5012,BEMBEZAR
2020-07-01,-1.43029280000001,-0.15249990793726423,1.2777928920627457,146.8922258064516,31,5012,BEMBEZAR
2020-08-01,-1.2062528000000068,-0.13418597304958996,1.072066826950417,131.27954838709678,31,5012,BEMBEZAR
2020-09-01,-0.633854400000001,-0.054741363207186616,0.5791130367928143,117.79836666666667,30,5012,BEMBEZAR
2020-10-01,-0.09676799999999092,0.2920302313882887,0.3887982313882796,108.49932258064516,31,5012,BEMBEZAR
2020-11-01,2.5,2.628541111024909,0.12854111102490892,107.91423333333334,30,5012,BEMBEZAR
2020-12-01,3.074086399999998,3.1756613414936896,0.10157494149369145,111.10829032258064,31,5012,BEMBEZAR
2021-01-01,24.562000000000012,24.684555800433486,0.1225558004334747,125.83258064516129,31,5012,BEMBEZAR
2021-02-01,20.127254399999973,20.324988556062724,0.1977341560627522,148.3805357142857,28,5012,BEMBEZAR
2021-03-01,1.7319952000000196,2.1541246863637524,0.4221294863637329,154.67387096774195,31,5012,BEMBEZAR
2021-04-01,3.1561824,3.568573172907405,0.4123907729074049,149.35420000000002,30,5012,BEMBEZAR
2021-05-01,-0.13865439999999377,0.6509909689318294,0.7896453689318231,147.21503225806453,31,5012,BEMBEZAR
2021-06-01,-1.0692192000000063,-0.11980494219689794,0.9494142578031084,135.92333333333332,30,5012,BEMBEZAR
2021-07-01,-1.3180000000000058,-0.16464890998438123,1.1533510900156245,122.05738709677419,31,5012,BEMBEZAR
2021-08-01,-1.0576383999999905,-0.14520119182542124,0.9124372081745693,106.8352258064516,31,5012,BEMBEZAR
2021-09-01,-0.34858880000000525,0.12113694259895702,0.4856440021510237,96.04893333333332,29,5012,BEMBEZAR
1970-03-01,12.699999999999989,13.323391891967226,0.6450669185416361,175.08275862068965,28,5018,GUADALMENA
1970-04-01,8.5,9.357683442574574,0.8576834425745749,186.25333333333336,30,5018,GUADALMENA
1970-05-01,5.60368,6.927042445837893,1.3233624458378925,192.74193548387098,31,5018,GUADALMENA
1970-06-01,1.9950400000000057,3.7711227303460504,1.7760827303460447,196.22333333333333,30,5018,GUADALMENA
1970-07-01,0.04543999999999476,2.18112738051118,2.135687380511185,193.23225806451612,31,5018,GUADALMENA
1970-08-01,-0.015999999999988107,1.9116308274403022,1.9276308274402902,187.90967741935484,31,5018,GUADALMENA
1970-09-01,-0.03919999999999402,1.245361687101982,1.284561687101976,183.34,30,5018,GUADALMENA
1970-10-01,0.8812800000000001,1.6339722713672158,0.7526922713672157,181.23548387096776,31,5018,GUADALMENA
1970-11-01,0.5651199999999887,0.9741245314138682,0.40900453141387955,180.75333333333336,30,5018,GUADALMENA
1970-12-01,0.8752000000000058,1.156759100543631,0.28155910054362543,180.56129032258065,31,5018,GUADALMENA
1971-01-01,15.400000000000006,15.687101327855673,0.28710132785566705,185.94838709677418,31,5018,GUADALMENA
1971-02-01,6.0,6.430449809569285,0.43044980956928497,199.57500000000002,28,5018,GUADALMENA
1971-03-01,19.099999999999994,19.876927360950827,0.7769273609508329,209.41935483870967,31,5018,GUADALMENA
1971-04-01,40.79999999999998,41.832325581672144,1.0323255816721593,246.01666666666668,30,5018,GUADALMENA
1971-05-01,85.59712000000002,87.43892278304709,1.841802783047081,316.77741935483874,31,5018,GUADALMENA
1971-06-01,24.965440000000026,27.539282711578906,2.5738427115788833,342.32,30,5018,GUADALMENA
1971-07-01,2.5980800000000013,5.636904035556271,3.03882403555627,327.9806451612903,31,5018,GUADALMENA
1971-08-01,0.25823999999997826,2.8718221836790483,2.6135821836790702,296.7258064516129,31,5018,GUADALMENA
1971-09-01,1.1649599999999776,2.8217446412174816,1.656784641217504,268.56333333333333,30,5018,GUADALMENA
1971-10-01,2.780160000000034,3.747700601683013,0.967540601682979,264.1322580645161,31,5018,GUADALMENA
1971-11-01,2.8999999999999773,3.430300751677416,0.5303007516774392,266.8566666666667,30,5018,GUADALMENA
1971-12-01,8.6296,8.999245074192258,0.36964507419225806,271.61290322580646,31,5018,GUADALMENA
1972-01-01,17.07120000000001,17.450986068878986,0.37978606887897326,282.8838709677419,31,5018,GUADALMENA
1972-02-01,71.07392,71.6619507735623,0.5880307735622847,302.3206896551724,29,5018,GUADALMENA
1972-03-01,62.324480000000015,63.328895906719275,1.0044159067192588,307.78064516129035,31,5018,GUADALMENA
1972-04-01,22.5,23.749847372047558,1.2498473720475587,327.65,30,5018,GUADALMENA
1972-05-01,27.858400000000003,29.799321026779253,1.9409210267792496,342.3451612903226,31,5018,GUADALMENA
1972-06-01,2.3121599999999782,4.833433029764482,2.5212730297645036,331.9,30,5018,GUADALMENA
1972-07-01,0.027680000000001925,2.9087945684982657,2.881114568498264,302.8225806451613,31,5018,GUADALMENA
1972-08-01,0.055040000000001754,2.4713590402091965,2.4163190402091947,263.8032258064516,31,5018,GUADALMENA
1972-09-01,1.8718400000000177,3.3922449612048338,1.5204049612048163,236.09,30,5018,GUADALMENA
1972-10-01,5.094719999999994,5.983947296712863,0.8892272967128686,232.7225806451613,31,5018,GUADALMENA
1972-11-01,9.219680000000006,9.714985974954343,0.4953059749543386,240.88666666666668,30,5018,GUADALMENA
1972-12-01,6.299999999999983,6.647698858514295,0.3476988585143125,247.78709677419354,31,5018,GUADALMENA
1973-01-01,11.329599999999989,11.684192668984199,0.3545926689842098,255.2,31,5018,GUADALMENA
1973-02-01,10.900000000000034,11.423536699332054,0.52353669933202,267.7,28,5018,GUADALMENA
1973-03-01,8.760479999999989,9.696375880659678,0.9358958806596904,276.8258064516129,31,5018,GUADALMENA
1973-04-01,7.075200000000023,8.215410791363748,1.1402107913637263,285.48333333333335,30,5018,GUADALMENA
1973-05-01,1.4318399999999671,3.1307997832236176,1.6989597832236507,280.3806451612903,31,5018,GUADALMENA
1973-06-01,0.2904000000000068,2.446359973671552,2.1559599736715453,262.45,30,5018,GUADALMENA
1973-07-01,0.04335999999999651,2.4288114396671836,2.385451439667187,228.23870967741934,31,5018,GUADALMENA
1973-08-01,-0.023039999999975025,1.869382628069083,1.8924226280690581,182.90322580645162,31,5018,GUADALMENA
1973-09-01,0.12912000000000118,1.226748236545134,1.0976282365451329,144.93333333333334,30,5018,GUADALMENA
1973-10-01,3.794719999999992,4.378649278593806,0.5839292785938139,123.84193548387097,31,5018,GUADALMENA
1973-11-01,1.9899199999999944,2.311862585073704,0.3219425850737095,126.23,30,5018,GUADALMENA
1973-12-01,6.207360000000014,6.431815292146491,0.22445529214647716,128.5225806451613,31,5018,GUADALMENA
1974-01-01,7.2691199999999885,7.502962714680043,0.23384271468005488,136.6709677419355,31,5018,GUADALMENA
1974-02-01,22.185120000000005,22.538219508088066,0.35309950808805973,148.33928571428572,28,5018,GUADALMENA
1974-03-01,15.64688,16.318868024919833,0.6719880249198346,168.44193548387096,31,5018,GUADALMENA
1974-04-01,33.599999999999994,34.470843971985126,0.8708439719851345,190.63666666666668,30,5018,GUADALMENA
1974-05-01,19.98496,21.447578819361045,1.462618819361044,223.96451612903226,31,5018,GUADALMENA
1974-06-01,4.992480000000008,6.910493977274822,1.9180139772748144,220.22666666666666,30,5018,GUADALMENA
1974-07-01,1.5731199999999972,3.7103613801073676,2.1372413801073704,193.56451612903226,31,5018,GUADALMENA
1974-08-01,0.007039999999999269,1.6332696274947285,1.6262296274947292,145.89354838709676,31,5018,GUADALMENA
1974-09-01,-0.9276799999999962,-0.018289942418047562,0.9093900575819487,109.27666666666667,30,5018,GUADALMENA
1974-10-01,4.000480000000003,4.4907455437702835,0.4902655437702807,95.2741935483871,31,5018,GUADALMENA
1974-11-01,2.8999999999999915,3.173978768368097,0.27397876836810564,99.1,30,5018,GUADALMENA
1974-12-01,2.6000000000000085,2.792348728690187,0.19234872869017822,101.95483870967742,31,5018,GUADALMENA
1975-01-01,3.3999999999999915,3.5959257624146543,0.1959257624146631,104.81290322580645,31,5018,GUADALMENA
1975-02-01,4.900000000000006,5.187786372875879,0.28778637287587333,109.10357142857143,28,5018,GUADALMENA
1975-03-01,14.369119999999997,14.898859276718657,0.5297392767186596,117.91612903225807,31,5018,GUADALMENA
1975-04-01,11.899999999999991,12.578812654767326,0.6788126547673339,131.15333333333334,30,5018,GUADALMENA
1975-05-01,14.746080000000022,15.826326516939268,1.080246516939246,142.16129032258064,31,5018,GUADALMENA
1975-06-01,6.512799999999989,7.991133423737062,1.478333423737073,149.01000000000002,30,5018,GUADALMENA
1975-07-01,-0.04000000000000148,1.616461346955755,1.6564613469557563,132.08064516129033,31,5018,GUADALMENA
1975-08-01,0.04176000000000435,1.3092337530881746,1.2674737530881701,100.34516129032258,31,5018,GUADALMENA
1975-09-01,-0.06639999999999892,0.6178816887995066,0.6842816887995055,71.37333333333332,30,5018,GUADALMENA
1975-10-01,1.0,1.3759448365631606,0.37594483656316063,63.9741935483871,31,5018,GUADALMENA
1975-11-01,1.57776,1.7850339665949138,0.20727396659491382,65.21,30,5018,GUADALMENA
1975-12-01,2.799999999999997,2.945989368108892,0.14598936810889435,67.41612903225807,31,5018,GUADALMENA
1976-01-01,2.1000000000000085,2.2494907374455804,0.14949073744557181,69.85483870967742,31,5018,GUADALMENA
1976-02-01,7.799999999999997,8.034062929500175,0.23406292950017815,75.93103448275862,29,5018,GUADALMENA
1976-03-01,3.0,3.4105465382120626,0.4105465382120628,80.42903225806452,31,5018,GUADALMENA
1976-04-01,4.200000000000003,4.702570608291632,0.5025706082916287,83.54333333333334,30,5018,GUADALMENA
1976-05-01,2.5999999999999943,3.382130301471196,0.7821303014712018,87.5741935483871,31,5018,GUADALMENA
1976-06-01,-0.0601599999999998,0.9736218807778826,1.0337818807778825,87.14,30,5018,GUADALMENA
1976-07-01,1.3272000000000035,2.529111666697389,1.2019116666973855,81.58709677419354,31,5018,GUADALMENA
1976-08-01,-0.6286400000000005,0.2371425439146381,0.8657825439146386,56.851612903225806,31,5018,GUADALMENA
1976-09-01,-0.18496,0.14909685155113608,0.33405685155113607,24.986666666666668,30,5018,GUADALMENA
1976-10-01,5.82944,5.945384585929709,0.11594458592970944,11.006451612903225,31,5018,GUADALMENA
1976-11-01,12.2,12.297399453024783,0.09739945302478237,21.183333333333334,30,5018,GUADALMENA
1976-12-01,66.8,66.93780985670563,0.13780985670563226,62.99354838709677,31,5018,GUADALMENA
1977-01-01,85.5,85.73010795903258,0.23010795903257653,133.96451612903223,31,5018,GUADALMENA
1977-02-01,104.5,104.97691500719921,0.47691500719921454,233.47142857142856,28,5018,GUADALMENA
1977-03-01,35.10000000000002,36.09666646644811,0.9966664664480938,304.26774193548385,31,5018,GUADALMENA
1977-04-01,12.599999999999966,13.845422268044436,1.2454222680444695,325.9,30,5018,GUADALMENA
1977-05-01,6.731519999999989,8.641119504530828,1.9095995045308385,334.09354838709675,31,5018,GUADALMENA
1977-06-01,3.497120000000035,6.029391954056056,2.532271954056021,334.06,30,5018,GUADALMENA
1977-07-01,-1.1406400000000212,1.7870496264671065,2.927689626467128,310.19032258064516,31,5018,GUADALMENA
1977-08-01,-0.8959999999999642,1.611135975241347,2.507135975241311,278.76129032258063,31,5018,GUADALMENA
1977-09-01,-0.12800000000002715,1.4779039145277204,1.6059039145277476,256.29333333333335,30,5018,GUADALMENA
1977-10-01,3.6790400000000063,4.596502041633611,0.9174620416336055,243.89354838709676,31,5018,GUADALMENA
1977-11-01,3.8000000000000114,4.303262207049812,0.5032622070498011,246.71,30,5018,GUADALMENA
1977-12-01,12.599999999999966,12.95581324047319,0.35581324047322505,256.52258064516127,31,5018,GUADALMENA
1978-01-01,18.58672000000002,18.949981629009503,0.36326162900948,264.60967741935485,31,5018,GUADALMENA
1978-02-01,30.899999999999977,31.437980402172244,0.5379804021722688,278.875,28,5018,GUADALMENA
1978-03-01,61.452640000000024,62.4957236083249,1.0430836083248745,325.73870967741937,31,5018,GUADALMENA
1978-04-01,24.45487999999999,25.72384283530231,1.2689628353023221,335.18,30,5018,GUADALMENA
1978-05-01,50.30240000000001,52.252894539489475,1.950494539489463,344.8806451612903,31,5018,GUADALMENA
1978-06-01,16.45103999999999,19.03376292921514,2.5827229292151497,344.09000000000003,30,5018,GUADALMENA
1978-07-01,3.7710400000000117,6.830357436113016,3.059317436113004,331.31935483870967,31,5018,GUADALMENA
1978-08-01,0.5897599999999791,3.2507000423708234,2.6609400423708447,304.7838709677419,31,5018,GUADALMENA
1978-09-01,-0.2961599999999527,1.4216970917139244,1.7178570917138771,283.55333333333334,30,5018,GUADALMENA
1978-10-01,1.4019199999999663,2.379897334065531,0.9779773340655648,268.4193548387097,31,5018,GUADALMENA
1978-11-01,2.74416,3.2751762499101402,0.5310162499101402,267.39666666666665,30,5018,GUADALMENA
1978-12-01,7.800000000000011,8.169670428958975,0.36967042895896357,271.64193548387095,31,5018,GUADALMENA
1979-01-01,46.74415999999999,47.13310642518058,0.38894642518059125,293.1967741935484,31,5018,GUADALMENA
1979-02-01,104.84896,105.40159513996112,0.5526351399611117,290.45714285714286,28,5018,GUADALMENA
1979-03-01,55.59984000000002,56.57042496215718,0.9705849621571614,292.49032258064517,31,5018,GUADALMENA
1979-04-01,60.25311999999997,61.530962773888845,1.2778427738888778,338.72999999999996,30,5018,GUADALMENA
1979-05-01,16.380320000000022,18.326320704987218,1.9460007049871926,343.69032258064516,31,5018,GUADALMENA
1979-06-01,5.5161599999999895,8.070829724351894,2.5546697243519043,338.5,30,5018,GUADALMENA
1979-07-01,2.8190400000000344,5.882661459040372,3.063621459040337,331.99032258064517,31,5018,GUADALMENA
1979-08-01,-1.1102400000000325,1.5303575379310612,2.640597537931094,301.3806451612903,31,5018,GUADALMENA
1979-09-01,3.8904000000000343,5.560072881175873,1.6696728811758383,271.69,30,5018,GUADALMENA
1979-10-01,15.228799999999966,16.21488226521674,0.9860822652167747,271.77741935483874,31,5018,GUADALMENA
1979-11-01,6.699999999999989,7.2510897324486505,0.5510897324486618,282.7033333333333,30,5018,GUADALMENA
1979-12-01,6.33808,6.722381433398262,0.38430143339826134,287.9258064516129,31,5018,GUADALMENA
1980-01-01,8.534080000000023,8.923167498670425,0.3890874986704015,293.3225806451613,31,5018,GUADALMENA
1980-02-01,8.661280000000001,9.21511050562736,0.5538305056273599,276.3344827586207,29,5018,GUADALMENA
1980-03-01,19.96527999999998,20.918025400743534,0.9527454007435576,284.341935483871,31,5018,GUADALMENA
1980-04-01,6.301920000000023,7.449669270997462,1.1477492709974388,288.32,30,5018,GUADALMENA
1980-05-01,19.308319999999977,21.06483940844016,1.7565194084401827,294.7548387096774,31,5018,GUADALMENA
1980-06-01,5.2000000000000455,7.587408276175117,2.387408276175072,305.8066666666667,30,5018,GUADALMENA
1980-07-01,0.2590399999999545,3.170530584545525,2.9114905845455707,307.56451612903226,31,5018,GUADALMENA
1980-08-01,-1.2836799999999542,1.3606669710148176,2.644346971014772,301.93225806451613,31,5018,GUADALMENA
1980-09-01,-0.06448000000002096,1.5944351941905632,1.6589151941905842,269.1633333333333,30,5018,GUADALMENA
1980-10-01,0.9720000000000061,1.8923961746140914,0.9203961746140853,245.0677419354839,31,5018,GUADALMENA
1980-11-01,4.255519999999994,4.757520549833502,0.5020005498335076,245.78333333333333,30,5018,GUADALMENA
1980-12-01,2.6999999999999886,3.0485448047484205,0.34854480474843186,248.69032258064516,31,5018,GUADALMENA
1981-01-01,2.4000000000000057,2.7512012766226888,0.3512012766226833,251.53870967741935,31,5018,GUADALMENA
1981-02-01,2.0403200000000172,2.5436030417988693,0.5032830417988522,252.31071428571428,28,5018,GUADALMENA
1981-03-01,2.8431999999999897,3.710423899683547,0.867223899683557,246.9516129032258,31,5018,GUADALMENA
1981-04-01,7.043039999999995,8.019246572145487,0.976206572145492,226.16666666666666,30,5018,GUADALMENA
1981-05-01,2.131520000000012,3.5908863094021743,1.4593663094021623,223.21290322580646,31,5018,GUADALMENA
1981-06-01,-0.7892799999999964,0.9213669556568359,1.7106469556568324,185.74333333333334,30,5018,GUADALMENA
1981-07-01,-1.262720000000005,0.33100340377942644,1.5937234037794314,124.96129032258065,31,5018,GUADALMENA
1981-08-01,-0.5158399999999969,0.5164847605227835,1.0323247605227803,73.88387096774194,31,5018,GUADALMENA
1981-09-01,-0.0071999999999960845,0.535638288326695,0.5428382883266912,50.443333333333335,30,5018,GUADALMENA
1981-10-01,-0.02224000000000142,0.27074270288400254,0.29298270288400396,44.012903225806454,31,5018,GUADALMENA
1981-11-01,0.3999999999999986,0.5599541229147517,0.15995412291475306,44.20666666666667,30,5018,GUADALMENA
1981-12-01,13.0,13.113232907605628,0.11323290760562887,46.07741935483871,31,5018,GUADALMENA
1982-01-01,21.1,21.247591816133884,0.14759181613388275,68.65806451612903,31,5018,GUADALMENA
1982-02-01,8.0,8.237636285265744,0.23763628526574265,81.87142857142858,28,5018,GUADALMENA
1982-03-01,5.900000000000006,6.342662113923481,0.44266211392347554,90.0516129032258,31,5018,GUADALMENA
1982-04-01,11.899999999999991,12.461126834106732,0.5611268341067416,98.58,30,5018,GUADALMENA
1982-05-01,2.5171200000000042,3.35678117877941,0.839661178779406,97.48387096774194,31,5018,GUADALMENA
1982-06-01,-0.28528000000000087,0.5866163429294167,0.8718963429294175,67.72,30,5018,GUADALMENA
1982-07-01,-0.4196799999999965,0.23280444096969002,0.6524844409696865,32.94838709677419,31,5018,GUADALMENA
1982-08-01,-0.2900800000000001,0.10783651326080232,0.3979165132608024,17.703225806451613,31,5018,GUADALMENA
1982-09-01,-0.051360000000000405,0.14370173541000247,0.19506173541000288,10.863333333333333,30,5018,GUADALMENA
1982-10-01,2.213028800000001,2.3274027392735315,0.11437393927353025,10.745322580645162,31,5018,GUADALMENA
1982-11-01,17.308999999999997,17.394884482253975,0.08588448225397513,17.547266666666665,30,5018,GUADALMENA
1982-12-01,14.724999999999998,14.821892969085985,0.09689296908598669,36.539032258064516,31,5018,GUADALMENA
1983-01-01,6.641000000000005,6.757517644250002,0.11651764424999664,48.08019354838709,31,5018,GUADALMENA
1983-02-01,4.839999999999996,5.018424435941531,0.1784244359415354,53.26614285714286,28,5018,GUADALMENA
1983-03-01,3.9410000000000025,4.27034509845832,0.32934509845831783,57.7911935483871,31,5018,GUADALMENA
1983-04-01,3.280000000000001,3.687827022540056,0.4078270225400548,61.06993333333333,30,5018,GUADALMENA
1983-05-01,1.6290127999999986,2.2584269901470337,0.6294141901470349,63.227451612903224,31,5018,GUADALMENA
1983-06-01,-0.4110096000000038,0.3108443001308394,0.7218539001308433,50.920966666666665,30,5018,GUADALMENA
1983-07-01,-0.44706719999999533,0.17073720830157885,0.6178044083015741,30.269548387096773,31,5018,GUADALMENA
1983-08-01,0.004763199999999412,0.3861701398746926,0.3814069398746932,16.613096774193547,31,5018,GUADALMENA
1983-09-01,-0.10523039999999952,0.08256426296223861,0.18779466296223812,10.252833333333333,30,5018,GUADALMENA
1983-10-01,0.054927999999999796,0.16298225956245943,0.10805425956245962,9.857806451612904,31,5018,GUADALMENA
1983-11-01,1.9220000000000006,1.9837907593014033,0.061790759301402584,10.6199,30,5018,GUADALMENA
1983-12-01,25.242000000000004,25.30590111845867,0.06390111845867046,20.352064516129033,31,5018,GUADALMENA
1984-01-01,8.009999999999998,8.115059694051823,0.10505969405182525,41.17658064516129,31,5018,GUADALMENA
1984-02-01,5.0859999999999985,5.25794646660286,0.17194646660286098,47.80865517241379,29,5018,GUADALMENA
1984-03-01,25.119000000000007,25.44920869775376,0.3302086977537524,58.189032258064515,31,5018,GUADALMENA
1984-04-01,17.278999999999996,17.79373224847499,0.514732248474992,86.62979999999999,30,5018,GUADALMENA
1984-05-01,65.237,66.20009045057135,0.9630904505713644,120.2478064516129,31,5018,GUADALMENA
1984-06-01,12.276944000000013,13.849222692212455,1.5722786922124417,163.44926666666666,30,5018,GUADALMENA
1984-07-01,-1.1357312000000137,0.5563296033256676,1.6920608033256814,136.4494193548387,31,5018,GUADALMENA
1984-08-01,-0.6184975999999875,0.6004357676217417,1.2189333676217293,94.72212903225807,31,5018,GUADALMENA
1984-09-01,-0.17708160000000028,0.4614007178048319,0.6384823178048322,64.28873333333334,30,5018,GUADALMENA
1984-10-01,2.2779999999999987,2.6433076573996823,0.3653076573996836,61.2791935483871,31,5018,GUADALMENA
1984-11-01,28.997,29.222235257915813,0.22523525791581303,74.16069999999999,30,5018,GUADALMENA
1984-12-01,12.057999999999993,12.246416390193545,0.18841639019355222,98.86087096774193,31,5018,GUADALMENA
1985-01-01,21.495000000000005,21.6983651691487,0.20336516914869446,110.9023870967742,31,5018,GUADALMENA
1985-02-01,33.81200000000001,34.15441917686495,0.3424191768649369,141.75575,28,5018,GUADALMENA
1985-03-01,16.23999999999998,16.91007101065052,0.6700710106505368,167.7234193548387,31,5018,GUADALMENA
1985-04-01,11.088411200000015,11.910503542619619,0.8220923426196032,174.7767333333333,30,5018,GUADALMENA
1985-05-01,13.001878399999987,14.28401343761267,1.2821350376126839,183.8143870967742,31,5018,GUADALMENA
1985-06-01,2.256633600000014,3.902073937325417,1.6454403373254032,175.01406666666665,30,5018,GUADALMENA
1985-07-01,-1.1780688000000086,0.6104124677970814,1.7884812677970898,148.1841935483871,31,5018,GUADALMENA
1985-08-01,-1.041300799999997,0.3687968944799055,1.4100976944799024,117.62861290322581,31,5018,GUADALMENA
1985-09-01,-0.6850527999999956,0.16885765247906084,0.8539104524790564,99.3874,30,5018,GUADALMENA
1985-10-01,0.12304480000000635,0.6063231475395915,0.48327834753958515,93.2424193548387,31,5018,GUADALMENA
1985-11-01,2.89787519999999,3.1621960900294694,0.2643208900294796,93.90636666666666,30,5018,GUADALMENA
1985-12-01,4.140024000000008,4.3265243460429925,0.18650034604298374,97.34122580645162,31,5018,GUADALMENA
1986-01-01,15.576047999999993,15.776037855385226,0.19998985538523337,108.11064516129032,31,5018,GUADALMENA
1986-02-01,80.033024,80.38172479685912,0.34870079685911726,146.47575,28,5018,GUADALMENA
1986-03-01,20.357,21.130384075879686,0.7733840758796869,207.97219354838708,31,5018,GUADALMENA
1986-04-01,20.145023999999996,21.114855226718614,0.9698312267186165,223.9695,30,5018,GUADALMENA
1986-05-01,11.0571248,12.582750760736616,1.5256259607366154,238.5812258064516,31,5018,GUADALMENA
1986-06-01,4.513278400000004,6.405132662662538,1.8918542626625343,215.78906666666668,30,5018,GUADALMENA
1986-07-01,-0.5821119999999886,1.3528023538685523,1.934914353868541,166.91390322580645,31,5018,GUADALMENA
1986-08-01,0.46492479999999703,1.8826158885242636,1.4176910885242666,118.63993548387097,31,5018,GUADALMENA
1986-09-01,1.425820799999997,2.2559953168672875,0.8301745168672905,95.26933333333334,30,5018,GUADALMENA
1986-10-01,2.8347344000000123,3.315037336030777,0.4803029360307649,92.38412903225806,31,5018,GUADALMENA
1986-11-01,2.262910399999995,2.5291121333397353,0.26620173333974,94.91046666666666,30,5018,GUADALMENA
1986-12-01,2.4549999999999983,2.6414121396588635,0.18641213965886527,97.27145161290322,31,5018,GUADALMENA
1987-01-01,7.8160000000000025,8.008786029273834,0.19278602927383123,102.31487096774194,31,5018,GUADALMENA
1987-02-01,19.411999999999992,19.707843713559623,0.2958437135596305,113.75935714285716,28,5018,GUADALMENA
1987-03-01,8.141999999999996,8.71019555993977,0.5681955599397743,130.9560322580645,31,5018,GUADALMENA
1987-04-01,8.893971200000005,9.601131450235949,0.7071602502359442,139.44729999999998,30,5018,GUADALMENA
1987-05-01,0.6830272000000086,1.752717345413949,1.0696901454139405,140.08006451612903,31,5018,GUADALMENA
1987-06-01,-0.10005759999999919,1.190884185987135,1.2909417859871344,121.65726666666667,30,5018,GUADALMENA
1987-07-01,-0.35711200000000537,1.009135305200267,1.3662473052002722,98.92654838709677,31,5018,GUADALMENA
1987-08-01,-0.7650959999999958,0.3257199224640708,1.0908159224640666,80.02770967741935,31,5018,GUADALMENA
1987-09-01,-0.3446144000000055,0.3254875109765699,0.6701019109765755,69.08993333333333,30,5018,GUADALMENA
1987-10-01,0.5039040000000032,0.8859217285038095,0.3820177285038063,65.53041935483871,31,5018,GUADALMENA
1987-11-01,2.4690000000000083,2.680634730024726,0.2116347300247177,67.27973333333334,30,5018,GUADALMENA
1987-12-01,11.516999999999996,11.67240850960528,0.15540850960528432,74.08870967741936,31,5018,GUADALMENA
1988-01-01,12.593000000000004,12.762800671095857,0.1698006710958521,84.58487096774194,31,5018,GUADALMENA
1988-02-01,12.25399999999999,12.535457521853447,0.2814575218534566,100.12979310344828,29,5018,GUADALMENA
1988-03-01,6.055000000000007,6.555804864133347,0.5008048641333405,108.36329032258064,31,5018,GUADALMENA
1988-04-01,12.0,12.632398443243817,0.6323984432438161,117.94006666666668,30,5018,GUADALMENA
1988-05-01,8.286003199999989,9.289348709685845,1.0033455096858557,127.24980645161291,31,5018,GUADALMENA
1988-06-01,2.748052800000002,4.077655714688659,1.3296029146886572,127.10483333333333,30,5018,GUADALMENA
1988-07-01,0.855076800000008,2.329090241640863,1.474013441640855,110.90635483870969,31,5018,GUADALMENA
1988-08-01,-0.6740543999999924,0.489032815443245,1.1630872154432375,88.12696774193549,31,5018,GUADALMENA
1988-09-01,-0.5371040000000027,0.15609130547596536,0.6931953054759681,72.69869999999999,30,5018,GUADALMENA
1988-10-01,1.2011503999999982,1.589740757359941,0.3885903573599428,67.22906451612904,31,5018,GUADALMENA
1988-11-01,2.049332799999995,2.2640458047807757,0.21471300478078087,68.75233333333334,30,5018,GUADALMENA
1988-12-01,2.439000000000007,2.5904501323796345,0.15145013237962726,71.23287096774193,31,5018,GUADALMENA
1989-01-01,2.269999999999996,2.424596536886629,0.15459653688663325,73.46422580645161,31,5018,GUADALMENA
1989-02-01,3.239977600000004,3.464967113445381,0.22498951344537718,75.41653571428571,28,5018,GUADALMENA
1989-03-01,4.287999999999997,4.69718879544137,0.4091887954413736,80.03067741935484,31,5018,GUADALMENA
1989-04-01,5.447836800000003,5.9546838894640075,0.5068470894640041,84.61306666666665,30,5018,GUADALMENA
1989-05-01,0.6040800000000004,1.3483702929034802,0.7442902929034797,81.32293548387096,31,5018,GUADALMENA
1989-06-01,-0.14789279999999988,0.7368926785874504,0.8847854785874504,69.03396666666666,30,5018,GUADALMENA
1989-07-01,-1.030152000000001,-0.12213411128706157,0.9080178887129395,53.61461290322581,31,5018,GUADALMENA
1989-08-01,-0.8189359999999983,-0.11124270143576728,0.707693298564231,41.86390322580645,31,5018,GUADALMENA
1989-09-01,6.8900767999999974,7.294130727081159,0.4040539270811612,32.36023333333333,30,5018,GUADALMENA
1989-10-01,1.0390208000000003,1.26731805321732,0.2282972532173199,30.274290322580647,31,5018,GUADALMENA
1989-11-01,5.370999999999999,5.500298146902638,0.12929814690264027,32.14073333333333,30,5018,GUADALMENA
1989-12-01,42.61900000000001,42.755911635867065,0.1369116358670591,61.582741935483874,31,5018,GUADALMENA
1990-01-01,16.790999999999997,16.96722575009525,0.17622575009525185,89.447,31,5018,GUADALMENA
1990-02-01,6.706000000000003,6.976548227299348,0.27054822729934547,99.45110714285714,28,5018,GUADALMENA
1990-03-01,4.217999999999989,4.707120383546014,0.4891203835460246,104.59083870967741,31,5018,GUADALMENA
1990-04-01,6.7450000000000045,7.349604454227871,0.6046044542278664,110.23880000000001,30,5018,GUADALMENA
1990-05-01,2.0329231999999955,2.96455945351283,0.9316362535128344,113.84951612903225,31,5018,GUADALMENA
1990-06-01,-0.3767759999999934,0.7695295317775516,1.146305531777545,101.77816666666666,30,5018,GUADALMENA
1990-07-01,-0.9449871999999959,0.2879685968356289,1.2329557968356248,84.81332258064515,31,5018,GUADALMENA
1990-08-01,-0.8857632000000013,0.08895750693164906,0.9747207069316504,67.61825806451614,31,5018,GUADALMENA
1990-09-01,-0.20017119999999658,0.3779725597854228,0.5781437597854194,55.368566666666666,30,5018,GUADALMENA
1990-10-01,2.5617775999999965,2.8926991993283973,0.33092159932840026,52.83525806451613,31,5018,GUADALMENA
1990-11-01,10.213360000000007,10.404075113522353,0.19071511352234805,57.576566666666665,30,5018,GUADALMENA
1990-12-01,5.118321599999993,5.264383961147104,0.14606236114711063,67.46929032258063,31,5018,GUADALMENA
1991-01-01,4.441072000000002,4.593808702018478,0.15273670201847597,72.14554838709678,31,5018,GUADALMENA
1991-02-01,7.099000000000004,7.328343685294778,0.2293436852947743,77.62517857142858,28,5018,GUADALMENA
1991-03-01,38.732,39.22195473355255,0.4899547335525483,105.1017741935484,31,5018,GUADALMENA
1991-04-01,9.29884,9.95857780954675,0.6597378095467501,125.65726666666666,30,5018,GUADALMENA
1991-05-01,0.7377200000000004,1.728378579631328,0.9906585796313278,124.85725806451612,31,5018,GUADALMENA
1991-06-01,-0.9649696000000016,0.23725475217007688,1.2022243521700786,109.3137,30,5018,GUADALMENA
1991-07-01,-1.357905600000002,-0.06727446999978277,1.2906311300002193,90.83625806451613,31,5018,GUADALMENA
1991-08-01,-0.9389199999999959,0.061138570156745634,1.0000585701567415,70.3025806451613,31,5018,GUADALMENA
1991-09-01,-0.22273600000000268,0.3454082681002638,0.5681442681002665,53.95233333333333,30,5018,GUADALMENA
1991-10-01,1.4484224000000037,1.7704117868357858,0.321989386835782,50.7088064516129,31,5018,GUADALMENA
1991-11-01,1.5467519999999995,1.7252720822836642,0.17852008228366473,52.12303333333333,30,5018,GUADALMENA
1991-12-01,2.9758799999999956,3.102877515472889,0.1269975154728938,54.6988064516129,31,5018,GUADALMENA
1992-01-01,1.9148975999999989,2.045115947476396,0.13021834747639724,56.79164516129032,31,5018,GUADALMENA
1992-02-01,3.3148160000000053,3.512126762237295,0.19731076223728958,58.763379310344824,29,5018,GUADALMENA
1992-03-01,2.158807999999998,2.504476846351639,0.345668846351641,62.13783870967742,31,5018,GUADALMENA
1992-04-01,9.2069232,9.652397267644933,0.44547406764493247,69.7329,30,5018,GUADALMENA
1992-05-01,0.013920000000001806,0.6809162597902756,0.6669962597902738,68.98351612903225,31,5018,GUADALMENA
1992-06-01,3.953980800000002,4.784795215494766,0.8308144154947646,62.7823,30,5018,GUADALMENA
1992-07-01,-0.11229119999999954,0.8662773447534536,0.9785685447534532,59.956161290322584,31,5018,GUADALMENA
1992-08-01,-0.3729328000000005,0.44481219683591494,0.8177449968359154,51.93725806451613,31,5018,GUADALMENA
1992-09-01,-0.2730000000000043,0.23664743166928262,0.5096474316692869,45.824733333333334,30,5018,GUADALMENA
1992-10-01,2.9214080000000053,3.2117217675924863,0.2903137675924809,43.41667741935483,31,5018,GUADALMENA
1992-11-01,2.452220799999998,2.6187970833006555,0.16657628330065735,46.981366666666666,30,5018,GUADALMENA
1992-12-01,3.645468800000001,3.763160351302181,0.11769155130218038,48.797645161290326,31,5018,GUADALMENA
1993-01-01,1.9631071999999978,2.0842096773364447,0.12110247733644683,50.93406451612903,31,5018,GUADALMENA
1993-02-01,1.9548207999999996,2.1323985180432334,0.17757771804323402,52.88203571428572,28,5018,GUADALMENA
1993-03-01,1.6258975999999994,1.9430422781573817,0.3171446781573823,54.60738709677419,31,5018,GUADALMENA
1993-04-01,1.2029359999999978,1.5872606065479176,0.3843246065479197,55.866233333333334,30,5018,GUADALMENA
1993-05-01,2.9559360000000052,3.552652020376444,0.5967160203764387,58.36016129032258,31,5018,GUADALMENA
1993-06-01,0.7878607999999991,1.5945209215710958,0.8066601215710967,60.061,30,5018,GUADALMENA
1993-07-01,-0.44198880000000174,0.5297720626645792,0.971760862664581,59.30990322580645,31,5018,GUADALMENA
1993-08-01,-0.605865599999999,0.24502849599685325,0.8508940959968523,55.10906451612904,31,5018,GUADALMENA
1993-09-01,-0.28997279999999964,0.27692283743776247,0.5668956374377621,53.75006666666666,30,5018,GUADALMENA
1993-10-01,0.6526656000000022,0.9854281257036488,0.3327625257036466,53.27451612903226,31,5018,GUADALMENA
1993-11-01,1.213692799999997,1.3970753279837869,0.18338252798379,54.2667,30,5018,GUADALMENA
1993-12-01,1.2846912000000008,1.4126226859428133,0.12793148594281242,55.301645161290324,31,5018,GUADALMENA
1994-01-01,4.730292799999997,4.8627910926033895,0.13249829260339197,58.29693548387097,31,5018,GUADALMENA
1994-02-01,2.5880672,2.78445454258829,0.19638734258829013,61.50317857142857,28,5018,GUADALMENA
1994-03-01,2.0997424000000042,2.453010969030668,0.3532685690306636,64.19832258064517,31,5018,GUADALMENA
1994-04-01,1.2938208000000033,1.720080273785672,0.42625947378566875,65.25496666666666,30,5018,GUADALMENA
1994-05-01,0.9159839999999895,1.5678126693358156,0.6518286693358263,66.62735483870968,31,5018,GUADALMENA
1994-06-01,-0.42476639999999866,0.43401995218942047,0.8587863521894191,65.97783333333334,30,5018,GUADALMENA
1994-07-01,-0.7218799999999926,0.2581841641297482,0.9800641641297408,60.08074193548387,31,5018,GUADALMENA
1994-08-01,-0.5879711999999997,0.25825417227662917,0.8462253722766289,54.65693548387097,31,5018,GUADALMENA
1994-09-01,-0.32408000000000403,0.23735967146251005,0.5614396714625141,52.9778,30,5018,GUADALMENA
1994-10-01,0.5888096000000033,0.9097043764677195,0.32089477646771636,50.45019354838709,31,5018,GUADALMENA
1994-11-01,0.7599807999999969,0.9358119573854338,0.17583115738543692,50.9494,30,5018,GUADALMENA
1994-12-01,0.21987680000000154,0.33786336408896545,0.11798656408896388,49.006258064516125,31,5018,GUADALMENA
1995-01-01,0.8519887999999991,0.9552634242332061,0.10327462423320706,40.11806451612903,31,5018,GUADALMENA
1995-02-01,0.9670512000000023,1.113826066406078,0.14677486640607565,39.73728571428571,28,5018,GUADALMENA
1995-03-01,0.8691920000000019,1.1294272818870945,0.26023528188709255,40.589354838709674,31,5018,GUADALMENA
1995-04-01,0.04303359999999353,0.3544558676084496,0.31142226760845604,40.749766666666666,30,5018,GUADALMENA
1995-05-01,0.16585440000000154,0.6344797679559916,0.4686253679559901,40.61535483870968,31,5018,GUADALMENA
1995-06-01,-0.019080000000000808,0.5978177301500639,0.6168977301500648,40.1676,30,5018,GUADALMENA
1995-07-01,-0.4389487999999975,0.3018992718690272,0.7408480718690247,39.47838709677419,31,5018,GUADALMENA
1995-08-01,0.11982079999999866,0.7925696711371865,0.6727488711371877,38.74251612903226,31,5018,GUADALMENA
1995-09-01,-0.17413439999999836,0.278875575735683,0.45300997573568136,38.395833333333336,30,5018,GUADALMENA
1995-10-01,-0.07303679999999775,0.1916664694016933,0.26470326940169103,37.79696774193548,31,5018,GUADALMENA
1995-11-01,0.21791199999999844,0.3611784535790698,0.1432664535790714,37.47233333333334,30,5018,GUADALMENA
1995-12-01,9.7530064,9.852714186681464,0.09970778668146521,38.06338709677419,31,5018,GUADALMENA
1996-01-01,61.85596159999999,62.029153506193396,0.17319190619340286,87.87112903225807,31,5018,GUADALMENA
1996-02-01,25.647999999999996,25.975820566246874,0.32782056624687794,125.90941379310345,29,5018,GUADALMENA
1996-03-01,11.731000000000023,12.326169074058656,0.595169074058634,140.4012258064516,31,5018,GUADALMENA
1996-04-01,7.054999999999978,7.799103291844626,0.7441032918446482,150.5086,30,5018,GUADALMENA
1996-05-01,17.070999999999998,18.257957084986938,1.1869570849869406,163.75451612903228,31,5018,GUADALMENA
1996-06-01,2.8640864000000223,4.490548682391898,1.6264622823918757,171.9582,30,5018,GUADALMENA
1996-07-01,-0.7218048000000193,1.2474584407433797,1.9692632407433992,171.09180645161288,31,5018,GUADALMENA
1996-08-01,-0.5057887999999782,1.1937349309863463,1.6995237309863245,155.58951612903223,31,5018,GUADALMENA
1996-09-01,1.939228799999995,3.0055141168374,1.0662853168374051,138.66073333333333,30,5018,GUADALMENA
1996-10-01,1.6522016000000015,2.2808042503801325,0.628602650380131,138.31912903225808,31,5018,GUADALMENA
1996-11-01,11.835111999999997,12.187773692972618,0.3526616929726212,144.7464,30,5018,GUADALMENA
1996-12-01,93.1720064,93.45513636543022,0.28312996543021934,182.82512903225805,31,5018,GUADALMENA
1997-01-01,109.12985279999998,109.52691077430902,0.3970579743090303,302.64864516129035,31,5018,GUADALMENA
1997-02-01,20.325025600000004,20.89473470668873,0.5697091066887295,303.87942857142855,28,5018,GUADALMENA
1997-03-01,8.972972799999988,9.988757365578415,1.0157845655784266,313.0166129032258,31,5018,GUADALMENA
1997-04-01,11.604491200000009,12.836326122787327,1.2318349227873175,320.5819,30,5018,GUADALMENA
1997-05-01,6.374086399999987,8.269721994083694,1.8956355940837073,330.43419354838704,31,5018,GUADALMENA
1997-06-01,2.6028816000000243,5.137664395487767,2.5347827954877427,334.55576666666667,30,5018,GUADALMENA
1997-07-01,-1.7000304000000197,1.2158116654164361,2.915842065416456,308.31051612903224,31,5018,GUADALMENA
1997-08-01,-0.18693599999998023,2.3246004670320075,2.5115364670319877,279.4861935483871,31,5018,GUADALMENA
1997-09-01,0.3479072000000064,1.9458077832753606,1.5979005832753543,254.39436666666668,30,5018,GUADALMENA
1997-10-01,3.0257391999999994,3.9555434319574974,0.9298042319574982,248.83116129032257,31,5018,GUADALMENA
1997-11-01,37.049047999999985,37.57806442111996,0.5290164211199746,265.9816666666667,30,5018,GUADALMENA
1997-12-01,75.72217280000002,76.12561666891023,0.40344386891019623,309.8604838709677,31,5018,GUADALMENA
1998-01-01,49.71793919999997,50.120468142223615,0.4025289422236458,308.70651612903225,31,5018,GUADALMENA
1998-02-01,31.90437120000002,32.47268276926435,0.5683115692643292,302.7614642857143,28,5018,GUADALMENA
1998-03-01,10.394006400000011,11.380956629977032,0.986950229977021,299.78403225806454,31,5018,GUADALMENA
1998-04-01,7.834934399999984,9.034979494574573,1.2000450945745893,308.24806666666666,30,5018,GUADALMENA
1998-05-01,10.748702400000022,12.591390886921864,1.8426884869218438,316.69170967741934,31,5018,GUADALMENA
1998-06-01,10.67769599999998,13.177143492026019,2.499447492026039,327.5851666666667,30,5018,GUADALMENA
1998-07-01,-0.9461887999999851,2.0210964633883446,2.9672852633883298,316.47429032258066,31,5018,GUADALMENA
1998-08-01,-1.1430000000000229,1.482160994061717,2.6251609940617397,298.63883870967743,31,5018,GUADALMENA
1998-09-01,0.048012800000036104,1.7669975453343232,1.718984745334287,283.8197333333334,30,5018,GUADALMENA
1998-10-01,2.034196800000002,3.0381679641532138,1.003971164153212,279.1895483870968,31,5018,GUADALMENA
1998-11-01,2.0880975999999882,2.637171898790414,0.5490742987904258,281.1517666666667,30,5018,GUADALMENA
1998-12-01,2.6191455999999738,2.9991372771362386,0.37999167713626486,283.0946451612903,31,5018,GUADALMENA
1999-01-01,2.977078400000007,3.3595790449084766,0.3825006449084694,285.90316129032254,31,5018,GUADALMENA
1999-02-01,2.2721120000000368,2.822269241626041,0.5501572416260043,288.36839285714285,28,5018,GUADALMENA
1999-03-01,3.50927039999998,4.476944644040468,0.9676742440404873,291.04125806451617,31,5018,GUADALMENA
1999-04-01,1.158105600000004,2.303986886992236,1.1458812869922321,287.6206666666667,30,5018,GUADALMENA
1999-05-01,1.0270143999999908,2.6874350465523245,1.6604206465523335,270.92132258064515,31,5018,GUADALMENA
1999-06-01,-0.46687520000000404,1.5634741802621182,2.0303493802621224,239.9065,30,5018,GUADALMENA
1999-07-01,-1.0198032000000021,1.0560818117710657,2.0758850117710677,185.46377419354837,31,5018,GUADALMENA
1999-08-01,0.24396320000002258,1.7032031136673136,1.4592399136672909,124.1281935483871,31,5018,GUADALMENA
1999-09-01,0.033979199999988205,0.8646310347338935,0.8306518347339052,95.33813333333335,30,5018,GUADALMENA
1999-10-01,9.116984000000011,9.608311549740097,0.491327549740087,95.59987096774194,31,5018,GUADALMENA
1999-11-01,1.6040511999999887,1.8852240910008993,0.28117289100091075,103.028,30,5018,GUADALMENA
1999-12-01,3.7633472000000063,3.959433338486599,0.1960861384865927,104.94129032258064,31,5018,GUADALMENA
2000-01-01,4.082462399999995,4.284598512622745,0.20213611262274994,109.83551612903226,31,5018,GUADALMENA
2000-02-01,1.791750400000009,2.0953958093701814,0.30364540937017226,112.17800000000001,29,5018,GUADALMENA
2000-03-01,0.5818064000000033,1.0923408434776307,0.5105344434776273,111.53174193548386,31,5018,GUADALMENA
2000-04-01,18.34958079999999,18.984620826685507,0.6350400266855187,118.7288,30,5018,GUADALMENA
2000-05-01,9.52234719999999,10.565366995149098,1.0430197951491078,134.8714193548387,31,5018,GUADALMENA
2000-06-01,0.5718736000000046,1.9744187192241642,1.4025451192241596,137.70013333333333,30,5018,GUADALMENA
2000-07-01,-0.9779119999999888,0.6634547513908435,1.6413667513908323,130.19290322580645,31,5018,GUADALMENA
2000-08-01,-0.8000512000000018,0.6687811624942938,1.4688323624942956,124.98974193548386,31,5018,GUADALMENA
2000-09-01,-0.5149088000000004,0.45792551723897634,0.9728343172389767,120.83276666666667,30,5018,GUADALMENA
2000-10-01,0.5928256000000044,1.1604278121050466,0.5676022121050422,118.68158064516129,31,5018,GUADALMENA
2000-11-01,2.332095999999991,2.6428104831243204,0.31071448312432937,119.68456666666665,30,5018,GUADALMENA
2000-12-01,9.922577600000015,10.141097955649347,0.2185203556493339,123.46187096774194,31,5018,GUADALMENA
2001-01-01,47.34068799999999,47.5837405431014,0.24305254310140995,144.98806451612904,31,5018,GUADALMENA
2001-02-01,21.567232000000008,21.9845658339222,0.41733383392219153,190.55192857142856,28,5018,GUADALMENA
2001-03-01,70.11007519999998,70.9875295689463,0.8774543689463239,251.56151612903227,31,5018,GUADALMENA
2001-04-01,8.533680000000022,9.645578700651997,1.1118987006519774,274.9175666666667,30,5018,GUADALMENA
2001-05-01,10.30380639999999,12.01227141978455,1.7084650197845614,282.72874193548387,31,5018,GUADALMENA
2001-06-01,-0.4692128000000151,1.7858719582471512,2.255084758247166,280.7542666666667,30,5018,GUADALMENA
2001-07-01,-1.2468639999999944,1.3879748212504601,2.6348388212504545,264.80132258064515,31,5018,GUADALMENA
2001-08-01,-1.0841184000000001,1.2411983677138398,2.32531676771384,248.96754838709677,31,5018,GUADALMENA
2001-09-01,-0.16978879999998597,1.3788397864603525,1.5486285864603384,242.6849,30,5018,GUADALMENA
2001-10-01,4.288243200000001,5.204224433731679,0.9159812337316781,243.30416129032258,31,5018,GUADALMENA
2001-11-01,2.7049808000000093,3.208639824825542,0.5036590248255324,247.00146666666666,30,5018,GUADALMENA
2001-12-01,3.3760831999999925,3.725326781312396,0.34924358131240313,249.43870967741935,31,5018,GUADALMENA
2002-01-01,3.8602688000000023,4.212540915302751,0.35227211530274816,252.68987096774194,31,5018,GUADALMENA
2002-02-01,1.7634559999999948,2.2671273611248637,0.5036713611248688,252.60282142857142,28,5018,GUADALMENA
2002-03-01,6.485620799999989,7.37430313692195,0.8886823369219611,256.1445806451613,31,5018,GUADALMENA
2002-04-01,18.416352000000035,19.51342390647637,1.0970719064763332,269.4651,30,5018,GUADALMENA
2002-05-01,3.0540335999999737,4.743007930015975,1.6889743300160012,277.9002258064516,31,5018,GUADALMENA
2002-06-01,-1.1179631999999824,1.0030371788785581,2.1210003788785405,256.15746666666666,30,5018,GUADALMENA
2002-07-01,-1.4630848000000012,0.8737076759590924,2.3367924759590935,221.16667741935484,31,5018,GUADALMENA
2002-08-01,-1.2422096000000216,0.8564829637323486,2.0986925637323703,213.47122580645163,31,5018,GUADALMENA
2002-09-01,-0.37994719999999765,1.0108780397562454,1.3908252397562428,206.55266666666665,30,5018,GUADALMENA
2002-10-01,1.5018720000000114,2.3217781161808544,0.8199061161808429,206.0456451612903,31,5018,GUADALMENA
2002-11-01,4.0839615999999905,4.532547340467899,0.4485857404679082,207.61796666666666,30,5018,GUADALMENA
2002-12-01,6.5019696,6.816398082783156,0.3144284827831563,213.08735483870967,31,5018,GUADALMENA
2003-01-01,25.17736160000001,25.509300464548645,0.3319388645486357,231.18409677419356,31,5018,GUADALMENA
2003-02-01,18.196281600000006,18.69245647386069,0.4961748738606874,246.99635714285714,28,5018,GUADALMENA
2003-03-01,14.519847999999982,15.437546721159011,0.9176987211590288,268.7949032258064,31,5018,GUADALMENA
2003-04-01,12.085769600000008,13.210948013118921,1.1251784131189144,279.8622666666667,30,5018,GUADALMENA
2003-05-01,6.638638399999988,8.376509797482953,1.737871397482965,290.05541935483876,31,5018,GUADALMENA
2003-06-01,1.0729663999999912,3.386603218398233,2.3136368183982414,291.7415333333333,30,5018,GUADALMENA
2003-07-01,-1.6406223999999918,1.1411182493992151,2.781740649399207,287.2371290322581,31,5018,GUADALMENA
2003-08-01,-1.450881599999992,1.0706798343895776,2.52156143438957,281.1345483870968,31,5018,GUADALMENA
2003-09-01,-0.8679344000000029,0.8162463326363459,1.684180732636349,275.2373333333333,30,5018,GUADALMENA
2003-10-01,2.358113599999989,3.3389638408546527,0.9808502408546635,269.60087096774197,31,5018,GUADALMENA
2003-11-01,13.48731680000002,14.035867757160089,0.5485509571600684,280.7536666666667,30,5018,GUADALMENA
2003-12-01,16.069387199999994,16.45994411012217,0.3905569101221754,294.99532258064517,31,5018,GUADALMENA
2004-01-01,9.783352000000033,10.181686078123885,0.39833407812385463,303.84041935483873,31,5018,GUADALMENA
2004-02-01,14.837879999999997,15.442253488778633,0.6043734887786353,315.0069655172414,29,5018,GUADALMENA
2004-03-01,24.21387519999998,25.245572939421645,1.031697739421667,320.40058064516126,31,5018,GUADALMENA
2004-04-01,27.198852800000026,28.47406508881397,1.2752122888139428,337.66683333333333,30,5018,GUADALMENA
2004-05-01,38.69279999999998,40.64305083626272,1.950250836262733,344.815935483871,31,5018,GUADALMENA
2004-06-01,8.06065120000001,10.653990137235338,2.593338937235328,346.2135666666667,30,5018,GUADALMENA
2004-07-01,1.096011199999984,4.181925016629211,3.085913816629226,335.6347419354839,31,5018,GUADALMENA
2004-08-01,-1.1250623999999843,1.5723276590573994,2.6973900590573834,311.07277419354836,31,5018,GUADALMENA
2004-09-01,-0.7810239999999982,0.9568435710378099,1.7378675710378082,288.503,30,5018,GUADALMENA
2004-10-01,1.7689199999999905,2.78829067112405,1.0193706711240598,285.6375806451613,31,5018,GUADALMENA
2004-11-01,1.9317424000000132,2.488872160230542,0.557129760230529,287.3615,30,5018,GUADALMENA
2004-12-01,2.532246399999999,2.9181251361738525,0.3858787361738532,289.698870967742,31,5018,GUADALMENA
2005-01-01,1.878475199999995,2.266109686120015,0.3876344861200201,291.6781612903226,31,5018,GUADALMENA
2005-02-01,1.5682944,2.1241065237115553,0.5558121237115551,292.8256428571429,28,5018,GUADALMENA
2005-03-01,1.4730336000000002,2.4458902159311227,0.9728566159311226,293.38193548387096,31,5018,GUADALMENA
2005-04-01,0.07402560000000982,1.2254868921765465,1.1514612921765368,289.7273666666667,30,5018,GUADALMENA
2005-05-01,-1.546915200000004,0.09855772063755647,1.6454729206375605,267.2626451612903,31,5018,GUADALMENA
2005-06-01,-1.6759839999999975,0.3421891888914681,2.0181731888914656,237.7357,30,5018,GUADALMENA
2005-07-01,-1.7420560000000131,0.45131032408789185,2.193366324087905,201.2712258064516,31,5018,GUADALMENA
2005-08-01,-1.5220271999999961,0.22199739326856763,1.7440245932685638,161.78148387096772,31,5018,GUADALMENA
2005-09-01,-0.5249839999999889,0.5789632369652848,1.1039472369652739,146.06456666666665,30,5018,GUADALMENA
2005-10-01,0.3590191999999873,1.0046389127967745,0.6456197127967872,143.9734516129032,31,5018,GUADALMENA
2005-11-01,0.09200320000000868,0.44307559686538706,0.3510723968653784,143.74373333333332,30,5018,GUADALMENA
2005-12-01,1.313070399999993,1.5556092468360054,0.24253884683601237,144.35848387096775,31,5018,GUADALMENA
2006-01-01,2.058827199999991,2.3028043946731596,0.24397719467316828,145.6448387096774,31,5018,GUADALMENA
2006-02-01,6.815691200000018,7.169530033661198,0.3538388336611806,148.74175,28,5018,GUADALMENA
2006-03-01,7.883011199999998,8.527213432754767,0.6442022327547687,158.09009677419354,31,5018,GUADALMENA
2006-04-01,3.256028799999999,4.037085829347867,0.7810570293478682,161.8549,30,5018,GUADALMENA
2006-05-01,0.627807999999985,1.8088055139633297,1.1809975139633446,162.49183870967744,31,5018,GUADALMENA
2006-06-01,-0.4287455999999795,0.9775682469347226,1.4063138469347023,138.41726666666668,30,5018,GUADALMENA
2006-07-01,-1.9239664000000083,-0.5193694345909406,1.4045969654090675,103.18709677419355,31,5018,GUADALMENA
2006-08-01,-1.1290863999999945,-0.09646633579350238,1.0326200642064922,73.8210322580645,31,5018,GUADALMENA
2006-09-01,-0.24884159999999744,0.30188313875503575,0.5507247387550331,51.497600000000006,30,5018,GUADALMENA
2006-10-01,0.29626399999999564,0.6031217166109093,0.3068577166109136,47.17696774193548,31,5018,GUADALMENA
2006-11-01,1.893923200000005,2.0635919886768885,0.16966878867688337,48.29536666666666,30,5018,GUADALMENA
2006-12-01,1.2995503999999969,1.41847436627353,0.11892396627353302,49.56535483870968,31,5018,GUADALMENA
2007-01-01,0.9007440000000001,1.0210960618827711,0.12035206188277099,50.46048387096774,31,5018,GUADALMENA
2007-02-01,3.519932799999998,3.6967577551501942,0.17682495515019625,52.54917857142857,28,5018,GUADALMENA
2007-03-01,1.9563552000000057,2.2760326739999117,0.3196774739999062,55.262903225806454,31,5018,GUADALMENA
2007-04-01,14.519908800000003,14.945649826606871,0.4257410266068672,65.1928,30,5018,GUADALMENA
2007-05-01,16.914929599999986,17.630798074658745,0.71586847465876,76.74487096774193,31,5018,GUADALMENA
2007-06-01,0.6351344000000081,1.6607711857804868,1.0256367857804787,86.11223333333334,30,5018,GUADALMENA
2007-07-01,-1.4258463999999993,-0.2594493415724758,1.1663970584275234,78.01925806451614,31,5018,GUADALMENA
2007-08-01,-0.8802464000000014,0.06553059582345058,0.9457769958234521,64.61648387096774,31,5018,GUADALMENA
2007-09-01,-0.017891200000002168,0.5700289181050746,0.5879201181050768,56.76803333333333,30,5018,GUADALMENA
2007-10-01,0.21867520000000107,0.5635595589025569,0.34488435890255587,56.21183870967742,31,5018,GUADALMENA
2007-11-01,1.716153600000002,1.903800464355654,0.187646864355652,56.17136666666667,30,5018,GUADALMENA
2007-12-01,1.0971823999999988,1.2291289934246035,0.13194659342460463,57.925419354838716,31,5018,GUADALMENA
2008-01-01,2.1581648000000047,2.292686818429789,0.13452201842978428,59.630483870967744,31,5018,GUADALMENA
2008-02-01,1.012003199999994,1.2142288762459317,0.2022256762459375,60.96951724137931,29,5018,GUADALMENA
2008-03-01,0.8731536000000035,1.2182460239086903,0.3450924239086869,61.981806451612904,31,5018,GUADALMENA
2008-04-01,17.044035200000003,17.48541652703516,0.4413813270351556,68.86286666666666,30,5018,GUADALMENA
2008-05-01,11.4278016,12.190895898468122,0.763094298468122,84.43116129032258,31,5018,GUADALMENA
2008-06-01,3.7742175999999925,4.856036672352295,1.0818190723523022,93.28166666666667,30,5018,GUADALMENA
2008-07-01,-1.6708639999999986,-0.4039896260489568,1.2668743739510417,88.35116129032258,31,5018,GUADALMENA
2008-08-01,-1.251004799999999,-0.3070372456681001,0.9439675543318988,64.41748387096774,31,5018,GUADALMENA
2008-09-01,-0.09924000000000102,0.5108052159269486,0.6100452159269496,60.0028,30,5018,GUADALMENA
2008-10-01,0.747081599999999,1.104911936008286,0.357830336008287,59.40641935483871,31,5018,GUADALMENA
2008-11-01,5.989556800000005,6.193288831248893,0.20373203124888709,63.55,30,5018,GUADALMENA
2008-12-01,20.298732799999993,20.460018846367895,0.16128604636790156,78.36687096774193,31,5018,GUADALMENA
2009-01-01,22.317854400000005,22.499129640163897,0.1812752401638928,93.33509677419354,31,5018,GUADALMENA
2009-02-01,44.0588656,44.39767488316883,0.3388092831688391,139.54514285714285,28,5018,GUADALMENA
2009-03-01,26.481849600000004,27.157912612025413,0.676063012025409,170.01567741935483,31,5018,GUADALMENA
2009-04-01,13.67787359999999,14.531897342347248,0.8540237423472583,185.07336666666666,30,5018,GUADALMENA
2009-05-01,4.279172800000024,5.598299226567768,1.3191264265677431,191.8162258064516,31,5018,GUADALMENA
2009-06-01,-1.6167808000000052,0.028943119372935214,1.6457239193729405,175.083,30,5018,GUADALMENA
2009-07-01,-5.779750400000004,-4.0081836117327265,1.7715667882672768,146.23929032258064,31,5018,GUADALMENA
2009-08-01,-4.321119999999998,-3.0057834217074966,1.3153365782925015,105.98306451612903,31,5018,GUADALMENA
2009-09-01,0.021688000000003017,0.8227418661126671,0.801053866112664,90.29536666666667,30,5018,GUADALMENA
2009-10-01,0.3754159999999946,0.8414701729783057,0.4660541729783112,88.30225806451612,31,5018,GUADALMENA
2009-11-01,0.684724800000003,0.939046076591705,0.254321276591702,88.62740000000001,30,5018,GUADALMENA
2009-12-01,103.29091199999999,103.49030906262018,0.19939706262018886,109.02670967741935,31,5018,GUADALMENA
2010-01-01,103.18984960000003,103.54958191265071,0.3597323126506755,261.3440967741936,31,5018,GUADALMENA
2010-02-01,150.77489119999996,151.35459919127015,0.5797079912701801,311.99510714285714,28,5018,GUADALMENA
2010-03-01,69.23289920000002,70.27098875084572,1.0380895508457082,323.38129032258064,31,5018,GUADALMENA
2010-04-01,19.282979199999993,20.541534465461776,1.2585552654617822,331.07463333333334,30,5018,GUADALMENA
2010-05-01,13.15186559999999,14.996679215701079,1.8448136157010877,317.2391935483871,31,5018,GUADALMENA
2010-06-01,6.488144000000017,8.966617846956538,2.478473846956521,323.46986666666663,30,5018,GUADALMENA
2010-07-01,-1.4200143999999888,1.5723704652631705,2.9923848652631593,320.48196774193553,31,5018,GUADALMENA
2010-08-01,-0.9381455999999989,1.7158943213519668,2.654039921351966,303.58122580645164,31,5018,GUADALMENA
2010-09-01,0.7630783999999977,2.5441518923758455,1.7810734923758478,299.3256,30,5018,GUADALMENA
2010-10-01,3.4080512000000023,4.440933147071454,1.032881947071452,291.34000000000003,31,5018,GUADALMENA
2010-11-01,11.731747200000026,12.296195719549258,0.5644485195492328,293.0439666666667,30,5018,GUADALMENA
2010-12-01,102.03214399999997,102.44059216766057,0.408448167660598,315.5677096774194,31,5018,GUADALMENA
2011-01-01,31.402726400000017,31.80719573344181,0.40446933344179253,310.89029032258065,31,5018,GUADALMENA
2011-02-01,52.80311679999997,53.39630520725754,0.5931884072575734,322.88757142857145,28,5018,GUADALMENA
2011-03-01,20.296740800000013,21.327354979628552,1.030614179628537,319.8948387096774,31,5018,GUADALMENA
2011-04-01,11.119475200000007,12.36296285465506,1.2434876546550522,325.13843333333335,30,5018,GUADALMENA
2011-05-01,7.09115520000001,9.004702204944685,1.9135470049446754,335.1296129032258,31,5018,GUADALMENA
2011-06-01,2.345696000000009,4.860795656096347,2.5150996560963375,330.6836333333333,30,5018,GUADALMENA
2011-07-01,-2.508171200000007,0.4046676738097623,2.9128388738097692,307.7934516129032,31,5018,GUADALMENA
2011-08-01,-2.9672272000000004,-0.368405908376092,2.598821291623908,294.1586129032258,31,5018,GUADALMENA
2011-09-01,-1.8951791999999759,-0.15922259070614417,1.7359566092938317,288.02476666666666,30,5018,GUADALMENA
2011-10-01,-0.6187584000000409,0.3991349764770088,1.0178933764770497,285.01703225806455,31,5018,GUADALMENA
2011-11-01,2.481964800000031,3.0369799252379712,0.5550151252379398,285.72713333333337,30,5018,GUADALMENA
2011-12-01,2.2419919999999935,2.6265433933602456,0.38455139336025174,288.2053548387097,31,5018,GUADALMENA
2012-01-01,1.9378912000000013,2.324154354921706,0.38626315492170454,290.13177419354844,31,5018,GUADALMENA
2012-02-01,1.3872543999999691,1.9612328293283026,0.5739784293283334,291.54158620689657,29,5018,GUADALMENA
2012-03-01,1.1806352,2.150316212493495,0.9696810124934946,291.9466129032258,31,5018,GUADALMENA
2012-04-01,3.1185152000000436,4.2791117829327785,1.1605965829327352,293.1719333333333,30,5018,GUADALMENA
2012-05-01,1.8603439999999818,3.6197519415164643,1.7594079415164827,295.4617741935484,31,5018,GUADALMENA
2012-06-01,-3.47599040000002,-1.1695621554854443,2.3064282445145756,290.3860666666667,30,5018,GUADALMENA
2012-07-01,-4.764910400000008,-2.09249207610034,2.672418323899668,270.49693548387097,31,5018,GUADALMENA
2012-08-01,-4.2700655999999695,-1.9443654556817158,2.3257001443182537,249.04667741935484,31,5018,GUADALMENA
2012-09-01,-1.424859200000014,0.08237008188519213,1.507229281885206,233.0247666666667,30,5018,GUADALMENA
2012-10-01,5.158395200000012,6.042038469171286,0.8836432691712741,230.53441935483872,31,5018,GUADALMENA
2012-11-01,97.51705439999999,98.07677099844041,0.5597165984404109,289.64189999999996,30,5018,GUADALMENA
2012-12-01,14.154960000000022,14.553525342118256,0.3985653421182339,304.1115806451613,31,5018,GUADALMENA
2013-01-01,70.51197759999995,70.92276812614044,0.41079052614048683,318.2335806451613,31,5018,GUADALMENA
2013-02-01,22.154097600000018,22.740875791238363,0.5867781912383464,317.65017857142857,28,5018,GUADALMENA
2013-03-01,133.68399200000002,134.72912693537617,1.0451349353761519,326.7219677419355,31,5018,GUADALMENA
2013-04-01,103.45109599999998,104.71264134071046,1.2615453407104829,332.2493666666667,30,5018,GUADALMENA
2013-05-01,21.63808000000005,23.580492239483164,1.9424122394831156,342.74132258064515,31,5018,GUADALMENA
2013-06-01,7.220035199999972,9.782089881379896,2.562054681379924,339.96853333333337,30,5018,GUADALMENA
2013-07-01,1.1191664000000103,4.1858002641653265,3.0666338641653166,332.4823548387097,31,5018,GUADALMENA
2013-08-01,-1.5697183999999935,1.1314018038782507,2.701120203878244,311.7142258064516,31,5018,GUADALMENA
2013-09-01,0.33917440000002075,2.0888553503654625,1.7496809503654416,291.4556666666667,30,5018,GUADALMENA
2013-10-01,4.871003199999956,5.896358151307385,1.025354951307429,288.1565161290323,31,5018,GUADALMENA
2013-11-01,1.6040463999999937,2.1626610435060996,0.5586146435061058,288.511,30,5018,GUADALMENA
2013-12-01,10.569120000000044,10.954896982621616,0.3857769826215721,289.5884516129032,31,5018,GUADALMENA
2014-01-01,26.874871999999986,27.274210353559262,0.39933835355927844,305.0043548387097,31,5018,GUADALMENA
2014-02-01,72.98193440000001,73.57630761479288,0.5943732147928722,323.85896428571425,28,5018,GUADALMENA
2014-03-01,39.75799040000001,40.8073689383633,1.0493785383632848,328.6776451612903,31,5018,GUADALMENA
2014-04-01,12.186228799999997,13.428584242551922,1.2423554425519263,324.6902,30,5018,GUADALMENA
2014-05-01,4.009908799999983,5.887041247085504,1.8771324470855217,325.60725806451615,31,5018,GUADALMENA
2014-06-01,0.8688975999999871,3.342226008434918,2.4733284084349307,322.46233333333333,30,5018,GUADALMENA
2014-07-01,-1.3189695999999742,1.6473441652937812,2.9663137652937555,316.2951612903226,31,5018,GUADALMENA
2014-08-01,-2.0511712000000046,0.627243319927698,2.6784145199277027,307.7715806451613,31,5018,GUADALMENA
2014-09-01,-1.2339968000000123,0.5485125317549979,1.7825093317550103,299.6895666666667,30,5018,GUADALMENA
2014-10-01,0.6459775999999865,1.6873796338844431,1.0414020338844567,294.94800000000004,31,5018,GUADALMENA
2014-11-01,4.975088000000041,5.540564868529054,0.5654768685290128,293.8437666666667,30,5018,GUADALMENA
2014-12-01,3.9309663999999525,4.32176795059309,0.39080155059313765,295.25996774193544,31,5018,GUADALMENA
2015-01-01,3.2060656000000143,3.5964311036636354,0.3903655036636212,294.765935483871,31,5018,GUADALMENA
2015-02-01,15.67496320000001,16.24303103761601,0.5680678376160001,302.56985714285713,28,5018,GUADALMENA
2015-03-01,8.746839999999992,9.753224244220906,1.006384244220914,308.67887096774194,31,5018,GUADALMENA
2015-04-01,5.546947199999983,6.757266267160442,1.2103190671604587,312.2123,30,5018,GUADALMENA
2015-05-01,-0.30511999999997114,1.5146790417466403,1.8197990417466114,310.805935483871,31,5018,GUADALMENA
2015-06-01,-2.1068063999999764,0.26683905325350754,2.373645453253484,303.1680666666667,30,5018,GUADALMENA
2015-07-01,-3.0927760000000526,-0.2687732685335724,2.82400273146648,293.8111612903226,31,5018,GUADALMENA
2015-08-01,-2.2080655999999537,0.3276026570989972,2.535668257098951,283.5002258064516,31,5018,GUADALMENA
2015-09-01,-1.2169600000000091,0.46524752413055276,1.6822075241305618,274.7539,30,5018,GUADALMENA
2015-10-01,0.35300640000001526,1.331949951084702,0.9789435510846867,268.815935483871,31,5018,GUADALMENA
2015-11-01,0.7885311999999673,1.3188291769393168,0.5302979769393495,266.85409999999996,30,5018,GUADALMENA
2015-12-01,0.2538768000000028,0.6175331602693573,0.36365636026935455,265.0375806451613,31,5018,GUADALMENA
2016-01-01,2.51800640000002,2.8806698386327927,0.36266343863277256,263.9525161290323,31,5018,GUADALMENA
2016-02-01,6.069891199999963,6.608665531871371,0.5387743318714081,265.1363448275862,29,5018,GUADALMENA
2016-03-01,7.912195200000019,8.834962855904246,0.922767655904227,271.019935483871,31,5018,GUADALMENA
2016-04-01,13.243982400000005,14.37024310299503,1.1262607029950251,280.2655666666667,30,5018,GUADALMENA
2016-05-01,11.597014400000015,13.334258590354532,1.7372441903545175,289.90435483870965,31,5018,GUADALMENA
2016-06-01,-0.652908800000001,1.6433493582426613,2.2962581582426624,288.4791666666667,30,5018,GUADALMENA
2016-07-01,-2.0159616000000025,0.5894267655698456,2.6053883655698478,260.4142580645161,31,5018,GUADALMENA
2016-08-01,-1.3940672000000203,0.7979348732435717,2.192002073243592,227.92387096774195,31,5018,GUADALMENA
2016-09-01,-1.1900735999999854,0.14771296914875384,1.3377865691487392,194.91866666666664,30,5018,GUADALMENA
2016-10-01,-0.20041279999998485,0.5441115632092534,0.7445243632092382,178.29677419354837,31,5018,GUADALMENA
2016-11-01,2.9857135999999835,3.3872465405116845,0.4015329405117009,175.82336666666666,30,5018,GUADALMENA
2016-12-01,2.316326399999999,2.594707327962661,0.278380927962662,177.51270967741937,31,5018,GUADALMENA
2017-01-01,1.7082272000000156,1.9866867574013443,0.27845955740132855,177.58793548387095,31,5018,GUADALMENA
2017-02-01,2.669211199999978,3.0674084442602387,0.3981972442602604,177.56792857142858,28,5018,GUADALMENA
2017-03-01,5.53663200000002,6.236655138105466,0.7000231381054448,179.0735806451613,31,5018,GUADALMENA
2017-04-01,0.3679407999999977,1.200681651125195,0.8327408511251974,178.1839,30,5018,GUADALMENA
2017-05-01,-0.383556800000011,0.8524031285115006,1.2359599285115117,173.9654193548387,31,5018,GUADALMENA
2017-06-01,-1.6199679999999894,-0.020822939215799502,1.59914506078419,167.64823333333334,30,5018,GUADALMENA
2017-07-01,-1.7034160000000151,0.14663256195915694,1.850048561959172,155.81267741935486,31,5018,GUADALMENA
2017-08-01,-1.3636975999999958,0.20020166930856995,1.5638992693085658,137.35858064516128,31,5018,GUADALMENA
2017-09-01,-0.8778255999999853,0.07630952175632036,0.9541351217563057,117.40573333333333,30,5018,GUADALMENA
2017-10-01,-0.4113103999999992,0.09841615393811758,0.5097265539381167,101.02083870967742,31,5018,GUADALMENA
2017-11-01,-0.04391680000001377,0.2238367048753798,0.26775350487539357,95.74213333333334,30,5018,GUADALMENA
2017-12-01,1.0400080000000103,1.2218354259911364,0.18182742599112608,93.7045806451613,31,5018,GUADALMENA
2018-01-01,2.196524799999997,2.3770982229059174,0.18057342290592054,92.7366129032258,31,5018,GUADALMENA
2018-02-01,3.953094400000003,4.214136310854648,0.2610419108546442,94.25110714285714,28,5018,GUADALMENA
2018-03-01,81.5182912,82.107410201698,0.5891190016980131,139.1401612903226,31,5018,GUADALMENA
2018-04-01,26.3126176,27.175175487814585,0.8625578878145833,187.90526666666668,30,5018,GUADALMENA
2018-05-01,8.13972000000001,9.509552248756469,1.3698322487564594,202.98245161290322,31,5018,GUADALMENA
2018-06-01,4.421899199999985,6.268384976184487,1.8464857761845013,208.0058666666667,30,5018,GUADALMENA
2018-07-01,-1.446014399999989,0.7424296065847035,2.1884440065846924,200.44387096774193,31,5018,GUADALMENA
2018-08-01,-1.5413135999999954,0.37057654603584383,1.9118901460358393,185.62529032258064,31,5018,GUADALMENA
2018-09-01,-0.2509727999999922,0.9723316290844812,1.2233044290844735,170.39753333333334,30,5018,GUADALMENA
2018-10-01,0.026204800000005316,0.7159734433891912,0.6897686433891859,158.99406451612901,31,5018,GUADALMENA
2018-11-01,2.910251199999985,3.2833509332348574,0.3730997332348721,157.48226666666667,30,5018,GUADALMENA
2018-12-01,1.9862463999999922,2.244190858151123,0.25794445815113115,158.3286129032258,31,5018,GUADALMENA
2019-01-01,1.7681984000000213,2.025718265602119,0.2575198656020977,157.93787096774193,31,5018,GUADALMENA
2019-02-01,4.729041599999991,5.100965962123607,0.3719243621236166,160.28760714285713,28,5018,GUADALMENA
2019-03-01,0.7816608000000034,1.4283743778663398,0.6467135778663365,159.01212903225806,31,5018,GUADALMENA
2019-04-01,16.197476800000004,16.973931994819207,0.7764551948192027,160.4488,30,5018,GUADALMENA
2019-05-01,3.4426463999999823,4.67059848094158,1.2279520809415976,172.27570967741934,31,5018,GUADALMENA
2019-06-01,-1.1781295999999848,0.4348618136338123,1.6129914136337973,169.82703333333333,30,5018,GUADALMENA
2019-07-01,-1.6123600000000209,0.30567696150648144,1.9180369615065023,164.4598064516129,31,5018,GUADALMENA
2019-08-01,-1.3814559999999798,0.3037843331786614,1.6852403331786412,153.63654838709678,31,5018,GUADALMENA
2019-09-01,2.9340303999999997,3.9660966246510108,1.0320662246510106,132.07160000000002,30,5018,GUADALMENA
2019-10-01,-0.038596800000006586,0.5226725017696067,0.5612693017696132,116.71396774193548,31,5018,GUADALMENA
2019-11-01,9.1273552,9.426602901750911,0.2992477017509114,113.13166666666666,30,5018,GUADALMENA
2019-12-01,41.483048000000004,41.71088263663646,0.227834636636457,131.73987096774195,31,5018,GUADALMENA
2020-01-01,9.243537599999996,9.505375685429833,0.26183808542983805,161.93067741935482,31,5018,GUADALMENA
2020-02-01,5.8283248,6.225208692796421,0.3968838927964214,167.63137931034484,29,5018,GUADALMENA
2020-03-01,4.517441600000005,5.193725801159684,0.6762842011596794,170.04129032258064,31,5018,GUADALMENA
2020-04-01,7.767100799999992,8.58543219165362,0.8183313916536277,173.57909999999998,30,5018,GUADALMENA
2020-05-01,5.845200000000022,7.1000431548523135,1.2548431548522918,177.96767741935483,31,5018,GUADALMENA
2020-06-01,0.5911791999999767,2.2608234270288343,1.6696442270288578,178.8512,30,5018,GUADALMENA
2020-07-01,-1.6133071999999968,0.3787751526789701,1.992082352678967,174.07535483870967,31,5018,GUADALMENA
2020-08-01,-1.5111967999999814,0.21511930957673853,1.7263161095767199,159.31848387096773,31,5018,GUADALMENA
2020-09-01,-0.7639664000000077,0.26149467823921424,1.025461078239222,130.8248,30,5018,GUADALMENA
2020-10-01,-0.11705599999999419,0.4398831044721205,0.5569391044721147,115.35816129032258,31,5018,GUADALMENA
2020-11-01,1.1136127999999978,1.4111009463922968,0.29748814639229887,112.12396666666667,30,5018,GUADALMENA
2020-12-01,3.549382399999989,3.754923126265105,0.20554072626511588,112.62096774193549,31,5018,GUADALMENA
2021-01-01,14.883875200000002,15.09528195091288,0.21140675091287914,117.49354838709678,31,5018,GUADALMENA
2021-02-01,21.448259200000006,21.783336985468996,0.3350777854689902,137.12307142857142,28,5018,GUADALMENA
2021-03-01,6.848353600000011,7.4656875726341205,0.6173339726341089,148.30196774193547,31,5018,GUADALMENA
2021-04-01,3.4259071999999855,4.169813877022779,0.7439066770227938,150.44503333333333,30,5018,GUADALMENA
2021-05-01,1.3459904000000096,2.4721273844352263,1.126136984435217,151.29990322580647,31,5018,GUADALMENA
2021-06-01,-0.4720496000000187,0.989025848820425,1.4610754488204436,146.42606666666669,30,5018,GUADALMENA
2021-07-01,-1.4917055999999818,0.10101292571214643,1.5927185257121284,124.51438709677419,31,5018,GUADALMENA
2021-08-01,-0.9191103999999992,0.33662897107948786,1.255739371079487,98.89616129032258,31,5018,GUADALMENA
2021-09-01,-0.43762719999999866,0.2876093580359628,0.749299909504248,81.69183333333334,29,5018,GUADALMENA
1977-04-01,1.4341280000000018,1.5084293173398882,0.07688924039173416,19.238666666666667,29,5039,QUIEBRAJANO
1977-05-01,0.20131199999999744,0.3153692606133113,0.11405726061331387,18.76774193548387,31,5039,QUIEBRAJANO
1977-06-01,0.02241600000000009,0.17022897645097335,0.14781297645097327,18.130333333333333,30,5039,QUIEBRAJANO
1977-07-01,-0.3022879999999989,-0.12883659013724738,0.17345140986275154,17.21193548387097,31,5039,QUIEBRAJANO
1977-08-01,-0.0970239999999992,0.0551021663360251,0.1521261663360243,16.03290322580645,31,5039,QUIEBRAJANO
1977-09-01,0.16092800000000035,0.2589216640104634,0.09799366401046311,14.866999999999999,30,5039,QUIEBRAJANO
1977-10-01,0.38953600000000044,0.44452313632397644,0.054987136323976026,13.77290322580645,31,5039,QUIEBRAJANO
1977-11-01,0.26836799999999855,0.2967654161456174,0.02839741614561886,12.726666666666667,30,5039,QUIEBRAJANO
1977-12-01,1.3471680000000008,1.3665324212198755,0.0193644212198747,12.533548387096776,31,5039,QUIEBRAJANO
1978-01-01,1.2345759999999997,1.2538402259693788,0.019264225969379163,12.435806451612903,31,5039,QUIEBRAJANO
1978-02-01,4.893984000000001,4.9233399555114294,0.029355955511429107,13.688214285714285,28,5039,QUIEBRAJANO
1978-03-01,8.124623999999999,8.195810327124747,0.07118632712474772,22.375806451612902,31,5039,QUIEBRAJANO
1978-04-01,2.7183360000000016,2.8104418761293637,0.09210587612936215,25.22533333333333,30,5039,QUIEBRAJANO
1978-05-01,4.38152,4.528388024518209,0.14686802451820943,27.426451612903225,31,5039,QUIEBRAJANO
1978-06-01,1.1049440000000008,1.3073885349858971,0.20244453498589635,29.05933333333333,30,5039,QUIEBRAJANO
1978-07-01,0.10252799999999852,0.34450543962580793,0.24197743962580942,28.36032258064516,31,5039,QUIEBRAJANO
1978-08-01,-0.05103999999999938,0.16399961931377685,0.21503961931377621,26.94451612903226,31,5039,QUIEBRAJANO
1978-09-01,-0.046879999999999485,0.09371624848106441,0.1405962484810639,25.549,30,5039,QUIEBRAJANO
1978-10-01,-0.008448000000000247,0.07131859724498889,0.07976659724498913,24.062258064516126,31,5039,QUIEBRAJANO
1978-11-01,-0.01275200000000002,0.02914937615037679,0.041901376150376805,22.81,30,5039,QUIEBRAJANO
1978-12-01,0.5533919999999978,0.5813398058017918,0.027947805801794068,21.730645161290322,31,5039,QUIEBRAJANO
1979-01-01,4.149872000000001,4.178279740800311,0.028407740800309736,22.273225806451613,31,5039,QUIEBRAJANO
1979-02-01,13.325872,13.372466167593629,0.046594167593628694,27.360714285714288,28,5039,QUIEBRAJANO
1979-03-01,8.012800000000002,8.092497137841212,0.07969713784120999,26.473225806451612,31,5039,QUIEBRAJANO
1979-04-01,4.602688,4.7005546381196055,0.09786663811960569,27.632,30,5039,QUIEBRAJANO
1979-05-01,0.9513919999999996,1.1035929120167665,0.15220091201676686,28.93,31,5039,QUIEBRAJANO
1979-06-01,0.031007999999999168,0.2302188458046528,0.19921084580465362,28.366333333333333,30,5039,QUIEBRAJANO
1979-07-01,-0.018783999999999655,0.21708447442029125,0.2358684744202909,27.29290322580645,31,5039,QUIEBRAJANO
1979-08-01,-0.12836799999999896,0.08092304161513046,0.20929104161512943,25.871935483870967,31,5039,QUIEBRAJANO
1979-09-01,0.14129599999999917,0.2776913721459151,0.1363953721459159,24.412,30,5039,QUIEBRAJANO
1979-10-01,0.4867519999999985,0.5649733909096132,0.07822139090961465,23.365806451612904,31,5039,QUIEBRAJANO
1979-11-01,0.573088,0.6149552803257775,0.041867280325777564,22.781333333333336,30,5039,QUIEBRAJANO
1979-12-01,0.2993760000000013,0.32757679582593136,0.028200795825930075,22.026451612903227,31,5039,QUIEBRAJANO
1980-01-01,0.3684159999999991,0.3961080843452531,0.027692084345253987,21.43290322580645,31,5039,QUIEBRAJANO
1980-02-01,0.28620800000000307,0.326397945832912,0.040189945832908934,20.78793103448276,29,5039,QUIEBRAJANO
1980-03-01,1.2558239999999996,1.3228674393957582,0.06704343939575855,20.425483870967742,31,5039,QUIEBRAJANO
1980-04-01,0.5238560000000003,0.6043512337916025,0.08049523379160212,20.607666666666667,30,5039,QUIEBRAJANO
1980-05-01,3.3259519999999996,3.4531744165854916,0.12722241658549216,22.115161290322582,31,5039,QUIEBRAJANO
1980-06-01,0.599503999999998,0.7703247032047121,0.1708207032047141,22.523666666666667,30,5039,QUIEBRAJANO
1980-07-01,-0.10543999999999787,0.09475789850399777,0.20019789850399564,21.343548387096774,31,5039,QUIEBRAJANO
1980-08-01,-0.11617599999999992,0.057403637948909944,0.17357963794890988,19.54225806451613,31,5039,QUIEBRAJANO
1980-09-01,0.17444799999999952,0.286980159457813,0.11253215945781353,18.294333333333334,30,5039,QUIEBRAJANO
1980-10-01,-0.003856000000000831,0.0598081259909044,0.06366412599090523,17.15774193548387,31,5039,QUIEBRAJANO
1980-11-01,0.20939199999999997,0.2426871633881349,0.033295163388134916,16.156666666666666,30,5039,QUIEBRAJANO
1980-12-01,0.10444800000000096,0.1264616684511164,0.02201366845111544,15.191612903225806,31,5039,QUIEBRAJANO
1981-01-01,0.06740800000000029,0.08858067414620906,0.02117267414620876,14.329677419354839,31,5039,QUIEBRAJANO
1981-02-01,0.0021119999999987286,0.030907709674459608,0.02879570967446088,13.289642857142857,28,5039,QUIEBRAJANO
1981-03-01,0.12776000000000065,0.1752695805993414,0.04750958059934074,12.185806451612903,31,5039,QUIEBRAJANO
1981-04-01,0.5466880000000005,0.6009069119838815,0.05421891198388095,11.392333333333333,30,5039,QUIEBRAJANO
1981-05-01,0.4721119999999993,0.5525406776785096,0.08042867767851022,11.113548387096774,31,5039,QUIEBRAJANO
1981-06-01,-0.032095999999999625,0.06873400981327457,0.1008300098132742,10.216000000000001,30,5039,QUIEBRAJANO
1981-07-01,-0.04336000000000016,0.06946073270146526,0.11282073270146542,9.030967741935482,31,5039,QUIEBRAJANO
1981-08-01,-0.04112000000000006,0.05308673860412472,0.09420673860412478,7.815161290322581,31,5039,QUIEBRAJANO
1981-09-01,0.020864000000000427,0.07853162945732196,0.05766762945732153,6.713333333333334,30,5039,QUIEBRAJANO
1981-10-01,0.1877600000000003,0.21825314405407062,0.030493144054070324,5.6893548387096775,31,5039,QUIEBRAJANO
1981-11-01,0.0946559999999995,0.10965453177320972,0.014998531773210203,4.885666666666666,30,5039,QUIEBRAJANO
1981-12-01,3.136768,3.1471099451079554,0.010341945107955542,4.91,31,5039,QUIEBRAJANO
1982-01-01,3.3861279999999994,3.4016531868781774,0.015525186878177886,9.003548387096775,31,5039,QUIEBRAJANO
1982-02-01,1.1470240000000007,1.1708447017027317,0.023820701702730866,9.998571428571427,28,5039,QUIEBRAJANO
1982-03-01,1.0693439999999994,1.112805636562791,0.043461636562791575,10.660967741935485,31,5039,QUIEBRAJANO
1982-04-01,0.7598400000000005,0.8120326765496308,0.05219267654963032,10.759333333333332,30,5039,QUIEBRAJANO
1982-05-01,0.3855839999999997,0.46311409745203225,0.07753009745203253,10.518387096774193,31,5039,QUIEBRAJANO
1982-06-01,0.16198400000000102,0.25988090511663564,0.09789690511663465,9.773,30,5039,QUIEBRAJANO
1982-07-01,0.045183999999999086,0.15584772827951648,0.1106637282795174,8.77258064516129,31,5039,QUIEBRAJANO
1982-08-01,-0.027039999999999165,0.06603443486022548,0.09307443486022464,7.674516129032258,31,5039,QUIEBRAJANO
1982-09-01,0.0006559999999998858,0.05801735601235987,0.057361356012359976,6.6593333333333335,30,5039,QUIEBRAJANO
1982-10-01,0.10022559999999982,0.13107465858314526,0.030849058583145426,5.788645161290323,31,5039,QUIEBRAJANO
1982-11-01,1.5535856000000003,1.5694945753571263,0.015908975357126133,5.3372,30,5039,QUIEBRAJANO
1982-12-01,2.1938495999999996,2.2061481402955794,0.012298540295579648,6.347774193548387,31,5039,QUIEBRAJANO
1983-01-01,0.7582272000000003,0.7713931208153902,0.013165920815389923,7.026516129032258,31,5039,QUIEBRAJANO
1983-02-01,0.38454560000000015,0.402425083597911,0.017879483597910854,6.502321428571428,28,5039,QUIEBRAJANO
1983-03-01,0.32019040000000004,0.34927803612044406,0.029087636120444016,5.8383548387096775,31,5039,QUIEBRAJANO
1983-04-01,0.33589280000000055,0.36786801349992415,0.03197521349992362,5.1601333333333335,30,5039,QUIEBRAJANO
1983-05-01,0.32067039999999963,0.36544490864284135,0.0447745086428417,4.617064516129032,31,5039,QUIEBRAJANO
1983-06-01,0.10099200000000026,0.15447768995660227,0.053485689956602,3.9482666666666666,30,5039,QUIEBRAJANO
1983-07-01,0.05471999999999991,0.11150509683401998,0.05678509683402006,3.225935483870968,31,5039,QUIEBRAJANO
1983-08-01,0.06593120000000029,0.11061803896501377,0.04468683896501348,2.554806451612903,31,5039,QUIEBRAJANO
1983-09-01,0.0027471999999999133,0.028226341684577386,0.02547914168457747,1.9729333333333334,30,5039,QUIEBRAJANO
1983-10-01,0.008531200000000103,0.021082095408177837,0.012550895408177736,1.503548387096774,31,5039,QUIEBRAJANO
1983-11-01,0.5822304,0.5884784974405142,0.006248097440514089,1.3165333333333333,30,5039,QUIEBRAJANO
1983-12-01,2.615048,2.6212582331864356,0.006210233186435378,2.3410967741935482,31,5039,QUIEBRAJANO
1984-01-01,0.7939967999999995,0.8032657867641239,0.009268986764124285,4.150870967741935,31,5039,QUIEBRAJANO
1984-02-01,0.5732080000000003,0.5877612472388398,0.014553247238839474,4.5297241379310345,29,5039,QUIEBRAJANO
1984-03-01,3.11272,3.1397541477662725,0.027034147766272457,5.2503548387096775,31,5039,QUIEBRAJANO
1984-04-01,2.606600000000001,2.652400034249372,0.04580003424937062,8.851066666666666,30,5039,QUIEBRAJANO
1984-05-01,3.7136351999999997,3.792088838270634,0.07845363827063413,10.72083870967742,31,5039,QUIEBRAJANO
1984-06-01,1.6411183999999996,1.761199727420384,0.1200813274203846,13.275833333333333,30,5039,QUIEBRAJANO
1984-07-01,0.295296000000001,0.44080901376875153,0.1455130137687505,13.225290322580644,31,5039,QUIEBRAJANO
1984-08-01,0.17122559999999915,0.29855087713919,0.1273252771391908,12.277096774193549,31,5039,QUIEBRAJANO
1984-09-01,-0.0312687999999996,0.05007244293001784,0.08134124293001743,11.243566666666668,30,5039,QUIEBRAJANO
1984-10-01,0.05667520000000042,0.10216424934015181,0.04548904934015139,10.362870967741936,31,5039,QUIEBRAJANO
1984-11-01,1.8499088,1.8745015687201456,0.02459276872014577,10.259866666666666,30,5039,QUIEBRAJANO
1984-12-01,0.7485135999999997,0.7661911227179831,0.017677522717983358,10.931354838709678,31,5039,QUIEBRAJANO
1985-01-01,2.3691679999999993,2.3868939120541675,0.01772591205416806,10.97974193548387,31,5039,QUIEBRAJANO
1985-02-01,9.590964800000002,9.624447845595693,0.03348304559569289,16.788392857142856,28,5039,QUIEBRAJANO
1985-03-01,2.3894415999999996,2.4592708105081593,0.06982921050815986,21.712451612903227,31,5039,QUIEBRAJANO
1985-04-01,1.473174399999999,1.5589925312266082,0.08581813122660895,22.685200000000002,30,5039,QUIEBRAJANO
1985-05-01,1.1763696000000021,1.3070043985686581,0.13063479856865598,23.004419354838706,31,5039,QUIEBRAJANO
1985-06-01,0.10892479999999793,0.2799825069935321,0.17105770699353418,22.570933333333336,30,5039,QUIEBRAJANO
1985-07-01,-0.12599359999999826,0.07489164544238597,0.20088524544238423,21.45274193548387,31,5039,QUIEBRAJANO
1985-08-01,-0.02651999999999953,0.149527718417394,0.17604771841739353,19.95983870967742,31,5039,QUIEBRAJANO
1985-09-01,-0.053808000000001695,0.059781160648723304,0.113589160648725,18.55346666666667,30,5039,QUIEBRAJANO
1985-10-01,-0.04282079999999933,0.021407979968728043,0.06422877996872738,17.386451612903226,31,5039,QUIEBRAJANO
1985-11-01,0.13408480000000067,0.16754754374225886,0.03346274374225821,16.27906666666667,30,5039,QUIEBRAJANO
1985-12-01,0.2121040000000004,0.23412096766628526,0.02201696766628486,15.195419354838709,31,5039,QUIEBRAJANO
1986-01-01,3.451304000000001,3.474044006192526,0.022740006192525627,15.95074193548387,31,5039,QUIEBRAJANO
1986-02-01,9.4240704,9.462245579243941,0.03817517924394052,20.349285714285713,28,5039,QUIEBRAJANO
1986-03-01,3.1698255999999985,3.2508511189959663,0.08102551899596803,27.139032258064514,31,5039,QUIEBRAJANO
1986-04-01,1.317315200000002,1.415675452317783,0.09836025231778105,27.83563333333333,30,5039,QUIEBRAJANO
1986-05-01,0.6407055999999971,0.7890680893333113,0.14836248933331417,27.84267741935484,31,5039,QUIEBRAJANO
1986-06-01,0.19536480000000273,0.38799435990375447,0.19262955990375177,26.972233333333335,30,5039,QUIEBRAJANO
1986-07-01,-0.21171520000000066,0.015376220583282734,0.2270914205832834,25.784129032258065,31,5039,QUIEBRAJANO
1986-08-01,-0.2341551999999988,-0.033818328069322126,0.20033687193067667,24.229774193548387,31,5039,QUIEBRAJANO
1986-09-01,-0.14996160000000014,-0.020660300711330133,0.12930129928867,22.533333333333335,30,5039,QUIEBRAJANO
1986-10-01,0.10264160000000033,0.17587318534851662,0.07323158534851629,21.166548387096775,31,5039,QUIEBRAJANO
1986-11-01,-0.010769600000002218,0.027755080211983696,0.038524680211985914,20.109233333333336,30,5039,QUIEBRAJANO
1986-12-01,-0.030529599999998325,-0.005213542477492243,0.025316057522506083,18.735709677419354,31,5039,QUIEBRAJANO
1987-01-01,0.6104960000000003,0.6347414257416836,0.024245425741683355,17.55883870967742,31,5039,QUIEBRAJANO
1987-02-01,4.857417599999999,4.8942923334209185,0.0368747334209199,19.266535714285713,28,5039,QUIEBRAJANO
1987-03-01,1.6095920000000017,1.6796963121472301,0.07010431214722858,21.84,31,5039,QUIEBRAJANO
1987-04-01,1.118343999999999,1.2022972064804662,0.08395320648046745,21.949633333333335,30,5039,QUIEBRAJANO
1987-05-01,0.04447199999999981,0.16883769215049266,0.12436569215049284,21.36935483870968,31,5039,QUIEBRAJANO
1987-06-01,-0.028136000000000175,0.13061970730067093,0.1587557073006711,20.180866666666667,30,5039,QUIEBRAJANO
1987-07-01,-0.03899840000000031,0.146407243158027,0.18540564315802732,19.021322580645162,31,5039,QUIEBRAJANO
1987-08-01,-0.17108159999999784,-0.008487292302101487,0.16259430769789635,17.716483870967743,31,5039,QUIEBRAJANO
1987-09-01,-0.07615200000000073,0.02834306116938759,0.10449506116938832,16.3711,30,5039,QUIEBRAJANO
1987-10-01,-0.038179199999999955,0.019927469906816455,0.05810666990681641,14.961516129032258,31,5039,QUIEBRAJANO
1987-11-01,0.031132799999998892,0.06105807164324512,0.02992527164324623,13.767533333333335,30,5039,QUIEBRAJANO
1987-12-01,1.7218832000000008,1.7422364610609458,0.020353261060944886,13.506677419354839,31,5039,QUIEBRAJANO
1988-01-01,1.8958768,1.9168677323425545,0.02099093234255459,14.145193548387097,31,5039,QUIEBRAJANO
1988-02-01,1.4726944000000006,1.5049896669683864,0.03229526696838566,14.974137931034482,29,5039,QUIEBRAJANO
1988-03-01,0.4807599999999987,0.5346327906769476,0.05387279067694882,14.712935483870968,31,5039,QUIEBRAJANO
1988-04-01,0.9344847999999999,0.9976631420780313,0.0631783420780315,14.329266666666665,30,5039,QUIEBRAJANO
1988-05-01,0.2392480000000013,0.3321163187937455,0.09286831879374416,13.789580645161289,31,5039,QUIEBRAJANO
1988-06-01,0.23179840000000015,0.3494697770348763,0.11767137703487612,12.8784,30,5039,QUIEBRAJANO
1988-07-01,-0.08208160000000099,0.0524829137994739,0.1345645137994749,11.76283870967742,31,5039,QUIEBRAJANO
1988-08-01,-0.13835359999999952,-0.025399588861571572,0.11295401113842796,10.260354838709679,31,5039,QUIEBRAJANO
1988-09-01,-0.08476160000000016,-0.015381631354361934,0.06937996864563822,8.8587,30,5039,QUIEBRAJANO
1988-10-01,0.2558128000000005,0.29345969219983564,0.037646892199835136,7.802806451612903,31,5039,QUIEBRAJANO
1988-11-01,0.07784640000000027,0.09660431291784899,0.018757912917848722,6.834133333333333,30,5039,QUIEBRAJANO
1988-12-01,0.40625600000000006,0.41817598241495335,0.011919982414953305,6.054193548387097,31,5039,QUIEBRAJANO
1989-01-01,0.048999999999999745,0.05962091507653903,0.01062091507653928,5.0934193548387094,31,5039,QUIEBRAJANO
1989-02-01,0.40648479999999987,0.42013332316196494,0.013648523161965121,4.3372142857142855,28,5039,QUIEBRAJANO
1989-03-01,0.9914240000000006,1.0155909494051947,0.02416694940519408,4.420483870967741,31,5039,QUIEBRAJANO
1989-04-01,1.2143632000000004,1.2434248717080711,0.029061671708070797,4.471066666666667,30,5039,QUIEBRAJANO
1989-05-01,0.7188016000000002,0.7640303202480235,0.04522872024802338,4.686548387096774,31,5039,QUIEBRAJANO
1989-06-01,0.2628799999999998,0.3196304328488513,0.056750432848851506,4.3142000000000005,30,5039,QUIEBRAJANO
1989-07-01,0.10694239999999999,0.1678731939566639,0.060930793956663884,3.5858387096774194,31,5039,QUIEBRAJANO
1989-08-01,0.15063040000000016,0.1981618046639727,0.047531404663972536,2.8023225806451615,31,5039,QUIEBRAJANO
1989-09-01,0.1735552000000001,0.20132330441586788,0.02776810441586777,2.243666666666667,30,5039,QUIEBRAJANO
1989-10-01,0.1549920000000003,0.1687915040797009,0.013799504079700592,1.7335483870967743,31,5039,QUIEBRAJANO
1989-11-01,0.1546272,0.1606611344908479,0.006033934490847915,1.2481666666666666,30,5039,QUIEBRAJANO
1989-12-01,2.571352,2.5769026230507506,0.005550623050750641,1.9781612903225807,31,5039,QUIEBRAJANO
1990-01-01,1.5671199999999996,1.5765850210209709,0.00946502102097128,4.289064516129033,31,5039,QUIEBRAJANO
1990-02-01,0.5461248000000001,0.5610347951721869,0.014909995172186793,4.951357142857143,28,5039,QUIEBRAJANO
1990-03-01,0.1801408000000004,0.20633448103430557,0.02619368103430517,4.988,31,5039,QUIEBRAJANO
1990-04-01,0.5709008000000001,0.602834183381342,0.03193338338134192,5.149766666666666,30,5039,QUIEBRAJANO
1990-05-01,0.2020848,0.25235089394279975,0.05026609394279974,5.490870967741935,31,5039,QUIEBRAJANO
1990-06-01,0.0442159999999999,0.1101719583415617,0.06595595834156179,5.404066666666667,30,5039,QUIEBRAJANO
1990-07-01,-0.038163199999999654,0.03860966674087731,0.07677286674087697,5.068483870967742,31,5039,QUIEBRAJANO
1990-08-01,-0.029236799999999792,0.037758086834962436,0.06699488683496223,4.685870967741936,31,5039,QUIEBRAJANO
1990-09-01,0.23169279999999948,0.2753102388857812,0.043617438885781776,4.414599999999999,30,5039,QUIEBRAJANO
1990-10-01,0.16092160000000016,0.18562342313849073,0.02470182313849056,4.146935483870968,31,5039,QUIEBRAJANO
1990-11-01,0.31394080000000046,0.3268742578726185,0.01293345787261806,3.9116333333333335,30,5039,QUIEBRAJANO
1990-12-01,0.22766239999999963,0.23708156107517425,0.00941916107517462,4.251806451612904,31,5039,QUIEBRAJANO
1991-01-01,0.12221919999999972,0.1317778597630841,0.00955865976308437,4.3464838709677425,31,5039,QUIEBRAJANO
1991-02-01,0.5520000000000005,0.5661304678187584,0.014130467818757963,4.569,28,5039,QUIEBRAJANO
1991-03-01,4.4620256,4.496936442997428,0.03491084299742764,7.720903225806452,31,5039,QUIEBRAJANO
1991-04-01,0.4499999999999993,0.4978806556689643,0.04788065566896499,9.454199999999998,30,5039,QUIEBRAJANO
1991-05-01,0.06401440000000129,0.13604054048859732,0.07202614048859603,9.418354838709677,31,5039,QUIEBRAJANO
1991-06-01,0.0023887999999995073,0.09330040670953953,0.09091160670954002,8.7459,30,5039,QUIEBRAJANO
1991-07-01,-0.03143360000000042,0.07226036197245725,0.10369396197245767,7.956516129032258,31,5039,QUIEBRAJANO
1991-08-01,-0.07757119999999947,0.010705853411553867,0.08827705341155334,7.0886129032258065,31,5039,QUIEBRAJANO
1991-09-01,0.020471999999999692,0.07481844536730621,0.054346445367306526,6.1415,30,5039,QUIEBRAJANO
1991-10-01,0.27603040000000006,0.3058234467666244,0.029793046766624347,5.493290322580645,31,5039,QUIEBRAJANO
1991-11-01,0.05442720000000051,0.06927892206566927,0.014851722065668753,4.814466666666666,30,5039,QUIEBRAJANO
1991-12-01,0.3326608000000001,0.3422084492805271,0.009547649280526985,4.3392580645161285,31,5039,QUIEBRAJANO
1992-01-01,0.1706399999999999,0.17975948716775977,0.009119487167759855,4.050903225806452,31,5039,QUIEBRAJANO
1992-02-01,0.16054559999999968,0.1730673480460761,0.012521748046076421,3.615586206896552,29,5039,QUIEBRAJANO
1992-03-01,0.2480416,0.2682897176586782,0.020248117658678216,3.3903548387096776,31,5039,QUIEBRAJANO
1992-04-01,2.0715008,2.100144606270645,0.028643806270644983,4.382366666666667,30,5039,QUIEBRAJANO
1992-05-01,0.3756784000000009,0.42079997853166334,0.04512157853166244,4.669967741935484,31,5039,QUIEBRAJANO
1992-06-01,0.3279071999999996,0.3870505115822429,0.05914331158224326,4.588666666666667,30,5039,QUIEBRAJANO
1992-07-01,0.002897600000000186,0.07423665181130988,0.0713390518113097,4.539806451612903,31,5039,QUIEBRAJANO
1992-08-01,0.03600320000000008,0.09892025970676734,0.06291705970676725,4.264774193548387,31,5039,QUIEBRAJANO
1992-09-01,0.023963199999999883,0.06288547333040219,0.0389222733304023,3.7223666666666664,30,5039,QUIEBRAJANO
1992-10-01,0.2151856,0.2362106822722466,0.0210250822722466,3.2569354838709677,31,5039,QUIEBRAJANO
1992-11-01,0.06494079999999998,0.07584028086886674,0.010899480868866749,3.026033333333333,30,5039,QUIEBRAJANO
1992-12-01,0.3728912000000002,0.380714327807253,0.007823127807252842,3.2188709677419354,31,5039,QUIEBRAJANO
1993-01-01,0.10099999999999998,0.10912828911873695,0.008128289118736975,3.408354838709678,31,5039,QUIEBRAJANO
1993-02-01,0.018999999999999684,0.030765453918217257,0.011765453918217572,3.4705714285714286,28,5039,QUIEBRAJANO
1993-03-01,0.03309440000000022,0.053326203964662346,0.02023180396466213,3.3865483870967745,31,5039,QUIEBRAJANO
1993-04-01,0.2128176,0.2362008198043205,0.023383219804320492,3.2265333333333337,30,5039,QUIEBRAJANO
1993-05-01,0.8138944,0.8523661169708039,0.0384717169708039,3.677161290322581,31,5039,QUIEBRAJANO
1993-06-01,0.09106560000000001,0.14318019115848052,0.0521145911584805,3.795466666666667,30,5039,QUIEBRAJANO
1993-07-01,-1.5999999998482506e-06,0.06264046894802867,0.06264206894802851,3.7356451612903228,31,5039,QUIEBRAJANO
1993-08-01,-0.03494720000000026,0.019050349155893192,0.05399754915589346,3.391032258064516,31,5039,QUIEBRAJANO
1993-09-01,-0.025929600000000073,0.009133286549312232,0.035062886549312305,3.181766666666667,30,5039,QUIEBRAJANO
1993-10-01,0.011990400000000201,0.03242878019711873,0.020438380197118525,3.1207419354838715,31,5039,QUIEBRAJANO
1993-11-01,0.014059200000000115,0.025159944484104982,0.011100744484104865,3.1102333333333334,30,5039,QUIEBRAJANO
1993-12-01,0.0001631999999997481,0.007787173294343794,0.007623973294344046,3.0960967741935486,31,5039,QUIEBRAJANO
1994-01-01,0.5161056000000002,0.5240550755567459,0.007949475556745708,3.298225806451613,31,5039,QUIEBRAJANO
1994-02-01,0.33504000000000006,0.3471175618224444,0.01207756182244436,3.6099642857142853,28,5039,QUIEBRAJANO
1994-03-01,0.42902559999999956,0.45181258463907314,0.0227869846390736,4.047806451612903,31,5039,QUIEBRAJANO
1994-04-01,0.10798239999999996,0.13590159662257328,0.02791919662257333,4.209466666666667,30,5039,QUIEBRAJANO
1994-05-01,0.04400000000000048,0.08663777675137313,0.042637776751372654,4.289580645161291,31,5039,QUIEBRAJANO
1994-06-01,-0.0061903999999998165,0.04992748519542967,0.05611788519542949,4.241266666666666,30,5039,QUIEBRAJANO
1994-07-01,-0.028644800000000387,0.03488875579095304,0.06353355579095342,3.8166451612903227,31,5039,QUIEBRAJANO
1994-08-01,0.04199360000000041,0.09426660746422447,0.05227300746422405,3.2305806451612904,31,5039,QUIEBRAJANO
1994-09-01,0.06652479999999986,0.09800661335568595,0.03148181335568609,2.7080333333333333,30,5039,QUIEBRAJANO
1994-10-01,0.01507680000000005,0.032469917253914175,0.017393117253914125,2.4499677419354837,31,5039,QUIEBRAJANO
1994-11-01,0.04608960000000015,0.05535486438715888,0.009265264387158731,2.3717333333333332,30,5039,QUIEBRAJANO
1994-12-01,0.012177600000000012,0.018375399199570094,0.006197799199570084,2.2694193548387096,31,5039,QUIEBRAJANO
1995-01-01,0.04603039999999982,0.05199305287284693,0.005962652872847118,2.141451612903226,31,5039,QUIEBRAJANO
1995-02-01,0.008819199999999939,0.017133188958317516,0.008313988958317578,2.061642857142857,28,5039,QUIEBRAJANO
1995-03-01,0.07591840000000015,0.09037932680561556,0.014460926805615403,2.0461290322580643,31,5039,QUIEBRAJANO
1995-04-01,0.003031999999999875,0.020350820255536858,0.017318820255536983,2.0566,30,5039,QUIEBRAJANO
1995-05-01,-0.012742399999999838,0.013127513004844682,0.02586991300484452,2.027322580645161,31,5039,QUIEBRAJANO
1995-06-01,-0.011763199999999996,0.020437450487640826,0.03220065048764082,1.8440333333333332,30,5039,QUIEBRAJANO
1995-07-01,-0.02476800000000004,0.009946242093975084,0.034714242093975126,1.5418064516129033,31,5039,QUIEBRAJANO
1995-08-01,-0.027689600000000012,-0.00014455922206474652,0.027545040777935265,1.236193548387097,31,5039,QUIEBRAJANO
1995-09-01,-0.011217599999999966,0.005336310554998532,0.016553910554998497,1.0323,30,5039,QUIEBRAJANO
1995-10-01,-0.006519999999999982,0.0027441429638789152,0.009264142963878898,0.9528064516129032,31,5039,QUIEBRAJANO
1995-11-01,-0.0036080000000000144,0.0011510509729655773,0.004759050972965592,0.8730666666666667,30,5039,QUIEBRAJANO
1995-12-01,1.0032367999999998,1.006672364887823,0.0034355648878231834,0.9424193548387096,31,5039,QUIEBRAJANO
1996-01-01,8.2348592,8.247233054612163,0.0123738546121627,6.5646774193548385,31,5039,QUIEBRAJANO
1996-02-01,8.278043199999997,8.31082707265694,0.03278387265694221,15.388793103448275,29,5039,QUIEBRAJANO
1996-03-01,1.9766064000000014,2.0390154164566994,0.06240901645669821,18.345419354838707,31,5039,QUIEBRAJANO
1996-04-01,0.8613903999999999,0.9374049211559673,0.07601452115596742,18.911099999999998,30,5039,QUIEBRAJANO
1996-05-01,3.3877247999999986,3.5080641222013904,0.12033932220139174,20.34474193548387,31,5039,QUIEBRAJANO
1996-06-01,0.46691680000000135,0.629361647471286,0.16244484747128457,20.8877,30,5039,QUIEBRAJANO
1996-07-01,-0.09478719999999993,0.09692369810041906,0.191710898100419,19.999483870967744,31,5039,QUIEBRAJANO
1996-08-01,0.22962080000000157,0.39889814117352884,0.16927734117352722,18.819709677419358,31,5039,QUIEBRAJANO
1996-09-01,0.024273599999999874,0.1328923765256805,0.10861877652568062,17.3492,30,5039,QUIEBRAJANO
1996-10-01,0.04106239999999914,0.10194385138040193,0.060881451380402796,16.045483870967743,31,5039,QUIEBRAJANO
1996-11-01,1.2914112000000006,1.323576993913066,0.032165793913065205,15.3416,30,5039,QUIEBRAJANO
1996-12-01,8.8852112,8.909584123836016,0.02437292383601572,17.761903225806453,31,5039,QUIEBRAJANO
1997-01-01,13.989979199999999,14.023316362144291,0.03333716214429181,28.328193548387095,31,5039,QUIEBRAJANO
1997-02-01,1.6617008000000009,1.7103128149592002,0.04861201495919938,29.14925,28,5039,QUIEBRAJANO
1997-03-01,0.4470272000000023,0.5312809033121993,0.08425370331219702,28.775129032258064,31,5039,QUIEBRAJANO
1997-04-01,0.05504480000000042,0.1535677214609518,0.09852292146095139,27.905166666666666,30,5039,QUIEBRAJANO
1997-05-01,-0.0417152000000031,0.10258285038160517,0.14429805038160828,26.707193548387096,31,5039,QUIEBRAJANO
1997-06-01,0.06431680000000263,0.2503022286001742,0.18598542860017156,25.5892,30,5039,QUIEBRAJANO
1997-07-01,-0.1375599999999999,0.08014689251844628,0.2177068925184462,24.202903225806452,31,5039,QUIEBRAJANO
1997-08-01,-0.09378240000000258,0.09747241439500155,0.19125481439500414,22.60083870967742,31,5039,QUIEBRAJANO
1997-09-01,-0.0720319999999969,0.051739078229848426,0.12377107822984533,21.103333333333335,30,5039,QUIEBRAJANO
1997-10-01,-0.01997599999999946,0.0497367363116775,0.06971273631167696,19.66032258064516,31,5039,QUIEBRAJANO
1997-11-01,5.1131408,5.151998825249553,0.03885802524955345,20.383133333333333,30,5039,QUIEBRAJANO
1997-12-01,7.25476,7.286222421259612,0.0314624212596113,25.987870967741937,31,5039,QUIEBRAJANO
1998-01-01,1.766913599999997,1.8006030895720848,0.033689489572087825,28.75990322580645,31,5039,QUIEBRAJANO
1998-02-01,2.4319200000000025,2.480721555313765,0.04880155531376254,29.32125,28,5039,QUIEBRAJANO
1998-03-01,0.5821536000000004,0.6653189884582346,0.08316538845823417,28.219322580645162,31,5039,QUIEBRAJANO
1998-04-01,0.43166239999999945,0.5297555634388563,0.09809316343885688,27.72236666666667,30,5039,QUIEBRAJANO
1998-05-01,2.683604800000001,2.8331391268877573,0.1495343268877566,28.174935483870968,31,5039,QUIEBRAJANO
1998-06-01,0.7248015999999988,0.9285939075139095,0.2037923075139107,29.350066666666667,30,5039,QUIEBRAJANO
1998-07-01,-0.1285167999999995,0.11345330494658265,0.2419701049465821,28.359,31,5039,QUIEBRAJANO
1998-08-01,-0.1520159999999997,0.06228952970242762,0.21430552970242733,26.807193548387097,31,5039,QUIEBRAJANO
1998-09-01,-0.08600000000000138,0.05358077863949662,0.139580778639498,25.272533333333335,30,5039,QUIEBRAJANO
1998-10-01,-0.05463679999999844,0.024632507298155065,0.0792693072981535,23.83803225806452,31,5039,QUIEBRAJANO
1998-11-01,-0.022873599999999463,0.01861418524372019,0.041487785243719655,22.4734,30,5039,QUIEBRAJANO
1998-12-01,-0.006835200000001984,0.0204432793258365,0.027278479325838483,20.95583870967742,31,5039,QUIEBRAJANO
1999-01-01,0.006780799999999816,0.03277832455274328,0.025997524552743463,19.497064516129033,31,5039,QUIEBRAJANO
1999-02-01,-0.008279999999998393,0.02722161192270272,0.03550161192270111,18.19214285714286,28,5039,QUIEBRAJANO
1999-03-01,-0.0017791999999993823,0.05755345133276677,0.059332651332766155,17.005935483870967,31,5039,QUIEBRAJANO
1999-04-01,-0.027929600000000984,0.03978723565570494,0.06771683565570592,15.902,30,5039,QUIEBRAJANO
1999-05-01,-0.0761504000000003,0.02091899852800066,0.09706939852800096,14.736032258064517,31,5039,QUIEBRAJANO
1999-06-01,-0.09970079999999984,0.020591221012904747,0.12029202101290458,13.312566666666667,30,5039,QUIEBRAJANO
1999-07-01,-0.09922400000000031,0.03698879312257365,0.13621279312257395,11.97841935483871,31,5039,QUIEBRAJANO
1999-08-01,-0.09310559999999946,0.02593906950864953,0.11904466950864899,11.09890322580645,31,5039,QUIEBRAJANO
1999-09-01,-0.03972959999999979,0.036684334331091556,0.07641393433109135,10.2373,30,5039,QUIEBRAJANO
1999-10-01,0.19803680000000007,0.24148414694952317,0.04344734694952311,9.672677419354839,31,5039,QUIEBRAJANO
1999-11-01,-0.0012255999999995562,0.02203592560450445,0.023261525604504008,9.434666666666667,30,5039,QUIEBRAJANO
1999-12-01,0.5373999999999987,0.5530736303257241,0.015673630325725427,9.12641935483871,31,5039,QUIEBRAJANO
2000-01-01,0.2372512000000004,0.25320290743707263,0.015951707437072225,9.370290322580646,31,5039,QUIEBRAJANO
2000-02-01,-0.023891199999999717,-0.0005708280699263626,0.023320371930073355,9.188275862068965,29,5039,QUIEBRAJANO
2000-03-01,-0.027755200000000372,0.010875257943519998,0.038630457943520366,8.933709677419355,31,5039,QUIEBRAJANO
2000-04-01,1.445252800000001,1.4920318201686078,0.046779020168606765,9.132133333333334,30,5039,QUIEBRAJANO
2000-05-01,0.5361391999999995,0.609839890163458,0.07370069016345852,9.74832258064516,31,5039,QUIEBRAJANO
2000-06-01,-0.0499744,0.04646354602691379,0.09643794602691379,9.554866666666667,30,5039,QUIEBRAJANO
2000-07-01,-0.08196160000000033,0.031150586970901718,0.11311218697090204,9.063806451612903,31,5039,QUIEBRAJANO
2000-08-01,-0.07414079999999866,0.02600118510332121,0.10014198510331987,8.562999999999999,31,5039,QUIEBRAJANO
2000-09-01,-0.01603360000000105,0.04950539238758375,0.0655389923875848,8.1311,30,5039,QUIEBRAJANO
2000-10-01,0.03477919999999992,0.07265007319850743,0.0378708731985075,7.87141935483871,31,5039,QUIEBRAJANO
2000-11-01,0.3102032000000004,0.3306003979751433,0.020397197975142844,7.7467999999999995,30,5039,QUIEBRAJANO
2000-12-01,3.5153375999999996,3.529967826860386,0.014630226860386354,8.243,31,5039,QUIEBRAJANO
2001-01-01,7.496542400000002,7.516828215829318,0.020285815829316003,13.474483870967742,31,5039,QUIEBRAJANO
2001-02-01,3.639886399999998,3.676872399431475,0.03698599943147658,19.349785714285712,28,5039,QUIEBRAJANO
2001-03-01,8.508848,8.587845884934376,0.07899788493437658,26.15432258064516,31,5039,QUIEBRAJANO
2001-04-01,0.7974720000000001,0.896776450644412,0.09930445064441201,28.237366666666667,30,5039,QUIEBRAJANO
2001-05-01,0.7104032000000015,0.8591620277231291,0.1487588277231276,27.954225806451614,31,5039,QUIEBRAJANO
2001-06-01,-0.06780959999999947,0.12744610884948768,0.19525570884948718,27.52583333333333,30,5039,QUIEBRAJANO
2001-07-01,-0.15976480000000234,0.07032341213735056,0.23008821213735292,26.296096774193547,31,5039,QUIEBRAJANO
2001-08-01,-0.09819839999999813,0.1058554159516769,0.20405381595167502,24.90667741935484,31,5039,QUIEBRAJANO
2001-09-01,-0.059086400000001905,0.07383034045805087,0.13291674045805277,23.4844,30,5039,QUIEBRAJANO
2001-10-01,0.05210240000000263,0.1278978869937488,0.07579548699374615,22.28777419354839,31,5039,QUIEBRAJANO
2001-11-01,-0.010659200000000257,0.029203975119256268,0.03986317511925653,21.166099999999997,30,5039,QUIEBRAJANO
2001-12-01,0.3032031999999971,0.32966921901028673,0.026466019010289606,20.02564516129032,31,5039,QUIEBRAJANO
2002-01-01,0.08697760000000004,0.11278874151770882,0.025811141517708767,19.287000000000003,31,5039,QUIEBRAJANO
2002-02-01,-0.012943999999997423,0.022832582451119687,0.03577658245111711,18.4035,28,5039,QUIEBRAJANO
2002-03-01,0.6357599999999987,0.6970525263168202,0.06129252631682158,17.854387096774193,31,5039,QUIEBRAJANO
2002-04-01,1.9128240000000019,1.9881493485468427,0.07532534854684081,18.657366666666668,30,5039,QUIEBRAJANO
2002-05-01,0.2158576000000005,0.3315059254277865,0.115648325427786,19.16164516129032,31,5039,QUIEBRAJANO
2002-06-01,-0.08476800000000327,0.06567734357478801,0.15044534357479128,18.616699999999998,30,5039,QUIEBRAJANO
2002-07-01,-0.12443519999999685,0.05172580751262356,0.1761610075126204,17.61709677419355,31,5039,QUIEBRAJANO
2002-08-01,-0.07876000000000045,0.07422176308836356,0.15298176308836403,16.16883870967742,31,5039,QUIEBRAJANO
2002-09-01,-0.0437808000000008,0.05542931211267514,0.09921011211267594,15.1441,30,5039,QUIEBRAJANO
2002-10-01,-0.020692799999999158,0.03590056690628283,0.056593366906281986,14.379806451612904,31,5039,QUIEBRAJANO
2002-11-01,0.3402047999999984,0.37007180463169786,0.029867004631699463,13.726433333333334,30,5039,QUIEBRAJANO
2002-12-01,1.213337600000001,1.2339915615236958,0.020653961523694822,13.80558064516129,31,5039,QUIEBRAJANO
2003-01-01,3.4902719999999996,3.5124508886947514,0.02217888869475193,15.369806451612904,31,5039,QUIEBRAJANO
2003-02-01,2.998089600000002,3.0324732212169816,0.03438362121697986,17.341392857142857,28,5039,QUIEBRAJANO
2003-03-01,3.1229167999999987,3.1898562630033633,0.06693946300336474,20.37961290322581,31,5039,QUIEBRAJANO
2003-04-01,1.717099200000001,1.8013663478929478,0.08426714789294683,22.0733,30,5039,QUIEBRAJANO
2003-05-01,0.34391519999999787,0.4711468701045418,0.12723167010454395,22.111612903225808,31,5039,QUIEBRAJANO
2003-06-01,-0.033846399999998285,0.13000976377967666,0.16385616377967496,21.161099999999998,30,5039,QUIEBRAJANO
2003-07-01,-0.03220160000000202,0.15866612005120506,0.19086772005120708,19.86841935483871,31,5039,QUIEBRAJANO
2003-08-01,-0.08481439999999979,0.08212860351125911,0.1669430035112589,18.43174193548387,31,5039,QUIEBRAJANO
2003-09-01,0.03826560000000016,0.1458967575469179,0.10763115754691774,17.112933333333334,30,5039,QUIEBRAJANO
2003-10-01,0.06137280000000202,0.12277604384103016,0.06140324384102813,16.251387096774195,31,5039,QUIEBRAJANO
2003-11-01,0.4441215999999992,0.4765953834008517,0.032473783400852545,15.562233333333333,30,5039,QUIEBRAJANO
2003-12-01,1.1861951999999993,1.2086757839648608,0.022480583964861287,15.67690322580645,31,5039,QUIEBRAJANO
2004-01-01,1.3580351999999996,1.3804139683616337,0.02237876836163411,15.570870967741936,31,5039,QUIEBRAJANO
2004-02-01,1.440049600000003,1.4748296243079027,0.034780024307899816,16.73551724137931,29,5039,QUIEBRAJANO
2004-03-01,1.7810848,1.843144903355533,0.06206010335553298,18.191548387096773,31,5039,QUIEBRAJANO
2004-04-01,2.141118399999997,2.220286953369784,0.07916855336978727,20.101433333333333,30,5039,QUIEBRAJANO
2004-05-01,2.6560544000000004,2.782506112440335,0.1264517124403347,21.91164516129032,31,5039,QUIEBRAJANO
2004-06-01,0.6401904000000032,0.8134115075307761,0.17322110753077286,23.0,30,5039,QUIEBRAJANO
2004-07-01,-0.08282240000000027,0.12584409800342627,0.20866649800342657,22.71,31,5039,QUIEBRAJANO
2004-08-01,-0.11374560000000122,0.07419134934436347,0.1879369493443647,22.014193548387098,31,5039,QUIEBRAJANO
2004-09-01,-0.035966400000001585,0.08850874383330251,0.12447514383330409,21.282533333333333,30,5039,QUIEBRAJANO
2004-10-01,-0.010911999999998475,0.06063597138491691,0.07154797138491538,20.44067741935484,31,5039,QUIEBRAJANO
2004-11-01,-0.03306079999999957,0.004914127881876288,0.037974927881875856,19.679633333333335,30,5039,QUIEBRAJANO
2004-12-01,-0.009654400000000783,0.015849530543733184,0.02550393054373397,18.94383870967742,31,5039,QUIEBRAJANO
2005-01-01,0.012132800000000565,0.03662281834716462,0.02449001834716405,17.825709677419354,31,5039,QUIEBRAJANO
2005-02-01,0.0052112000000010955,0.03910901690910154,0.033897816909100445,16.97292857142857,28,5039,QUIEBRAJANO
2005-03-01,-0.02097759999999942,0.03694786311823314,0.057925463118232566,16.403709677419354,31,5039,QUIEBRAJANO
2005-04-01,-0.03989760000000231,0.027551649996714913,0.06744924999671723,15.806933333333335,30,5039,QUIEBRAJANO
2005-05-01,-0.05181919999999921,0.04601866380105341,0.09783786380105262,14.911129032258065,31,5039,QUIEBRAJANO
2005-06-01,-0.08188800000000065,0.04191486758596835,0.123802867585969,13.898233333333334,30,5039,QUIEBRAJANO
2005-07-01,-0.08366879999999972,0.05866834797922418,0.1423371479792239,12.795483870967743,31,5039,QUIEBRAJANO
2005-08-01,-0.08113759999999937,0.04260519547339203,0.1237427954733914,11.762451612903227,31,5039,QUIEBRAJANO
2005-09-01,-0.03271839999999972,0.046687534501425966,0.07940593450142569,10.844533333333334,30,5039,QUIEBRAJANO
2005-10-01,-0.019809600000000316,0.02466019338145695,0.04446979338145727,10.016677419354838,31,5039,QUIEBRAJANO
2005-11-01,-0.016001599999999602,0.0070342739379695846,0.023035873937969187,9.298366666666668,30,5039,QUIEBRAJANO
2005-12-01,0.016943999999999636,0.03192723530896332,0.01498323530896368,8.53083870967742,31,5039,QUIEBRAJANO
2006-01-01,0.003937600000000079,0.01814608512400583,0.01420848512400575,7.877677419354838,31,5039,QUIEBRAJANO
2006-02-01,0.10298719999999989,0.12251524504041059,0.019528045040410683,7.421392857142857,28,5039,QUIEBRAJANO
2006-03-01,1.3619344000000004,1.3973798439793181,0.03544544397931778,7.854,31,5039,QUIEBRAJANO
2006-04-01,0.31514399999999926,0.3598609316534357,0.044716931653436424,8.532566666666666,30,5039,QUIEBRAJANO
2006-05-01,0.009748799999999839,0.07598148176358885,0.066232681763589,8.305,31,5039,QUIEBRAJANO
2006-06-01,-0.04490079999999926,0.04003693260881227,0.08493773260881153,7.897866666666667,30,5039,QUIEBRAJANO
2006-07-01,-0.08491680000000036,0.011290489011325185,0.09620728901132555,7.111129032258065,31,5039,QUIEBRAJANO
2006-08-01,-0.06202239999999996,0.020929368230267843,0.0829517682302678,6.455967741935484,31,5039,QUIEBRAJANO
2006-09-01,0.13992640000000042,0.1931872134191282,0.053260813419127764,5.957533333333333,30,5039,QUIEBRAJANO
2006-10-01,-0.006955200000000217,0.022721691225740612,0.02967689122574083,5.460645161290323,31,5039,QUIEBRAJANO
2006-11-01,0.0018239999999998201,0.01709500554453357,0.01527100554453375,5.018966666666667,30,5039,QUIEBRAJANO
2006-12-01,-0.0009663999999993747,0.00874376338830343,0.009710163388302804,4.451225806451613,31,5039,QUIEBRAJANO
2007-01-01,-0.008326400000000032,0.00045686632931164425,0.008783266329311675,3.829838709677419,31,5039,QUIEBRAJANO
2007-02-01,0.27220800000000017,0.28436569721973354,0.012157697219733405,3.6457142857142855,28,5039,QUIEBRAJANO
2007-03-01,0.0859295999999996,0.10779500770942196,0.021865407709422368,3.8042580645161292,31,5039,QUIEBRAJANO
2007-04-01,0.1868688000000003,0.2127737303766614,0.025904930376661105,3.7622333333333335,30,5039,QUIEBRAJANO
2007-05-01,0.7130240000000003,0.7550137486645717,0.04198974866457141,4.193516129032258,31,5039,QUIEBRAJANO
2007-06-01,-0.02588960000000071,0.030341310400863533,0.05623091040086425,4.254033333333333,30,5039,QUIEBRAJANO
2007-07-01,-0.061097599999999606,0.004212771465727071,0.06531037146572669,3.9769032258064514,31,5039,QUIEBRAJANO
2007-08-01,-0.056067200000000234,0.0007297937820844797,0.05679699378208471,3.657677419354839,31,5039,QUIEBRAJANO
2007-09-01,-0.03112159999999995,0.004991373695133627,0.036112973695133575,3.3261333333333334,30,5039,QUIEBRAJANO
2007-10-01,-0.00706399999999972,0.0127894750050979,0.01985347500509762,2.9883225806451614,31,5039,QUIEBRAJANO
2007-11-01,-0.003092800000000123,0.006950105560491906,0.010042905560492029,2.676833333333333,30,5039,QUIEBRAJANO
2007-12-01,0.005980800000000255,0.012412207085646953,0.006431407085646696,2.399193548387097,31,5039,QUIEBRAJANO
2008-01-01,0.01213760000000002,0.018220916316156154,0.006083316316156133,2.2071612903225803,31,5039,QUIEBRAJANO
2008-02-01,-0.005188800000000073,0.002935638101318548,0.008124438101318621,1.889758620689655,29,5039,QUIEBRAJANO
2008-03-01,-0.0099728000000001,0.0025019305475317308,0.01247473054753183,1.6398387096774194,31,5039,QUIEBRAJANO
2008-04-01,1.1457952,1.1615487462113312,0.01575354621133115,1.7985,30,5039,QUIEBRAJANO
2008-05-01,0.2613824000000001,0.29173702043025934,0.03035462043025921,2.5768709677419355,31,5039,QUIEBRAJANO
2008-06-01,-0.031217600000000116,0.008650544319685826,0.039868144319685946,2.5400666666666667,30,5039,QUIEBRAJANO
2008-07-01,-0.04893279999999982,-0.00446304198120236,0.04446975801879746,2.234387096774194,31,5039,QUIEBRAJANO
2008-08-01,-0.048748799999999884,-0.009551299555459738,0.03919750044454015,2.096967741935484,31,5039,QUIEBRAJANO
2008-09-01,0.008195199999999922,0.0336697194911814,0.02547451949118148,1.9704666666666666,30,5039,QUIEBRAJANO
2008-10-01,-0.010971199999999967,0.0035289411923636513,0.01450014119236362,1.8649354838709677,31,5039,QUIEBRAJANO
2008-11-01,0.02206879999999985,0.029764218926254946,0.007695418926255094,1.7952666666666666,30,5039,QUIEBRAJANO
2008-12-01,0.46298720000000004,0.46864152818505833,0.005654328185058266,1.9805806451612902,31,5039,QUIEBRAJANO
2009-01-01,1.8310000000000004,1.837967823723983,0.006967823723982481,2.721225806451613,31,5039,QUIEBRAJANO
2009-02-01,4.8690544,4.888522099873928,0.019467699873927807,7.4389642857142855,28,5039,QUIEBRAJANO
2009-03-01,3.2471104,3.2915914369474777,0.044481036947477876,11.054129032258064,31,5039,QUIEBRAJANO
2009-04-01,0.8060367999999998,0.8638685272543997,0.057831727254399994,12.550066666666668,30,5039,QUIEBRAJANO
2009-05-01,0.1594160000000007,0.24901843837752102,0.08960243837752034,13.067806451612904,31,5039,QUIEBRAJANO
2009-06-01,-0.18889600000000062,-0.07056112931130168,0.11833487068869895,12.986633333333334,30,5039,QUIEBRAJANO
2009-07-01,-0.3929088000000001,-0.25159265577867806,0.14131614422132205,12.656935483870969,31,5039,QUIEBRAJANO
2009-08-01,-0.3931279999999987,-0.2662907886444778,0.12683721135552092,12.205548387096774,31,5039,QUIEBRAJANO
2009-09-01,-0.35111200000000065,-0.26735618557814944,0.08375581442185125,11.746833333333333,30,5039,QUIEBRAJANO
2009-10-01,0.09380320000000064,0.1421918928633221,0.04838869286332146,11.368677419354837,31,5039,QUIEBRAJANO
2009-11-01,0.06327839999999878,0.08887990362621323,0.02560150362621446,10.893733333333333,30,5039,QUIEBRAJANO
2009-12-01,5.1889232,5.207069587465173,0.01814638746517337,11.396548387096775,31,5039,QUIEBRAJANO
2010-01-01,12.839396800000003,12.868352106521359,0.028955306521356652,23.032258064516128,31,5039,QUIEBRAJANO
2010-02-01,9.2710304,9.319376305248609,0.048345905248609655,28.911857142857144,28,5039,QUIEBRAJANO
2010-03-01,6.677135999999998,6.762981112426554,0.08584511242655582,29.59506451612903,31,5039,QUIEBRAJANO
2010-04-01,1.295145600000003,1.3967571194536437,0.10161151945364053,29.22873333333333,30,5039,QUIEBRAJANO
2010-05-01,0.4983695999999973,0.650390868625038,0.15202126862504078,28.878806451612906,31,5039,QUIEBRAJANO
2010-06-01,0.02933760000000108,0.22811894954599699,0.1987813495459959,28.27446666666667,30,5039,QUIEBRAJANO
2010-07-01,-0.2409071999999981,-0.004815722836423573,0.23609147716357454,27.33151612903226,31,5039,QUIEBRAJANO
2010-08-01,-0.18160800000000252,0.02982688877364441,0.2114348887736469,26.269451612903225,31,5039,QUIEBRAJANO
2010-09-01,-0.11264959999999798,0.0268492495462323,0.13949884954623026,25.24973333333333,30,5039,QUIEBRAJANO
2010-10-01,0.015118399999999893,0.09545080757748846,0.08033240757748857,24.318225806451615,31,5039,QUIEBRAJANO
2010-11-01,0.7290576000000004,0.7720806336495235,0.0430230336495231,23.731133333333332,30,5039,QUIEBRAJANO
2010-12-01,5.125015999999998,5.156518734402815,0.03150273440281655,26.015838709677418,31,5039,QUIEBRAJANO
2011-01-01,2.4307600000000007,2.463721741910375,0.03296174191037469,27.833870967741937,31,5039,QUIEBRAJANO
2011-02-01,2.8631072000000004,2.9114405600887148,0.04833336008871457,28.899857142857144,28,5039,QUIEBRAJANO
2011-03-01,3.9920272000000008,4.076778707399842,0.08475150739984108,29.03106451612903,31,5039,QUIEBRAJANO
2011-04-01,3.5691856,3.6685287510634597,0.09934315106345969,28.2541,30,5039,QUIEBRAJANO
2011-05-01,2.210124800000001,2.3600893093175617,0.1499645093175605,28.294806451612903,31,5039,QUIEBRAJANO
2011-06-01,0.2431759999999972,0.441220037799958,0.19804403779996083,28.117166666666666,30,5039,QUIEBRAJANO
2011-07-01,-0.11059999999999934,0.12529020031508012,0.23589020031507946,27.296451612903223,31,5039,QUIEBRAJANO
2011-08-01,-0.1807455999999989,0.03075560063777511,0.21150120063777403,26.281903225806452,31,5039,QUIEBRAJANO
2011-09-01,-0.1557456000000018,-0.016168703513190316,0.13957689648681149,25.270933333333335,30,5039,QUIEBRAJANO
2011-10-01,-0.12345759999999961,-0.04330774385796813,0.08014985614203149,24.23551612903226,31,5039,QUIEBRAJANO
2011-11-01,0.02668000000000071,0.06936966075906166,0.04268966075906096,23.456,30,5039,QUIEBRAJANO
2011-12-01,-0.025406399999998004,0.003346240187468051,0.028752640187466056,22.676032258064517,31,5039,QUIEBRAJANO
2012-01-01,-0.022236800000000223,0.00577399305122709,0.028010793051227313,21.804032258064513,31,5039,QUIEBRAJANO
2012-02-01,-0.04174719999999993,-0.0012381706567067977,0.04050902934329313,21.035999999999998,29,5039,QUIEBRAJANO
2012-03-01,-0.08814239999999943,-0.021059887837265027,0.0670825121627344,20.443225806451615,31,5039,QUIEBRAJANO
2012-04-01,0.309863999999999,0.38891408583762604,0.07905008583762708,20.0551,30,5039,QUIEBRAJANO
2012-05-01,0.5040383999999989,0.6235922793325934,0.11955387933259454,20.140419354838713,31,5039,QUIEBRAJANO
2012-06-01,-0.1485488000000004,0.007770425083089145,0.15631922508308954,19.717433333333336,30,5039,QUIEBRAJANO
2012-07-01,-0.23559359999999907,-0.05008599513541854,0.1855076048645805,19.03641935483871,31,5039,QUIEBRAJANO
2012-08-01,-0.2187472000000005,-0.05257048806991783,0.16617671193008268,18.303870967741933,31,5039,QUIEBRAJANO
2012-09-01,-0.04438560000000031,0.06495915417220106,0.10934475417220138,17.52266666666667,30,5039,QUIEBRAJANO
2012-10-01,0.016726399999999985,0.07978315376340461,0.06305675376340462,16.911870967741937,31,5039,QUIEBRAJANO
2012-11-01,3.5331056000000003,3.569462402122911,0.03635680212291087,18.444333333333336,30,5039,QUIEBRAJANO
2012-12-01,1.3154656,1.3415090755548622,0.02604347555486229,19.547677419354837,31,5039,QUIEBRAJANO
2013-01-01,8.0903888,8.11856374393396,0.028174943933960264,22.052129032258065,31,5039,QUIEBRAJANO
2013-02-01,6.983240000000004,7.031065797357691,0.04782579735768789,28.44492857142857,28,5039,QUIEBRAJANO
2013-03-01,27.841172800000002,27.925459846561,0.08428704656099917,28.792870967741933,31,5039,QUIEBRAJANO
2013-04-01,12.9638944,13.068904652888632,0.10501025288863299,30.708966666666665,30,5039,QUIEBRAJANO
2013-05-01,2.3302591999999995,2.488178346474036,0.15791914647403674,30.576193548387096,31,5039,QUIEBRAJANO
2013-06-01,0.7661600000000012,0.9773731248395997,0.2112131248395986,30.967633333333332,30,5039,QUIEBRAJANO
2013-07-01,0.0021056000000008387,0.254897159759483,0.2527915597594822,30.281903225806452,31,5039,QUIEBRAJANO
2013-08-01,-0.1335200000000013,0.09397898329757537,0.22749898329757667,29.31935483870968,31,5039,QUIEBRAJANO
2013-09-01,-0.1014800000000011,0.04927320915712321,0.1507532091571243,28.36596666666667,30,5039,QUIEBRAJANO
2013-10-01,-0.05105599999999848,0.03616196005655248,0.08721796005655096,27.51077419354839,31,5039,QUIEBRAJANO
2013-11-01,-0.027766399999998678,0.018747524855941618,0.046513924855940296,26.677500000000002,30,5039,QUIEBRAJANO
2013-12-01,0.19242719999999813,0.2237325764320538,0.031305376432055707,25.761774193548387,31,5039,QUIEBRAJANO
2014-01-01,1.0852288000000017,1.1161749292649787,0.030946129264977112,25.319451612903226,31,5039,QUIEBRAJANO
2014-02-01,7.194406399999998,7.24128288357637,0.046876483576371676,27.609892857142857,28,5039,QUIEBRAJANO
2014-03-01,10.044147200000001,10.13247256145703,0.08832536145702952,30.886774193548387,31,5039,QUIEBRAJANO
2014-04-01,1.7159872000000018,1.8210551322193038,0.10506793221930211,30.730966666666667,30,5039,QUIEBRAJANO
2014-05-01,0.15941919999999932,0.31650537044647553,0.15708617044647616,30.3341935483871,31,5039,QUIEBRAJANO
2014-06-01,-0.0428016000000022,0.16168237644316266,0.20448397644316488,29.4999,30,5039,QUIEBRAJANO
2014-07-01,-0.13649119999999773,0.10633711848642238,0.2428283184864201,28.509645161290322,31,5039,QUIEBRAJANO
2014-08-01,-0.12260800000000051,0.09470489524456664,0.21731289524456715,27.372612903225807,31,5039,QUIEBRAJANO
2014-09-01,-0.038870400000001706,0.10444959136412094,0.14331999136412266,26.294233333333334,30,5039,QUIEBRAJANO
2014-10-01,0.014100800000002526,0.09696433013492745,0.08286353013492492,25.47648387096774,31,5039,QUIEBRAJANO
2014-11-01,0.1432736000000003,0.18738838767191887,0.04411478767191855,24.640266666666665,30,5039,QUIEBRAJANO
2014-12-01,0.04523680000000052,0.07500140622175563,0.029764606221755124,23.883580645161288,31,5039,QUIEBRAJANO
2015-01-01,0.08111200000000011,0.11017007352059759,0.029058073520597482,23.03816129032258,31,5039,QUIEBRAJANO
2015-02-01,1.5256847999999987,1.5675463666813352,0.04186156668133634,23.292678571428574,28,5039,QUIEBRAJANO
2015-03-01,0.42377760000000114,0.4970982030895649,0.07332060308956381,23.359967741935485,31,5039,QUIEBRAJANO
2015-04-01,0.3278975999999984,0.41404143816826616,0.08614383816826776,22.814533333333333,30,5039,QUIEBRAJANO
2015-05-01,0.06690239999999942,0.19391056544823979,0.12700816544824034,22.053709677419352,31,5039,QUIEBRAJANO
2015-06-01,-0.018238399999999336,0.1451171442926282,0.16335554429262755,21.06386666666667,30,5039,QUIEBRAJANO
2015-07-01,-0.13288640000000015,0.05868646112417089,0.19157286112417105,19.978290322580644,31,5039,QUIEBRAJANO
2015-08-01,-0.10181919999999842,0.06698212712581163,0.16880132712581006,18.73977419354839,31,5039,QUIEBRAJANO
2015-09-01,-0.033164800000001826,0.07721615395688168,0.1103809539568835,17.7724,30,5039,QUIEBRAJANO
2015-10-01,0.07818560000000112,0.1413028077818388,0.06311720778183766,16.936451612903223,31,5039,QUIEBRAJANO
2015-11-01,0.10183199999999915,0.13526848179082981,0.03343648179083066,16.259433333333334,30,5039,QUIEBRAJANO
2015-12-01,0.07729120000000081,0.09963098137571753,0.02233978137571673,15.53016129032258,31,5039,QUIEBRAJANO
2016-01-01,0.27235839999999994,0.2940056768001099,0.02164727680011,14.813516129032259,31,5039,QUIEBRAJANO
2016-02-01,1.2005135999999998,1.232267827241999,0.03175422724199906,14.599896551724138,29,5039,QUIEBRAJANO
2016-03-01,0.6743360000000007,0.7284310583955615,0.05409505839556089,14.803709677419356,31,5039,QUIEBRAJANO
2016-04-01,1.257204799999999,1.3222889673105573,0.06508416731055845,14.982833333333334,30,5039,QUIEBRAJANO
2016-05-01,1.0236592000000015,1.122643400491376,0.09898420049137434,15.173258064516128,31,5039,QUIEBRAJANO
2016-06-01,0.29025279999999976,0.4208721290466239,0.13061932904662418,15.0608,30,5039,QUIEBRAJANO
2016-07-01,0.08901919999999977,0.2419276744126755,0.15290847441267572,14.246548387096775,31,5039,QUIEBRAJANO
2016-08-01,0.06110080000000055,0.19531959050811726,0.1342187905081167,13.287032258064517,31,5039,QUIEBRAJANO
2016-09-01,0.0648448,0.15143013477905343,0.08658533477905342,12.347633333333334,30,5039,QUIEBRAJANO
2016-10-01,0.20103999999999994,0.2502793291807718,0.049239329180771826,11.670032258064516,31,5039,QUIEBRAJANO
2016-11-01,0.30358560000000034,0.3296618553971006,0.026076255397100283,11.197933333333333,30,5039,QUIEBRAJANO
2016-12-01,0.3158608,0.3334450214686888,0.017584221468688814,10.845161290322581,31,5039,QUIEBRAJANO
2017-01-01,0.28179519999999986,0.2988243684334145,0.017029168433414635,10.33583870967742,31,5039,QUIEBRAJANO
2017-02-01,0.42419360000000045,0.44795598604621917,0.023762386046218758,9.961535714285715,28,5039,QUIEBRAJANO
2017-03-01,1.0200079999999996,1.0619445723645358,0.04193657236453625,10.10483870967742,31,5039,QUIEBRAJANO
2017-04-01,0.4074320000000001,0.45715880708760254,0.04972680708760236,10.006066666666667,30,5039,QUIEBRAJANO
2017-05-01,0.3095312000000005,0.38317576494279065,0.07364456494279012,9.737290322580645,31,5039,QUIEBRAJANO
2017-06-01,0.18289919999999904,0.2774211420605304,0.09452194206053141,9.271566666666667,30,5039,QUIEBRAJANO
2017-07-01,0.17035520000000107,0.280237290421221,0.10988209042121991,8.678709677419356,31,5039,QUIEBRAJANO
2017-08-01,0.23085759999999916,0.3272171671297404,0.09635956712974125,8.082451612903226,31,5039,QUIEBRAJANO
2017-09-01,0.2777600000000008,0.3406415078061606,0.06288150780615977,7.641733333333334,30,5039,QUIEBRAJANO
2017-10-01,0.3690831999999999,0.40513916391102506,0.03605596391102518,7.31241935483871,31,5039,QUIEBRAJANO
2017-11-01,0.11323999999999974,0.13237168165798924,0.019131681657989497,7.0371999999999995,30,5039,QUIEBRAJANO
2017-12-01,0.17661599999999983,0.1895874679735768,0.012971467973576995,6.871161290322581,31,5039,QUIEBRAJANO
2018-01-01,0.3071248000000005,0.32018404703009407,0.01305924703009363,6.941032258064516,31,5039,QUIEBRAJANO
2018-02-01,0.032647999999999976,0.05123187287683302,0.01858387287683304,6.889642857142857,28,5039,QUIEBRAJANO
2018-03-01,12.546871999999999,12.596725708724906,0.049853708724906035,13.306225806451613,31,5039,QUIEBRAJANO
2018-04-01,4.570304000000001,4.6530537960969935,0.08274979609699262,21.496733333333335,30,5039,QUIEBRAJANO
2018-05-01,0.893476799999998,1.027410930445882,0.1339341304458841,23.88158064516129,31,5039,QUIEBRAJANO
2018-06-01,-8.639999999857182e-05,0.17764386019467732,0.1777302601946759,23.90396666666667,30,5039,QUIEBRAJANO
2018-07-01,-0.08151679999999825,0.1304062757816508,0.21192307578164904,23.243903225806452,31,5039,QUIEBRAJANO
2018-08-01,-0.10930880000000015,0.08031826579994772,0.18962706579994787,22.312032258064516,31,5039,QUIEBRAJANO
2018-09-01,0.1624639999999978,0.28756143474951135,0.12509743474951357,21.44226666666667,30,5039,QUIEBRAJANO
2018-10-01,0.14072159999999995,0.21268527247694902,0.07196367247694907,20.618935483870967,31,5039,QUIEBRAJANO
2018-11-01,0.617132800000002,0.655565511982323,0.03843271198232099,20.036333333333335,30,5039,QUIEBRAJANO
2018-12-01,0.24042079999999774,0.26658468720226347,0.026163887202265736,19.683580645161292,31,5039,QUIEBRAJANO
2019-01-01,0.35250400000000026,0.3779020270821523,0.02539802708215208,18.82574193548387,31,5039,QUIEBRAJANO
2019-02-01,1.6170304000000018,1.6540897079659573,0.03705930796595563,19.40175,28,5039,QUIEBRAJANO
2019-03-01,0.2898687999999989,0.35355157210322985,0.06368277210323092,18.909193548387094,31,5039,QUIEBRAJANO
2019-04-01,0.9400496000000013,1.0147871300193418,0.0747375300193407,18.436533333333333,30,5039,QUIEBRAJANO
2019-05-01,0.44496479999999816,0.5572202599192339,0.11225545991923569,18.324774193548386,31,5039,QUIEBRAJANO
2019-06-01,0.08772480000000148,0.2322575066148852,0.14453270661488374,17.5304,30,5039,QUIEBRAJANO
2019-07-01,-0.05426559999999996,0.11495033974596958,0.16921593974596955,16.58509677419355,31,5039,QUIEBRAJANO
2019-08-01,-0.060961599999999505,0.08810906832256173,0.14907066832256125,15.552290322580644,31,5039,QUIEBRAJANO
2019-09-01,0.10633120000000004,0.20298015182963275,0.09664895182963272,14.5615,30,5039,QUIEBRAJANO
2019-10-01,0.06387999999999908,0.1185463136164034,0.05466631361640432,13.651935483870966,31,5039,QUIEBRAJANO
2019-11-01,1.3607967999999995,1.3896870566465926,0.02889025664659311,13.059666666666667,30,5039,QUIEBRAJANO
2019-12-01,5.202473599999999,5.224224694560089,0.021751094560089477,14.958548387096773,31,5039,QUIEBRAJANO
2020-01-01,1.6341424,1.659242626159805,0.025100226159804978,18.495548387096772,31,5039,QUIEBRAJANO
2020-02-01,0.9372575999999996,0.9754402384617824,0.03818263846178294,19.249862068965516,29,5039,QUIEBRAJANO
2020-03-01,0.5661472000000004,0.6302728823603387,0.06412568236033829,19.106483870967743,31,5039,QUIEBRAJANO
2020-04-01,0.6980720000000014,0.7739133705525777,0.0758413705525763,18.8465,30,5039,QUIEBRAJANO
2020-05-01,0.8748847999999986,0.9892414447617155,0.11435664476171686,18.841483870967743,31,5039,QUIEBRAJANO
2020-06-01,0.30840800000000074,0.4585528994382234,0.15014489943822265,18.560866666666666,30,5039,QUIEBRAJANO
2020-07-01,0.04942719999999896,0.22638930392704604,0.1769621039270471,17.73674193548387,31,5039,QUIEBRAJANO
2020-08-01,-0.016735999999996927,0.13949788776499886,0.15623388776499578,16.68648387096774,31,5039,QUIEBRAJANO
2020-09-01,0.00920159999999949,0.11053370631517154,0.10133210631517205,15.632766666666667,30,5039,QUIEBRAJANO
2020-10-01,0.11892319999999983,0.17639386004994512,0.057470660049945305,14.715612903225805,31,5039,QUIEBRAJANO
2020-11-01,0.21161919999999967,0.241767402449406,0.030148202449406334,13.921066666666666,30,5039,QUIEBRAJANO
2020-12-01,1.325958399999999,1.3465341324765494,0.020575732476550236,13.727451612903225,31,5039,QUIEBRAJANO
2021-01-01,2.7912064,2.8124983999245816,0.02129199992458159,14.453354838709677,31,5039,QUIEBRAJANO
2021-02-01,3.5633424000000007,3.59709337415172,0.03375097415171932,16.87032142857143,28,5039,QUIEBRAJANO
2021-03-01,1.0147488000000002,1.0756510693102959,0.06090226931029562,17.685741935483872,31,5039,QUIEBRAJANO
2021-04-01,0.6908224000000004,0.7613718702216896,0.07054947022168918,16.908833333333334,30,5039,QUIEBRAJANO
2021-05-01,0.4067519999999983,0.511586765388467,0.10483476538846873,16.53809677419355,31,5039,QUIEBRAJANO
2021-06-01,0.5811728000000018,0.7118033129857263,0.13063051298572445,15.071833333333332,30,5039,QUIEBRAJANO
2021-07-01,0.3964304000000002,0.5337643830222082,0.13733398302220806,12.131612903225806,31,5039,QUIEBRAJANO
2021-08-01,0.14561599999999983,0.2644874486736561,0.11887144867365627,11.074451612903225,31,5039,QUIEBRAJANO
2021-09-01,0.21250079999999935,0.28670083550359277,0.07670527836092446,10.2957,29,5039,QUIEBRAJANO
1991-06-01,0.29188319999999923,0.3863607729778917,0.0977902769945117,4.747133333333333,29,5050,COLOMERA
1991-07-01,0.047907200000000476,0.15801459671725124,0.11010739671725078,4.236290322580645,31,5050,COLOMERA
1991-08-01,0.08194560000000016,0.16946257484184496,0.0875169748418448,3.4099354838709677,31,5050,COLOMERA
1991-09-01,0.12417760000000011,0.17197768531660002,0.04780008531659992,2.4667666666666666,30,5050,COLOMERA
1991-10-01,0.3832319999999999,0.41149160981970684,0.028259609819706946,2.4696774193548388,31,5050,COLOMERA
1991-11-01,0.30600000000000005,0.3227378288266955,0.016737828826695448,2.8022666666666667,30,5050,COLOMERA
1991-12-01,0.371,0.38347079348352464,0.01247079348352462,3.152,31,5050,COLOMERA
1992-01-01,0.33499999999999996,0.348376877427042,0.013376877427042041,3.5014838709677423,31,5050,COLOMERA
1992-02-01,0.3500000000000001,0.3710310899441009,0.021031089944100818,3.829103448275862,29,5050,COLOMERA
1992-03-01,0.36815199999999987,0.4057017058563928,0.03754970585639292,4.165645161290322,31,5050,COLOMERA
1992-04-01,1.2870528000000003,1.3379579722084902,0.050905172208489974,5.047633333333334,30,5050,COLOMERA
1992-05-01,0.2789823999999999,0.35996667882978356,0.08098427882978364,5.463451612903225,31,5050,COLOMERA
1992-06-01,1.5688896000000003,1.6781678583846806,0.1092782583846803,5.613433333333333,30,5050,COLOMERA
1992-07-01,0.4869184,0.6257208851916349,0.1388024851916349,5.9970322580645155,31,5050,COLOMERA
1992-08-01,0.5017488,0.5961005273583819,0.0943517273583819,3.8307096774193545,31,5050,COLOMERA
1992-09-01,0.1338528,0.18702860176065528,0.0531758017606553,2.8912666666666667,30,5050,COLOMERA
1992-10-01,0.29296960000000005,0.32447737712698727,0.031507777126987206,2.9063548387096776,31,5050,COLOMERA
1992-11-01,0.2929999999999997,0.31103736443485336,0.01803736443485368,3.1347333333333336,30,5050,COLOMERA
1992-12-01,0.3500000000000001,0.3632681836986559,0.013268183698655785,3.458935483870968,31,5050,COLOMERA
1993-01-01,0.32794080000000014,0.34203672369162913,0.014095923691629009,3.7873548387096774,31,5050,COLOMERA
1993-02-01,0.19100000000000028,0.21199513507864384,0.02099513507864356,4.025321428571429,28,5050,COLOMERA
1993-03-01,0.1889919999999999,0.22616878018610706,0.03717678018610715,4.103806451612903,31,5050,COLOMERA
1993-04-01,0.13869279999999992,0.18084166264483123,0.042148862644831295,3.8017333333333334,30,5050,COLOMERA
1993-05-01,0.4400879999999997,0.5002527904579807,0.06016479045798096,3.4989032258064516,31,5050,COLOMERA
1993-06-01,0.3494064000000003,0.4301877446644198,0.08078134466441948,3.5643000000000002,30,5050,COLOMERA
1993-07-01,0.3714896,0.4489273321284609,0.0774377321284609,2.5077419354838706,31,5050,COLOMERA
1993-08-01,0.18728159999999988,0.23602610481217465,0.04874450481217479,1.4199354838709677,31,5050,COLOMERA
1993-09-01,0.06901600000000009,0.09576702036796671,0.026751020367966616,1.0316666666666667,30,5050,COLOMERA
1993-10-01,0.11499999999999999,0.13156021175859545,0.01656021175859544,1.1075806451612904,31,5050,COLOMERA
1993-11-01,0.20199999999999996,0.21193415735808835,0.009934157358088383,1.2814666666666668,30,5050,COLOMERA
1993-12-01,0.15300000000000002,0.16043196674278817,0.00743196674278815,1.4500645161290322,31,5050,COLOMERA
1994-01-01,0.31000000000000005,0.3182272278083291,0.008227227808329057,1.689548387096774,31,5050,COLOMERA
1994-02-01,0.2819999999999998,0.2950877503484699,0.013087750348470073,1.9816785714285714,28,5050,COLOMERA
1994-03-01,0.34421600000000036,0.36883379714829495,0.024617797148294592,2.2113870967741933,31,5050,COLOMERA
1994-04-01,0.21611839999999977,0.23939885096992258,0.0232804509699228,1.5668,30,5050,COLOMERA
1994-05-01,0.19267999999999996,0.22515822710061748,0.03247822710061749,1.3875483870967742,31,5050,COLOMERA
1994-06-01,0.05523360000000011,0.09571716503945824,0.040483565039458116,1.2669,30,5050,COLOMERA
1994-07-01,0.00038880000000011614,0.03786162345365667,0.03747282345365655,0.4669032258064516,31,5050,COLOMERA
1994-08-01,0.14305600000000002,0.1773174929373556,0.03426149293735561,0.18283870967741936,31,5050,COLOMERA
1994-09-01,0.11800000000000002,0.14120939844143446,0.023209398441434437,0.251,30,5050,COLOMERA
1994-10-01,0.136,0.14970459717494225,0.013704597174942244,0.40106451612903227,31,5050,COLOMERA
1994-11-01,0.201,0.2084601637847468,0.0074601637847467855,0.5924333333333334,30,5050,COLOMERA
1994-12-01,0.123,0.12813922394060334,0.005139223940603341,0.7342258064516128,31,5050,COLOMERA
1995-01-01,0.135,0.14027520608976177,0.0052752060897617685,0.8613870967741936,31,5050,COLOMERA
1995-02-01,0.11399999999999988,0.12221994403789685,0.00821994403789697,0.9862857142857143,28,5050,COLOMERA
1995-03-01,0.11299999999999999,0.12852700713474435,0.015527007134744374,1.1077741935483871,31,5050,COLOMERA
1995-04-01,0.07827680000000012,0.09641500429038682,0.018138204290386702,1.0738333333333332,30,5050,COLOMERA
1995-05-01,0.06280959999999997,0.08595428794077578,0.023144687940775815,0.7458387096774193,31,5050,COLOMERA
1995-06-01,0.11003200000000005,0.14070156222618127,0.03066956222618123,0.6666333333333333,30,5050,COLOMERA
1995-07-01,0.015892799999999985,0.05315217356937421,0.03725937356937423,0.7321612903225806,31,5050,COLOMERA
1995-08-01,0.030940799999999994,0.0652022929373556,0.03426149293735561,0.6872258064516129,31,5050,COLOMERA
1995-09-01,0.020000000000000018,0.04320939844143446,0.023209398441434437,0.7110666666666667,30,5050,COLOMERA
1995-10-01,0.08100000000000007,0.09470459717494231,0.013704597174942244,0.7860645161290323,31,5050,COLOMERA
1995-11-01,0.07999999999999996,0.08758961552100714,0.00758961552100717,0.8464666666666666,30,5050,COLOMERA
1995-12-01,1.3610000000000002,1.3668050114914407,0.005805011491440601,1.0093548387096773,31,5050,COLOMERA
1996-01-01,13.054,13.078256132825626,0.02425613282562527,8.856290322580646,31,5050,COLOMERA
1996-02-01,16.884999999999998,16.960659259231974,0.07565925923197597,26.303896551724137,29,5050,COLOMERA
1996-03-01,4.863999999999997,5.01886326558644,0.1548632655864423,34.89774193548387,31,5050,COLOMERA
1996-04-01,2.3222176000000014,2.5192619358509667,0.1970443358509651,38.40213333333334,30,5050,COLOMERA
1996-05-01,8.5061632,8.818142535230965,0.3119793352309642,41.3113870967742,31,5050,COLOMERA
1996-06-01,2.372865599999998,2.7891235674709516,0.4162579674709534,41.6862,30,5050,COLOMERA
1996-07-01,0.5480064000000053,1.051680546801708,0.5036741468017027,41.43641935483871,31,5050,COLOMERA
1996-08-01,0.26619040000000127,0.7215599252046251,0.45536952520462376,40.39725806451613,31,5050,COLOMERA
1996-09-01,0.7384496000000006,1.042961257684918,0.3045116576849175,39.620533333333334,30,5050,COLOMERA
1996-10-01,0.48931999999999837,0.6698908304599492,0.18057083045995084,39.87329032258065,31,5050,COLOMERA
1996-11-01,1.5501855999999996,1.6498112901277586,0.09962569012775911,40.6869,30,5050,COLOMERA
1996-12-01,20.3003152,20.370047049255337,0.06973184925533842,41.66929032258064,31,5050,COLOMERA
1997-01-01,44.5220064,44.59210734431936,0.07010094431935664,42.0,31,5050,COLOMERA
1997-02-01,12.619097600000002,12.719122616116675,0.10002501611667398,41.85753571428571,28,5050,COLOMERA
1997-03-01,4.796163199999998,4.970305376584778,0.1741421765847803,41.601580645161285,31,5050,COLOMERA
1997-04-01,2.668952000000005,2.876804990948191,0.20785299094818638,41.6034,30,5050,COLOMERA
1997-05-01,1.9190239999999963,2.232944976994645,0.31392097699464844,41.69416129032258,31,5050,COLOMERA
1997-06-01,1.7151887999999982,2.1314631510907307,0.4162743510907324,41.68866666666666,30,5050,COLOMERA
1997-07-01,0.3317520000000019,0.8347328487014231,0.5029808487014211,41.35132258064515,31,5050,COLOMERA
1997-08-01,0.5488640000000011,0.9947543842899111,0.44589038428990996,39.14441935483871,31,5050,COLOMERA
1997-09-01,1.213015999999999,1.5090617321648288,0.2960457321648297,37.97983333333333,30,5050,COLOMERA
1997-10-01,1.129036800000001,1.3063026771622686,0.1772658771622676,38.7836129032258,31,5050,COLOMERA
1997-11-01,5.391491200000003,5.488099760810275,0.09660856081027272,38.85183333333334,30,5050,COLOMERA
1997-12-01,19.071875199999997,19.13901437667303,0.06713917667303017,39.381193548387095,31,5050,COLOMERA
1998-01-01,13.980830400000006,14.047032615291576,0.0662022152915708,38.55429032258065,31,5050,COLOMERA
1998-02-01,6.817572799999995,6.913919437394005,0.09634663739400987,39.57378571428571,28,5050,COLOMERA
1998-03-01,4.206915199999998,4.381522108234297,0.174606908234299,41.76819354838709,31,5050,COLOMERA
1998-04-01,2.7690096000000053,2.9771554521300496,0.20814585213004422,41.69126666666667,30,5050,COLOMERA
1998-05-01,2.8955167999999962,3.2096530938334378,0.31413629383344155,41.73706451612903,31,5050,COLOMERA
1998-06-01,1.557251200000002,1.972890451825817,0.415639251825815,41.59343333333333,30,5050,COLOMERA
1998-07-01,0.2818847999999976,0.7664143072426041,0.4845295072426064,39.102322580645165,31,5050,COLOMERA
1998-08-01,0.3240432000000021,0.7377486015691491,0.41370540156914704,34.986612903225804,31,5050,COLOMERA
1998-09-01,0.4082287999999991,0.6735634500166002,0.26533465001660117,32.226866666666666,30,5050,COLOMERA
1998-10-01,0.3695856000000017,0.5257268258179328,0.15614122581793116,32.06174193548387,31,5050,COLOMERA
1998-11-01,0.4576128000000004,0.5432764599260003,0.08566365992599995,32.44016666666667,30,5050,COLOMERA
1998-12-01,0.43160319999999747,0.49100133241003024,0.05939813241003278,32.75845161290322,31,5050,COLOMERA
1999-01-01,0.5865904000000033,0.6465787146244317,0.05998831462442843,33.24793548387097,31,5050,COLOMERA
1999-02-01,0.4496784000000007,0.53618829358436,0.08650989358435933,33.66742857142857,28,5050,COLOMERA
1999-03-01,0.5156479999999964,0.6680844782656468,0.15243647826565024,34.07119354838709,31,5050,COLOMERA
1999-04-01,0.2664480000000019,0.4455072581879432,0.17905925818794127,33.26786666666666,30,5050,COLOMERA
1999-05-01,0.2922320000000003,0.5492097343656843,0.25697773436568394,30.88241935483871,31,5050,COLOMERA
1999-06-01,0.13007199999999897,0.4518718111805067,0.3217998111805077,28.341533333333334,30,5050,COLOMERA
1999-07-01,0.06623360000000131,0.4209175908716827,0.35468399087168134,24.49458064516129,31,5050,COLOMERA
1999-08-01,0.08524799999999999,0.37592296880268666,0.2906749688026867,20.61206451612903,31,5050,COLOMERA
1999-09-01,0.11110399999999994,0.2882192444660026,0.17711524446600269,17.577166666666667,30,5050,COLOMERA
1999-10-01,0.4606351999999989,0.5633384787050706,0.10270327870507164,17.1038064516129,31,5050,COLOMERA
1999-11-01,0.4356656000000025,0.492661518702023,0.05699591870202055,17.605866666666667,30,5050,COLOMERA
1999-12-01,0.5906032,0.6304676719603565,0.03986447196035655,18.01141935483871,31,5050,COLOMERA
2000-01-01,1.0226031999999985,1.0637243556650913,0.04112115566509262,18.870290322580647,31,5050,COLOMERA
2000-02-01,0.5246287999999988,0.5869618298668834,0.06233302986688461,19.535827586206896,29,5050,COLOMERA
2000-03-01,0.32860320000000304,0.43489539921845555,0.1062921992184525,19.83841935483871,31,5050,COLOMERA
2000-04-01,1.8796160000000004,2.010394348005264,0.1307783480052636,20.7667,30,5050,COLOMERA
2000-05-01,1.9956031999999975,2.2057562418934897,0.2101530418934922,22.839935483870967,31,5050,COLOMERA
2000-06-01,0.4764320000000006,0.7580486171995888,0.28161661719958825,23.201166666666666,30,5050,COLOMERA
2000-07-01,0.18524000000000146,0.4882898113232405,0.30304981132323905,19.352709677419355,31,5050,COLOMERA
2000-08-01,0.20693599999999865,0.44171425727257224,0.23477825727257357,14.970967741935485,31,5050,COLOMERA
2000-09-01,0.3040256000000002,0.44947529928454,0.14544969928453982,13.079466666666667,30,5050,COLOMERA
2000-10-01,0.3740336000000015,0.4602272208756985,0.086193620875697,13.150032258064517,31,5050,COLOMERA
2000-11-01,0.3890735999999987,0.4367718406695543,0.04769824066955566,13.478633333333333,30,5050,COLOMERA
2000-12-01,5.152971200000001,5.187705795871298,0.0347345958712962,14.669548387096775,31,5050,COLOMERA
2001-01-01,11.993036799999999,12.041127138333255,0.04809033833325602,23.93667741935484,31,5050,COLOMERA
2001-02-01,7.681000000000001,7.770323869742755,0.08932386974275348,35.34482142857143,28,5050,COLOMERA
2001-03-01,13.277736000000003,13.452289590635313,0.17455359063531156,41.75141935483871,31,5050,COLOMERA
2001-04-01,2.923956799999998,3.1325366571516944,0.20857985715169675,41.821733333333334,30,5050,COLOMERA
2001-05-01,2.240963199999997,2.5552723106491064,0.3143091106491096,41.77151612903226,31,5050,COLOMERA
2001-06-01,1.2881968000000024,1.7037759704365003,0.415579170436498,41.58433333333333,30,5050,COLOMERA
2001-07-01,0.7477472000000027,1.2440744514632862,0.4963272514632835,40.53377419354839,31,5050,COLOMERA
2001-08-01,0.41914880000000027,0.8511347325309279,0.4319859325309276,37.34241935483871,31,5050,COLOMERA
2001-09-01,0.5060159999999974,0.7662361603751678,0.2602201603751705,31.3023,30,5050,COLOMERA
2001-10-01,0.7750000000000021,0.9284858075842202,0.153485807584218,31.247645161290322,31,5050,COLOMERA
2001-11-01,0.5029999999999966,0.5878150044376095,0.08481500443761297,31.959333333333333,30,5050,COLOMERA
2001-12-01,1.0389744000000036,1.0980689700914712,0.05909457009146752,32.5081935483871,31,5050,COLOMERA
2002-01-01,1.0260367999999986,1.086594254179304,0.06055745417930557,33.72251612903226,31,5050,COLOMERA
2002-02-01,0.7089999999999961,0.7970709215439857,0.08807092154398963,34.582928571428575,28,5050,COLOMERA
2002-03-01,2.020000000000003,2.177867588664685,0.1578675886646819,35.910322580645165,31,5050,COLOMERA
2002-04-01,3.8740000000000023,4.072807008697473,0.1988070086974703,38.924933333333335,30,5050,COLOMERA
2002-05-01,1.0700367999999965,1.3832079131524342,0.3131711131524378,41.54512903225806,31,5050,COLOMERA
2002-06-01,0.12905440000000284,0.5420529702429158,0.41299857024291287,41.1987,30,5050,COLOMERA
2002-07-01,0.600068799999997,1.0735450390785521,0.4734762390785552,37.77329032258064,31,5050,COLOMERA
2002-08-01,0.03552960000000077,0.4322932863171254,0.3967636863171246,32.86670967741935,31,5050,COLOMERA
2002-09-01,0.37720959999999937,0.6284297681461993,0.25122016814619985,29.689166666666665,30,5050,COLOMERA
2002-10-01,0.4220000000000006,0.5709015247574252,0.14890152475742452,29.857967741935482,31,5050,COLOMERA
2002-11-01,0.6799999999999997,0.7617823756217672,0.08178237562176748,30.2608,30,5050,COLOMERA
2002-12-01,1.152000000000001,1.2093838772206353,0.05738387722063426,31.106967741935485,31,5050,COLOMERA
2003-01-01,4.006036800000002,4.066512135513683,0.060475335513680346,33.66167741935484,31,5050,COLOMERA
2003-02-01,4.501999999999995,4.595102080300627,0.09310208030063238,37.594249999999995,28,5050,COLOMERA
2003-03-01,3.5660672000000018,3.740674407463235,0.1746072074632331,41.76845161290322,31,5050,COLOMERA
2003-04-01,1.6247167999999987,1.8331966875993109,0.20847988759931219,41.791666666666664,30,5050,COLOMERA
2003-05-01,0.8734687999999986,1.187574496303623,0.31410569630362445,41.73096774193549,31,5050,COLOMERA
2003-06-01,0.41817120000000096,0.8324727649196559,0.41430156491965503,41.3934,30,5050,COLOMERA
2003-07-01,0.23123040000000156,0.7048965215668243,0.47366612156682264,37.796516129032256,31,5050,COLOMERA
2003-08-01,0.15069440000000106,0.5499505996875311,0.3992561996875301,33.1731935483871,31,5050,COLOMERA
2003-09-01,0.2046960000000005,0.45704504336279356,0.25234904336279307,29.89016666666667,30,5050,COLOMERA
2003-10-01,0.8688815999999997,1.0178404061502204,0.1489588061502206,29.875419354838712,31,5050,COLOMERA
2003-11-01,1.3599280000000007,1.4431405587934754,0.08321255879347454,31.058433333333333,30,5050,COLOMERA
2003-12-01,1.9030528000000002,1.9623350885930748,0.05928228859307465,32.6641935483871,31,5050,COLOMERA
2004-01-01,1.6934896000000002,1.7543167161993498,0.060827116199349655,33.94841935483871,31,5050,COLOMERA
2004-02-01,2.128712,2.2219895865076276,0.09327758650762737,35.76289655172414,29,5050,COLOMERA
2004-03-01,3.4563903999999956,3.621284474567584,0.1648940745675882,38.334548387096774,31,5050,COLOMERA
2004-04-01,2.522200000000005,2.730132947792918,0.207932947792913,41.627833333333335,30,5050,COLOMERA
2004-05-01,2.662100799999999,2.976841512197343,0.31474071219734434,41.85758064516129,31,5050,COLOMERA
2004-06-01,1.5381391999999958,1.9549825169174575,0.4168433169174616,41.774166666666666,30,5050,COLOMERA
2004-07-01,1.0119712000000052,1.5126201778810213,0.500648977881016,41.0648064516129,31,5050,COLOMERA
2004-08-01,0.23641280000000134,0.6709370852719229,0.43452428527192155,37.66125806451613,31,5050,COLOMERA
2004-09-01,0.5346272000000014,0.809874520437492,0.2752473204374907,34.05093333333333,30,5050,COLOMERA
2004-10-01,0.34552639999999646,0.5060295638191307,0.16050316381913424,33.414580645161294,31,5050,COLOMERA
2004-11-01,0.39367360000000046,0.48153854170796095,0.08786494170796048,33.69853333333334,30,5050,COLOMERA
2004-12-01,0.5674896000000025,0.6284744666399088,0.060984866639906314,34.0798064516129,31,5050,COLOMERA
2005-01-01,0.4823903999999992,0.5438533243596071,0.06146292435960788,34.48132258064516,31,5050,COLOMERA
2005-02-01,0.33946719999999897,0.4278006584704505,0.08833345847045154,34.7375,28,5050,COLOMERA
2005-03-01,0.7103679999999967,0.8659842310544555,0.15561623105445882,35.142870967741935,31,5050,COLOMERA
2005-04-01,0.1834272,0.37013486997976247,0.18670766997976246,35.41903333333333,30,5050,COLOMERA
2005-05-01,-0.0006703999999973682,0.27531499883021454,0.27598539883021195,34.372,31,5050,COLOMERA
2005-06-01,-0.08533280000000049,0.2654946367197055,0.350827436719706,32.255966666666666,30,5050,COLOMERA
2005-07-01,-0.12691839999999965,0.263039200041208,0.3899576000412076,28.2578064516129,31,5050,COLOMERA
2005-08-01,0.07734240000000164,0.3669086064093814,0.28956620640937974,20.510774193548386,31,5050,COLOMERA
2005-09-01,0.1709504000000014,0.3441095798280522,0.1731591798280508,16.990833333333335,30,5050,COLOMERA
2005-10-01,0.11539039999999834,0.21654208376858988,0.10115168376859157,16.717451612903226,31,5050,COLOMERA
2005-11-01,0.2792479999999999,0.33445794348815777,0.05520994348815783,16.7847,30,5050,COLOMERA
2005-12-01,0.3064367999999992,0.3446440452137828,0.0382072452137836,16.899838709677418,31,5050,COLOMERA
2006-01-01,0.30345280000000235,0.341903448685814,0.038450648685811654,17.06158064516129,31,5050,COLOMERA
2006-02-01,0.4215200000000003,0.47693845923366224,0.055418459233661975,17.26214285714286,28,5050,COLOMERA
2006-03-01,1.1092431999999994,1.2083156067608671,0.09907240676086769,17.852677419354837,31,5050,COLOMERA
2006-04-01,0.8024463999999973,0.9248687593782522,0.12242235937825476,18.805799999999998,30,5050,COLOMERA
2006-05-01,0.42870880000000144,0.616341382953943,0.18763258295394167,19.2668064516129,31,5050,COLOMERA
2006-06-01,-0.006761600000000766,0.2342382747672804,0.24099987476728116,18.365333333333336,30,5050,COLOMERA
2006-07-01,-0.13966560000000044,0.13883570831361045,0.2785013083136109,17.039193548387097,31,5050,COLOMERA
2006-08-01,-0.11092319999999771,0.1066536086995052,0.2175768086995029,13.37241935483871,31,5050,COLOMERA
2006-09-01,0.09888960000000009,0.21513118875730938,0.11624158875730928,9.348,30,5050,COLOMERA
2006-10-01,0.22031360000000008,0.2876244802309864,0.06731088023098633,9.074838709677419,31,5050,COLOMERA
2006-11-01,0.32029279999999916,0.35734703999262535,0.03705423999262617,9.228833333333334,30,5050,COLOMERA
2006-12-01,0.2792799999999999,0.30507145625814047,0.025791456258140565,9.373,31,5050,COLOMERA
2007-01-01,0.3405360000000005,0.3666336092227551,0.02609760922275457,9.540387096774193,31,5050,COLOMERA
2007-02-01,0.3463424000000002,0.3843099964516671,0.037967596451666856,9.788892857142857,28,5050,COLOMERA
2007-03-01,0.3072975999999998,0.3745226733417444,0.06722507334174456,9.978193548387097,31,5050,COLOMERA
2007-04-01,0.3793359999999992,0.4606911954308496,0.08135519543085039,10.187666666666667,30,5050,COLOMERA
2007-05-01,0.4482704000000006,0.5735251722899659,0.1252547722899653,10.50848387096774,31,5050,COLOMERA
2007-06-01,0.09814239999999919,0.24472796673214453,0.14658556673214534,8.712766666666665,30,5050,COLOMERA
2007-07-01,0.005288000000000587,0.16863757467237372,0.16334957467237315,7.655129032258064,31,5050,COLOMERA
2007-08-01,0.013025600000000186,0.15185346155522123,0.13882786155522103,6.801129032258065,31,5050,COLOMERA
2007-09-01,0.3607376000000006,0.4513588043281206,0.09062120432811997,6.432233333333333,30,5050,COLOMERA
2007-10-01,0.28558719999999993,0.3397480482239273,0.054160848223927346,6.550000000000001,31,5050,COLOMERA
2007-11-01,0.2443536,0.27426221068741635,0.029908610687416345,6.692433333333333,30,5050,COLOMERA
2007-12-01,0.28832800000000003,0.30921510658066603,0.020887106580665976,6.8309999999999995,31,5050,COLOMERA
2008-01-01,0.3764255999999993,0.3977802460142252,0.021354646014225844,7.061677419354839,31,5050,COLOMERA
2008-02-01,0.28133280000000027,0.31345950859196325,0.03212670859196301,7.228586206896551,29,5050,COLOMERA
2008-03-01,0.2183344000000002,0.2733355087317501,0.05500110873174989,7.384354838709677,31,5050,COLOMERA
2008-04-01,0.7733055999999993,0.8409443872282031,0.06763878722820386,7.724333333333334,30,5050,COLOMERA
2008-05-01,0.45333920000000016,0.5600128076490155,0.10667360764901532,8.259225806451614,31,5050,COLOMERA
2008-06-01,0.23645120000000117,0.3793495685798413,0.14289836857984012,8.384833333333335,30,5050,COLOMERA
2008-07-01,0.5071423999999991,0.671331563782895,0.16418916378289594,7.7180322580645155,31,5050,COLOMERA
2008-08-01,0.1218768000000009,0.2482606481503687,0.1263838481503678,5.913354838709677,31,5050,COLOMERA
2008-09-01,0.058655999999999486,0.13343634112017655,0.07478034112017705,4.8219666666666665,30,5050,COLOMERA
2008-10-01,0.23425440000000042,0.27818554627574676,0.04393114627574635,4.784903225806452,31,5050,COLOMERA
2008-11-01,0.5283311999999996,0.5534402405944023,0.025109040594402703,5.148066666666667,30,5050,COLOMERA
2008-12-01,0.7823056000000005,0.8006044401431984,0.018298840143197978,5.602903225806451,31,5050,COLOMERA
2009-01-01,1.6253023999999994,1.6454197285123688,0.020117328512369383,6.460967741935484,31,5050,COLOMERA
2009-02-01,8.4893088,8.535702584946133,0.04639378494613257,13.309,28,5050,COLOMERA
2009-03-01,7.1712304,7.27931727057821,0.10808687057821063,20.382387096774195,31,5050,COLOMERA
2009-04-01,2.2512575999999993,2.395298460427054,0.14404086042705475,24.003333333333334,30,5050,COLOMERA
2009-05-01,0.9422944000000005,1.168387875902496,0.2260934759024953,25.484903225806452,31,5050,COLOMERA
2009-06-01,0.3413568000000015,0.6448216387754554,0.3034648387754539,25.948466666666665,30,5050,COLOMERA
2009-07-01,-0.19941440000000005,0.1664395590246971,0.36585395902469714,25.652354838709677,31,5050,COLOMERA
2009-08-01,1.0349359999999996,1.3670352538561512,0.3320992538561517,25.160838709677417,31,5050,COLOMERA
2009-09-01,-0.04609120000000011,0.1647151834114526,0.21080638341145272,22.823666666666668,30,5050,COLOMERA
2009-10-01,0.5334271999999999,0.6568776093808882,0.1234504093808883,22.53993548387097,31,5050,COLOMERA
2009-11-01,0.3577472000000002,0.425536315975044,0.06778911597504382,22.8364,30,5050,COLOMERA
2009-12-01,15.2951872,15.346443984997098,0.051256784997096405,26.402709677419356,31,5050,COLOMERA
2010-01-01,14.177928000000001,14.245935949165421,0.06800794916541927,40.13322580645162,31,5050,COLOMERA
2010-02-01,26.162092800000003,26.25945948914727,0.09736668914726813,40.2,28,5050,COLOMERA
2010-03-01,20.695824,20.86603268591534,0.17020868591533717,40.2,31,5050,COLOMERA
2010-04-01,2.058912,2.262064302544112,0.2031523025441121,40.2,30,5050,COLOMERA
2010-05-01,1.1760768000000001,1.4824524346476071,0.306375634647607,40.2,31,5050,COLOMERA
2010-06-01,0.10679040000000001,0.5130810787464101,0.40629067874641006,40.19793333333334,30,5050,COLOMERA
2010-07-01,0.0340416,0.5276467891544777,0.49360518915447776,40.2,31,5050,COLOMERA
2010-08-01,0.01726399999999749,0.47022597060869425,0.45296197060869675,40.077,31,5050,COLOMERA
2010-09-01,-0.24674240000000064,0.04591827580964452,0.29266067580964517,37.33533333333333,30,5050,COLOMERA
2010-10-01,0.550672000000004,0.7182397171002148,0.1675677171002107,35.64483870967742,31,5050,COLOMERA
2010-11-01,1.0655903999999954,1.1578625042582729,0.09227210425827759,36.26573333333333,30,5050,COLOMERA
2010-12-01,8.342072000000003,8.404277495587507,0.062205495587504656,35.1216129032258,31,5050,COLOMERA
2011-01-01,13.033009599999998,13.097550502753036,0.06454090275303793,37.12916129032258,31,5050,COLOMERA
2011-02-01,8.918671999999999,9.008841274052315,0.09016927405231602,35.83342857142857,28,5050,COLOMERA
2011-03-01,8.045092800000006,8.199274382628634,0.15418158262862736,34.66983870967742,31,5050,COLOMERA
2011-04-01,3.3039023999999997,3.5032581926517556,0.19935579265175607,39.08156666666667,30,5050,COLOMERA
2011-05-01,3.4471008000000003,3.7534764346476073,0.306375634647607,40.2,31,5050,COLOMERA
2011-06-01,0.9893983999999943,1.3951822383579573,0.40578383835796294,40.1228,30,5050,COLOMERA
2011-07-01,-0.0758479999999967,0.41049692244938524,0.48634492244938193,39.316645161290324,31,5050,COLOMERA
2011-08-01,0.22419039999999646,0.661733119730439,0.43754271973044256,38.04874193548387,31,5050,COLOMERA
2011-09-01,0.10989600000000645,0.3926043400107579,0.2827083400107514,35.44756666666667,30,5050,COLOMERA
2011-10-01,0.38783680000000054,0.5472886641390876,0.15945186413908705,33.08693548387097,31,5050,COLOMERA
2011-11-01,1.2552319999999957,1.343551752158994,0.0883197521589982,33.961,30,5050,COLOMERA
2011-12-01,0.6882063999999977,0.7498717802154858,0.061665380215488126,34.65193548387097,31,5050,COLOMERA
2012-01-01,0.6542064000000058,0.7164133953548278,0.06220699535482196,35.109419354838714,31,5050,COLOMERA
2012-02-01,0.4492575999999961,0.5423943996539575,0.09313679965396145,35.68065517241379,29,5050,COLOMERA
2012-03-01,0.41220640000000147,0.5701142646553706,0.15790786465536916,35.92193548387097,31,5050,COLOMERA
2012-04-01,0.6042319999999994,0.7939475006717079,0.1897155006717085,36.2785,30,5050,COLOMERA
2012-05-01,0.6842064,0.9736555248468882,0.28944912484688823,36.915129032258065,31,5050,COLOMERA
2012-06-01,-0.05832479999999793,0.3232150690051525,0.38153986900515047,36.581966666666666,30,5050,COLOMERA
2012-07-01,-0.2018687999999988,0.24341371343801388,0.4452825134380127,34.44745161290323,31,5050,COLOMERA
2012-08-01,-0.1612992000000034,0.2196105248936559,0.3809097248936593,30.912225806451612,31,5050,COLOMERA
2012-09-01,0.6102464000000021,0.8449993478481581,0.23475294784815592,26.8282,30,5050,COLOMERA
2012-10-01,0.5292655999999996,0.6628065246751969,0.13354092467519724,25.359096774193546,31,5050,COLOMERA
2012-11-01,7.7882560000000005,7.86969816511347,0.08144216511347024,30.109066666666667,30,5050,COLOMERA
2012-12-01,2.674206400000002,2.7358334910395548,0.06162709103955296,34.62216129032258,31,5050,COLOMERA
2013-01-01,10.300812799999997,10.365340004427901,0.06452720442790336,37.094967741935484,31,5050,COLOMERA
2013-02-01,7.505585600000002,7.5988248911120735,0.09323929111207152,37.67396428571429,28,5050,COLOMERA
2013-03-01,24.870569600000003,25.031889636190638,0.16132003619063598,37.127806451612905,31,5050,COLOMERA
2013-04-01,10.629648000000003,10.831975209276743,0.2023272092767412,39.956133333333334,30,5050,COLOMERA
2013-05-01,2.446753599999999,2.752507881858984,0.30575428185898473,40.07790322580645,31,5050,COLOMERA
2013-06-01,1.5607376000000008,1.967032320806617,0.4062947208066161,40.19853333333334,30,5050,COLOMERA
2013-07-01,0.24865920000000002,0.7422643891544778,0.49360518915447776,40.2,31,5050,COLOMERA
2013-08-01,0.14895360000000002,0.6027897636034409,0.4538361636034409,40.19287096774194,31,5050,COLOMERA
2013-09-01,1.0146159999999982,1.30822219810824,0.29360619810824207,37.5216,30,5050,COLOMERA
2013-10-01,0.5622064,0.7331273741414445,0.17092097414144436,36.720129032258065,31,5050,COLOMERA
2013-11-01,0.5782319999999961,0.6719771418906502,0.0937451418906541,37.1374,30,5050,COLOMERA
2013-12-01,0.7275408000000034,0.7923596799293733,0.06481887992936984,37.344,31,5050,COLOMERA
2014-01-01,1.961577599999997,2.024508247051272,0.06293064705127496,35.724,31,5050,COLOMERA
2014-02-01,5.720961600000002,5.811569295183573,0.09060769518357083,36.09135714285714,28,5050,COLOMERA
2014-03-01,5.556504,5.71999169752631,0.1634876975263098,37.847806451612904,31,5050,COLOMERA
2014-04-01,1.9168672000000035,2.119054895430046,0.20218769543004217,39.91473333333333,30,5050,COLOMERA
2014-05-01,0.9550656000000001,1.261441234647607,0.306375634647607,40.2,31,5050,COLOMERA
2014-06-01,0.5333983999999976,0.9388789428949222,0.4054805428949247,40.0778,30,5050,COLOMERA
2014-07-01,0.18304479999999695,0.6654277998479691,0.48238299984797206,38.83980645161291,31,5050,COLOMERA
2014-08-01,-0.03803039999999952,0.37639674213925856,0.4144271421392581,35.0798064516129,31,5050,COLOMERA
2014-09-01,0.09984640000000079,0.3606111626725149,0.2607647626725141,31.400066666666664,30,5050,COLOMERA
2014-10-01,1.1311056000000026,1.2836860166253399,0.15258041662533722,30.97132258064516,31,5050,COLOMERA
2014-11-01,0.8532959999999977,0.9372347211770052,0.08393872117700749,31.465466666666664,30,5050,COLOMERA
2014-12-01,1.060854399999999,1.119344260428892,0.058489860428892794,32.00993548387097,31,5050,COLOMERA
2015-01-01,1.1240752000000058,1.1830316445407258,0.058956444540720014,32.39383870967742,31,5050,COLOMERA
2015-02-01,1.958023999999997,2.043970680865763,0.0859466808657662,33.33942857142857,28,5050,COLOMERA
2015-03-01,1.468827199999997,1.6210074467219917,0.1521802467219948,33.98541935483871,31,5050,COLOMERA
2015-04-01,0.7129439999999995,0.8963050783556253,0.1833610783556258,34.471066666666665,30,5050,COLOMERA
2015-05-01,2.760166400000003,3.0369242153292566,0.2767578153292537,34.51422580645161,31,5050,COLOMERA
2015-06-01,0.09296800000000258,0.4522302869825344,0.3592622869825319,33.42613333333333,30,5050,COLOMERA
2015-07-01,-0.2919008000000004,0.1109392857369085,0.40284008573690894,29.649193548387096,31,5050,COLOMERA
2015-08-01,0.1892319999999982,0.5199059126693675,0.3306739126693693,25.00916129032258,31,5050,COLOMERA
2015-09-01,0.7958096000000021,0.9986524584260271,0.20284285842602495,21.541866666666667,30,5050,COLOMERA
2015-10-01,0.2748095999999999,0.3932307280882387,0.11842112808823885,21.176516129032258,31,5050,COLOMERA
2015-11-01,0.34684799999999927,0.4117283406750934,0.06488034067509413,21.38243333333333,30,5050,COLOMERA
2015-12-01,0.2484351999999994,0.29321042668768765,0.04477522668768823,21.439774193548388,31,5050,COLOMERA
2016-01-01,0.4049503999999989,0.4499229035453166,0.04497250354531774,21.58164516129032,31,5050,COLOMERA
2016-02-01,0.7499536000000007,0.8172063406420215,0.06725274064202084,21.893793103448274,29,5050,COLOMERA
2016-03-01,0.4759504000000004,0.5910500798709997,0.11509967987099934,22.354548387096774,31,5050,COLOMERA
2016-04-01,0.8139519999999992,0.9533097758948055,0.1393577758948062,22.839966666666665,30,5050,COLOMERA
2016-05-01,0.5349024000000016,0.7469675918210966,0.21206519182109512,23.14993548387097,31,5050,COLOMERA
2016-06-01,0.09792800000000088,0.37160183468069413,0.27367383468069323,22.224733333333333,30,5050,COLOMERA
2016-07-01,-0.03632960000000095,0.27092506670340244,0.3072546667034034,19.75190322580645,31,5050,COLOMERA
2016-08-01,0.0413455999999999,0.2790058189296812,0.2376602189296813,15.252548387096775,31,5050,COLOMERA
2016-09-01,0.3168608000000002,0.4555138141902357,0.13865301419023546,12.1753,30,5050,COLOMERA
2016-10-01,0.31594400000000045,0.3947763971638558,0.07883239716385533,11.501870967741935,31,5050,COLOMERA
2016-11-01,0.38295839999999876,0.42598783859532974,0.043029438595331,11.548833333333333,30,5050,COLOMERA
2016-12-01,0.35405120000000084,0.38408878229174986,0.030037582291749052,11.780451612903226,31,5050,COLOMERA
2017-01-01,0.33827200000000057,0.36851138555804974,0.030239385558049156,11.899354838709677,31,5050,COLOMERA
2017-02-01,0.4505359999999997,0.494264839720326,0.04372883972032627,12.099464285714287,28,5050,COLOMERA
2017-03-01,0.5493759999999991,0.6273952047684641,0.07801920476846512,12.475612903225807,31,5050,COLOMERA
2017-04-01,0.2686272000000008,0.3625434210250721,0.09391622102507133,12.635866666666665,30,5050,COLOMERA
2017-05-01,0.06467680000000049,0.20255529495925034,0.13787849495924986,12.137258064516129,31,5050,COLOMERA
2017-06-01,-0.012286400000001394,0.15828825595835608,0.17057465595835747,10.939166666666667,30,5050,COLOMERA
2017-07-01,0.013070400000001418,0.19350338876643186,0.18043298876643046,8.889096774193549,31,5050,COLOMERA
2017-08-01,0.05512959999999932,0.19935100566640346,0.14422140566640412,7.2057419354838705,31,5050,COLOMERA
2017-09-01,0.10694240000000053,0.19505761620875872,0.0881152162087582,6.167433333333333,30,5050,COLOMERA
2017-10-01,0.1787951999999997,0.23022984407995922,0.0514346440799595,6.061709677419355,31,5050,COLOMERA
2017-11-01,0.18103519999999976,0.2092252995760411,0.02819009957604133,6.123966666666666,30,5050,COLOMERA
2017-12-01,0.26028000000000007,0.28002619106532695,0.019746191065326865,6.279032258064516,31,5050,COLOMERA
2018-01-01,0.2828336,0.3029861438339496,0.020152543833949554,6.473838709677419,31,5050,COLOMERA
2018-02-01,0.3419600000000001,0.37134089888662186,0.029380898886621782,6.6636428571428565,28,5050,COLOMERA
2018-03-01,14.7532048,14.836479057631355,0.08327425763135307,14.046870967741935,31,5050,COLOMERA
2018-04-01,6.2806,6.427184841763978,0.14658484176397835,24.666766666666668,30,5050,COLOMERA
2018-05-01,2.5878111999999986,2.8337266884752,0.24591548847520145,28.91132258064516,31,5050,COLOMERA
2018-06-01,0.7762048000000011,1.1125437180310451,0.336338918031044,30.2772,30,5050,COLOMERA
2018-07-01,0.05157919999999907,0.44929583356505826,0.3977166335650592,29.076870967741936,31,5050,COLOMERA
2018-08-01,0.5338784000000002,0.8782526343149901,0.3443742343149899,26.573645161290322,31,5050,COLOMERA
2018-09-01,0.43196640000000036,0.6469911883356835,0.21502478833568314,23.510933333333334,30,5050,COLOMERA
2018-10-01,0.8219023999999996,0.9480734628206442,0.1261710628206446,23.289032258064516,31,5050,COLOMERA
2018-11-01,1.1977728000000014,1.267635880811302,0.0698630808113006,23.8932,30,5050,COLOMERA
2018-12-01,0.6699199999999979,0.719335564992467,0.049415564992469165,24.857774193548387,31,5050,COLOMERA
2019-01-01,0.7147232000000032,0.7647645327061287,0.050041332706125465,25.331419354838708,31,5050,COLOMERA
2019-02-01,1.627671999999999,1.7019595015851576,0.07428750158515884,26.791249999999998,28,5050,COLOMERA
2019-03-01,0.5564447999999989,0.6880200379125513,0.13157523791255246,27.322193548387094,31,5050,COLOMERA
2019-04-01,1.0624464000000005,1.2215429121880437,0.15909651218804322,27.860633333333332,30,5050,COLOMERA
2019-05-01,0.26668480000000133,0.5084203273379686,0.24173552733796733,28.174967741935482,31,5050,COLOMERA
2019-06-01,-0.026616000000001215,0.2817515440621508,0.308367544062152,26.5817,30,5050,COLOMERA
2019-07-01,0.07418560000000228,0.41976819105268204,0.34558259105267974,23.564064516129033,31,5050,COLOMERA
2019-08-01,0.04916799999999888,0.32004218964377484,0.27087418964377596,18.552290322580646,31,5050,COLOMERA
2019-09-01,0.7735487999999993,0.9394569007126372,0.1659081007126381,15.933766666666665,30,5050,COLOMERA
2019-10-01,0.13017440000000036,0.22594629861137372,0.09577189861137336,15.401709677419355,31,5050,COLOMERA
2019-11-01,1.1179568000000002,1.170612157243746,0.052655357243745725,15.634766666666668,30,5050,COLOMERA
2019-12-01,3.672392000000001,3.7114130857627448,0.0390210857627433,17.461645161290324,31,5050,COLOMERA
2020-01-01,1.454355199999999,1.4974573120614822,0.0431021120614833,20.250290322580646,31,5050,COLOMERA
2020-02-01,0.9025920000000011,0.9687574097490028,0.06616540974900179,21.36503448275862,29,5050,COLOMERA
2020-03-01,0.799279999999999,0.9129425101682052,0.11366251016820623,21.937258064516126,31,5050,COLOMERA
2020-04-01,0.7273680000000012,0.8653298631178914,0.13796186311789016,22.497533333333333,30,5050,COLOMERA
2020-05-01,0.5990079999999992,0.8091469315074743,0.21013893150747506,22.83525806451613,31,5050,COLOMERA
2020-06-01,0.0755088000000007,0.34726507261298295,0.27175627261298224,21.991666666666667,30,5050,COLOMERA
2020-07-01,-0.1510608000000006,0.15286348055822843,0.30392428055822907,19.429387096774196,31,5050,COLOMERA
2020-08-01,-0.17227360000000042,0.07495485746561142,0.24722845746561184,16.169645161290322,31,5050,COLOMERA
2020-09-01,-0.005142399999999339,0.14209165213974165,0.147234052139741,13.324833333333334,30,5050,COLOMERA
2020-10-01,0.29712800000000034,0.38062432582448885,0.08349632582448849,12.537516129032259,31,5050,COLOMERA
2020-11-01,0.42239519999999897,0.468096105011603,0.045700905011604,12.640833333333335,30,5050,COLOMERA
2020-12-01,0.569496000000001,0.6014671141005857,0.03197111410058471,12.936129032258064,31,5050,COLOMERA
2021-01-01,1.5908959999999985,1.624048742697114,0.033152742697115434,13.661838709677419,31,5050,COLOMERA
2021-02-01,2.6237280000000025,2.6755674983184,0.05183949831839737,15.62492857142857,28,5050,COLOMERA
2021-03-01,1.1294511999999992,1.2265791697578519,0.09712796975785246,17.32951612903226,31,5050,COLOMERA
2021-04-01,0.6830991999999986,0.8017288565422883,0.1186296565422897,17.938533333333332,30,5050,COLOMERA
2021-05-01,0.9634832000000005,1.1380676438285784,0.17458444382857796,17.294709677419355,31,5050,COLOMERA
2021-06-01,0.856948800000001,1.0643076914463343,0.2073588914463333,14.666766666666666,30,5050,COLOMERA
2021-07-01,-0.09576960000000122,0.11249538849293386,0.2082649884929351,11.035580645161291,31,5050,COLOMERA
2021-08-01,-0.060291199999999046,0.08672293556864356,0.14701413556864262,7.429645161290322,31,5050,COLOMERA
2021-09-01,-0.055486400000000505,0.02487502254046948,0.08303568832607752,5.6433,29,5050,COLOMERA
1993-09-01,0.26319200000000004,0.439164229397882,0.18653142007983034,7.6931111111111115,17,5060,SAN CLEMENTE
1993-10-01,0.5576688000000004,0.7187745872472504,0.16110578724725005,6.3301612903225815,31,5060,SAN CLEMENTE
1993-11-01,0.5718192000000001,0.651029919845709,0.07921071984570888,5.432033333333334,30,5060,SAN CLEMENTE
1993-12-01,0.5609663999999996,0.6037989582575894,0.042832558257589845,3.7859677419354836,31,5060,SAN CLEMENTE
1994-01-01,0.7801248000000002,0.8096372561275464,0.02951245612754633,2.1754838709677418,31,5060,SAN CLEMENTE
1994-02-01,1.1965648,1.238791797892126,0.04222699789212591,2.16925,28,5060,SAN CLEMENTE
1994-03-01,1.1422768000000003,1.243086586995499,0.1008097869954988,3.452064516129032,31,5060,SAN CLEMENTE
1994-04-01,0.6520751999999999,0.7836561952089423,0.13158099520894248,3.9440999999999997,30,5060,SAN CLEMENTE
1994-05-01,0.5230416000000001,0.7168013258152367,0.1937597258152366,3.805483870967742,31,5060,SAN CLEMENTE
1994-06-01,0.4492351999999999,0.6839691025373746,0.23473390253737483,3.3251666666666666,30,5060,SAN CLEMENTE
1994-07-01,0.38778080000000026,0.619726669234581,0.23194586923458066,2.442064516129032,31,5060,SAN CLEMENTE
1994-08-01,0.38020800000000016,0.5493000164527829,0.1690920164527827,1.7218387096774195,31,5060,SAN CLEMENTE
1994-09-01,0.3802608,0.49068338508013254,0.11042258508013257,1.6283666666666667,30,5060,SAN CLEMENTE
1994-10-01,0.8670032000000001,0.942186737219769,0.07518353721976886,2.0210967741935484,31,5060,SAN CLEMENTE
1994-11-01,0.6303807999999997,0.6799228349512771,0.04954203495127739,2.6868,30,5060,SAN CLEMENTE
1994-12-01,0.41245440000000005,0.4498016429643219,0.03734724296432186,3.0743225806451613,31,5060,SAN CLEMENTE
1995-01-01,0.46035519999999985,0.5003384862100144,0.03998328621001461,3.405516129032258,31,5060,SAN CLEMENTE
1995-02-01,0.34039359999999996,0.40056751164570636,0.06017391164570639,3.676142857142857,28,5060,SAN CLEMENTE
1995-03-01,0.7639663999999999,0.8780720732115098,0.11410567321150983,4.154709677419355,31,5060,SAN CLEMENTE
1995-04-01,0.23736960000000007,0.37985262204912623,0.14248302204912616,4.444100000000001,30,5060,SAN CLEMENTE
1995-05-01,0.23404160000000054,0.4437487498700634,0.20970714987006286,4.2854193548387105,31,5060,SAN CLEMENTE
1995-06-01,0.31130879999999983,0.5638184608284021,0.2525096608284023,3.7081,30,5060,SAN CLEMENTE
1995-07-01,0.2730559999999998,0.5593693552210661,0.2863133552210664,3.3443225806451613,31,5060,SAN CLEMENTE
1995-08-01,0.45927200000000007,0.6765464530103421,0.21727445301034207,2.508677419354839,31,5060,SAN CLEMENTE
1995-09-01,0.24750560000000033,0.3772288614874821,0.12972326148748178,2.0743666666666667,30,5060,SAN CLEMENTE
1995-10-01,0.35008959999999995,0.4259505911023461,0.07586099110234616,2.043806451612903,31,5060,SAN CLEMENTE
1995-11-01,0.3362688000000002,0.3802692910593981,0.04400049105939793,2.2479,30,5060,SAN CLEMENTE
1995-12-01,4.6542319999999995,4.690979674156127,0.036747674156127265,3.059548387096774,31,5060,SAN CLEMENTE
1996-01-01,9.8702432,9.97262691565527,0.10238371565527099,14.02058064516129,31,5060,SAN CLEMENTE
1996-02-01,6.818377599999998,7.020014605539119,0.2016370055391209,21.429517241379312,29,5060,SAN CLEMENTE
1996-03-01,3.182947200000001,3.5467975184829097,0.3638503184829088,23.64874193548387,31,5060,SAN CLEMENTE
1996-04-01,2.725686400000001,3.1786998915292948,0.4530134915292938,25.194833333333335,30,5060,SAN CLEMENTE
1996-05-01,3.5801695999999996,4.260148796197874,0.679979196197874,25.017225806451613,31,5060,SAN CLEMENTE
1996-06-01,1.3616624000000017,2.2418755078661823,0.8802131078661803,24.126666666666665,30,5060,SAN CLEMENTE
1996-07-01,1.105089599999999,2.129869752685952,1.024780152685953,22.634677419354837,31,5060,SAN CLEMENTE
1996-08-01,0.8808672000000007,1.780690536668206,0.8998233366682051,21.120967741935484,31,5060,SAN CLEMENTE
1996-09-01,1.3327567999999992,1.9211799290947755,0.5884231290947762,20.03076666666667,30,5060,SAN CLEMENTE
1996-10-01,0.9080272000000006,1.2468340515808667,0.33880685158086604,19.28832258064516,31,5060,SAN CLEMENTE
1996-11-01,2.003751999999998,2.1860550988691614,0.18230309886916307,18.9557,30,5060,SAN CLEMENTE
1996-12-01,6.411934400000002,6.545110487019594,0.1331760870195931,20.714548387096773,31,5060,SAN CLEMENTE
1997-01-01,17.629198399999996,17.801181577662145,0.17198317766214946,30.467709677419357,31,5060,SAN CLEMENTE
1997-02-01,4.174993600000002,4.452705218519998,0.27771161851999504,36.446214285714284,28,5060,SAN CLEMENTE
1997-03-01,2.1930160000000027,2.658795973329628,0.46577997332962534,34.25409677419355,31,5060,SAN CLEMENTE
1997-04-01,1.965902399999999,2.4916066408176905,0.5257042408176916,31.4986,30,5060,SAN CLEMENTE
1997-05-01,1.801862399999998,2.5528569236030907,0.7509945236030925,29.038548387096775,31,5060,SAN CLEMENTE
1997-06-01,0.6891280000000009,1.6376686020911992,0.9485406020911985,26.99363333333333,30,5060,SAN CLEMENTE
1997-07-01,0.775915200000001,1.8158755863695055,1.0399603863695046,23.149,31,5060,SAN CLEMENTE
1997-08-01,0.5699679999999989,1.400084588582928,0.8301165885829292,18.727354838709676,31,5060,SAN CLEMENTE
1997-09-01,0.8573376000000019,1.3365721878649468,0.4792345878649449,14.733666666666666,30,5060,SAN CLEMENTE
1997-10-01,0.8790496000000002,1.1265717388022924,0.2475221388022923,12.056645161290321,31,5060,SAN CLEMENTE
1997-11-01,7.708249600000001,7.812503537384596,0.1042539373845949,8.208433333333334,30,5060,SAN CLEMENTE
1997-12-01,5.6448944,5.715100882670088,0.07020648267008754,7.973774193548388,31,5060,SAN CLEMENTE
1998-01-01,2.5961072,2.688306163514009,0.09219896351400866,11.927000000000001,31,5060,SAN CLEMENTE
1998-02-01,3.0131663999999994,3.162763899540581,0.14959749954058169,14.41717857142857,28,5060,SAN CLEMENTE
1998-03-01,1.5731615999999997,1.8498959257180827,0.2767343257180831,15.685516129032257,31,5060,SAN CLEMENTE
1998-04-01,2.034083200000001,2.3681667709676577,0.3340835709676569,15.955966666666665,30,5060,SAN CLEMENTE
1998-05-01,4.1792479999999985,4.699677412600245,0.5204294126002461,16.754,31,5060,SAN CLEMENTE
1998-06-01,2.1380784000000013,2.8706645853946284,0.7325861853946273,18.318233333333335,30,5060,SAN CLEMENTE
1998-07-01,1.3060608,2.164685753656302,0.8586249536563021,17.36132258064516,31,5060,SAN CLEMENTE
1998-08-01,0.9819568,1.6992542930191203,0.7172974930191205,15.035709677419355,31,5060,SAN CLEMENTE
1998-09-01,1.0233376000000012,1.4696090240102142,0.44627142401021314,13.232366666666667,30,5060,SAN CLEMENTE
1998-10-01,1.0648095999999996,1.3100177021928416,0.2452081021928421,11.877161290322581,31,5060,SAN CLEMENTE
1998-11-01,0.8151967999999996,0.9427036107252134,0.12750681072521372,11.087533333333333,30,5060,SAN CLEMENTE
1998-12-01,1.042504000000001,1.1312544025245206,0.08875040252451956,11.260741935483871,31,5060,SAN CLEMENTE
1999-01-01,1.1160816000000002,1.2062342861327744,0.09015268613277422,11.528677419354839,31,5060,SAN CLEMENTE
1999-02-01,1.0926895999999988,1.223647830524971,0.13095823052497227,11.802035714285713,28,5060,SAN CLEMENTE
1999-03-01,2.1502208000000014,2.38670197258114,0.23648117258113882,12.392032258064516,31,5060,SAN CLEMENTE
1999-04-01,1.8742463999999988,2.1814744080360966,0.30722800803609784,14.071666666666665,30,5060,SAN CLEMENTE
1999-05-01,0.9427120000000015,1.3956048156176215,0.45289281561761985,13.600387096774194,31,5060,SAN CLEMENTE
1999-06-01,0.6776447999999984,1.222244767865096,0.5445999678650976,11.745966666666668,30,5060,SAN CLEMENTE
1999-07-01,0.6981536000000012,1.2734399770808171,0.575286377080816,9.529354838709677,31,5060,SAN CLEMENTE
1999-08-01,0.7025311999999994,1.13395122993486,0.43142002993486067,7.0199354838709676,31,5060,SAN CLEMENTE
1999-09-01,0.6868736000000009,0.9514093918181329,0.2645357918181321,6.037966666666667,30,5060,SAN CLEMENTE
1999-10-01,1.3716096,1.5340562418975874,0.16244664189758737,6.406290322580645,31,5060,SAN CLEMENTE
1999-11-01,0.8532351999999995,0.9494067087032416,0.09617150870324212,7.263066666666666,30,5060,SAN CLEMENTE
1999-12-01,2.0067840000000006,2.0776553067960575,0.07087130679605697,8.039645161290322,31,5060,SAN CLEMENTE
2000-01-01,1.437912,1.5176657702301746,0.07975377023017449,9.593354838709677,31,5060,SAN CLEMENTE
2000-02-01,0.752932799999999,0.8735675622982746,0.1206347622982756,9.899310344827585,29,5060,SAN CLEMENTE
2000-03-01,0.6630208000000004,0.8604039322785091,0.19738313227850873,9.449709677419355,31,5060,SAN CLEMENTE
2000-04-01,1.9059439999999996,2.129483764916006,0.22353976491600638,8.733566666666666,30,5060,SAN CLEMENTE
2000-05-01,1.813100800000001,2.1553545875757822,0.34225378757578123,8.93351612903226,31,5060,SAN CLEMENTE
2000-06-01,0.7349952000000002,1.1708301404876131,0.4358349404876128,8.408,30,5060,SAN CLEMENTE
2000-07-01,0.7088959999999993,1.1746598994850475,0.46576389948504804,6.940870967741936,31,5060,SAN CLEMENTE
2000-08-01,0.6321856000000008,0.9957092451500044,0.3635236451500035,5.428193548387097,31,5060,SAN CLEMENTE
2000-09-01,0.5539055999999993,0.7736589123602844,0.21975331236028506,4.571700000000001,30,5060,SAN CLEMENTE
2000-10-01,0.8737616000000006,1.0073325261951735,0.1335709261951729,4.775612903225807,31,5060,SAN CLEMENTE
2000-11-01,1.8294799999999998,1.9116306647483052,0.08215066474830554,5.739333333333334,30,5060,SAN CLEMENTE
2000-12-01,4.3295696,4.396447381329424,0.06687778132942421,7.3821935483870975,31,5060,SAN CLEMENTE
2001-01-01,8.610793600000001,8.713281172679856,0.10248757267985492,14.010258064516128,31,5060,SAN CLEMENTE
2001-02-01,4.490963199999999,4.684798167429052,0.19383496742905307,21.2595,28,5060,SAN CLEMENTE
2001-03-01,8.3540672,8.756461348579421,0.4023941485794216,27.52567741935484,31,5060,SAN CLEMENTE
2001-04-01,1.8291968000000007,2.3168826153147273,0.48768581531472643,28.143166666666666,30,5060,SAN CLEMENTE
2001-05-01,1.873113600000002,2.5696845084727107,0.6965709084727085,25.93951612903226,31,5060,SAN CLEMENTE
2001-06-01,0.8116735999999987,1.701772625317436,0.8900990253174373,24.534466666666667,30,5060,SAN CLEMENTE
2001-07-01,0.7300816000000023,1.742679669375968,1.0125980693759657,22.235387096774193,31,5060,SAN CLEMENTE
2001-08-01,0.8660223999999973,1.725933504276142,0.8599111042761445,19.73341935483871,31,5060,SAN CLEMENTE
2001-09-01,0.5767072000000003,1.1264422151205957,0.5497350151205955,18.089133333333333,30,5060,SAN CLEMENTE
2001-10-01,0.6558784000000002,0.9689529787266863,0.3130745787266862,17.133064516129032,31,5060,SAN CLEMENTE
2001-11-01,0.8106095999999993,0.9781039664956338,0.1674943664956346,16.693,30,5060,SAN CLEMENTE
2001-12-01,1.1076656000000014,1.2217081164856665,0.11404251648566507,16.402516129032257,31,5060,SAN CLEMENTE
2002-01-01,1.1774223999999998,1.292295711970948,0.11487331197094822,16.582,31,5060,SAN CLEMENTE
2002-02-01,0.7328704000000007,0.8958653984500894,0.1629949984500887,16.387857142857143,28,5060,SAN CLEMENTE
2002-03-01,1.6068304000000004,1.887144415923823,0.28031401592382266,15.990677419354839,31,5060,SAN CLEMENTE
2002-04-01,2.1755104000000007,2.5120221146438553,0.33651171464385415,16.130666666666666,30,5060,SAN CLEMENTE
2002-05-01,1.2228367999999996,1.7266306693817244,0.5037938693817248,15.954870967741936,31,5060,SAN CLEMENTE
2002-06-01,0.6859391999999993,1.302294137006418,0.6163549370064187,14.140933333333333,30,5060,SAN CLEMENTE
2002-07-01,1.0378336000000006,1.7163312892477938,0.6784976892477932,12.197838709677418,31,5060,SAN CLEMENTE
2002-08-01,0.7898847999999994,1.3494701686478017,0.5595853686478022,10.360677419354838,31,5060,SAN CLEMENTE
2002-09-01,0.6729296000000002,1.0267685437343745,0.35383894373437436,9.341166666666668,30,5060,SAN CLEMENTE
2002-10-01,0.6081359999999998,0.811072114817761,0.20293611481776117,8.941193548387098,31,5060,SAN CLEMENTE
2002-11-01,0.9756064,1.0855738307939995,0.1099674307939996,8.880733333333334,30,5060,SAN CLEMENTE
2002-12-01,1.3562976000000013,1.4356583854625413,0.0793607854625402,9.522483870967742,31,5060,SAN CLEMENTE
2003-01-01,4.6079216,4.6999357034530975,0.09201410345309749,11.910451612903225,31,5060,SAN CLEMENTE
2003-02-01,2.6141583999999995,2.766274735609306,0.1521163356093064,14.777285714285714,28,5060,SAN CLEMENTE
2003-03-01,3.0352751999999987,3.337485089130838,0.3022098891308391,17.90216129032258,31,5060,SAN CLEMENTE
2003-04-01,1.5417472000000019,1.9075710638016838,0.3658238638016819,18.283033333333332,30,5060,SAN CLEMENTE
2003-05-01,1.8540624000000008,2.3930315875793555,0.5389691875793547,17.653967741935485,31,5060,SAN CLEMENTE
2003-06-01,0.8767887999999985,1.5594381360336436,0.682649336033645,16.479766666666666,30,5060,SAN CLEMENTE
2003-07-01,0.7268496000000013,1.49037613502574,0.7635265350257389,14.55958064516129,31,5060,SAN CLEMENTE
2003-08-01,0.7881807999999997,1.4269480732480146,0.638767273248015,12.635419354838708,31,5060,SAN CLEMENTE
2003-09-01,0.8241776000000005,1.2256450282165043,0.40146742821650383,11.289666666666667,30,5060,SAN CLEMENTE
2003-10-01,0.969215999999999,1.1985711505770928,0.22935515057709394,10.74283870967742,31,5060,SAN CLEMENTE
2003-11-01,1.4100016,1.5387674874167183,0.12876588741671835,11.2525,30,5060,SAN CLEMENTE
2003-12-01,1.4959424000000012,1.5883864285077731,0.09244402850777186,11.972064516129032,31,5060,SAN CLEMENTE
2004-01-01,1.6884336000000004,1.7837839066023513,0.09535030660235091,12.540483870967742,31,5060,SAN CLEMENTE
2004-02-01,1.5249135999999994,1.6740987305184518,0.14918513051845253,13.61406896551724,29,5060,SAN CLEMENTE
2004-03-01,3.0599200000000004,3.31914790069978,0.2592279006997798,14.221225806451613,31,5060,SAN CLEMENTE
2004-04-01,4.2353200000000015,4.586429459946483,0.35110945994648185,17.1976,30,5060,SAN CLEMENTE
2004-05-01,7.7319647999999965,8.334342879649398,0.6023780796494017,20.884548387096775,31,5060,SAN CLEMENTE
2004-06-01,2.0767808000000016,2.9697924989680313,0.8930116989680297,24.653866666666666,30,5060,SAN CLEMENTE
2004-07-01,1.7849856000000013,2.8216332328918394,1.0366476328918381,23.030612903225805,31,5060,SAN CLEMENTE
2004-08-01,1.2478735999999986,2.1377763357512154,0.8899027357512168,20.774129032258067,31,5060,SAN CLEMENTE
2004-09-01,1.0169488000000018,1.582315217688728,0.5653664176887262,18.866633333333333,30,5060,SAN CLEMENTE
2004-10-01,0.8641279999999989,1.1839260350238971,0.31979803502389814,17.688129032258065,31,5060,SAN CLEMENTE
2004-11-01,0.7100736000000012,0.8798433493721762,0.16976974937217512,17.034433333333332,30,5060,SAN CLEMENTE
2004-12-01,0.8885647999999993,1.0035230856941344,0.11495828569413521,16.600516129032258,31,5060,SAN CLEMENTE
2005-01-01,0.810247999999999,0.9234551088742396,0.11320710887424074,16.222645161290323,31,5060,SAN CLEMENTE
2005-02-01,0.7944464000000008,0.9540503478916837,0.15960394789168303,15.878964285714286,28,5060,SAN CLEMENTE
2005-03-01,1.4822015999999993,1.7614254761647785,0.279223876164779,15.897677419354839,31,5060,SAN CLEMENTE
2005-04-01,0.919769600000002,1.2504211611967266,0.3306515611967248,15.711533333333334,30,5060,SAN CLEMENTE
2005-05-01,0.8304847999999987,1.2929057765855894,0.4624209765855908,14.034290322580645,31,5060,SAN CLEMENTE
2005-06-01,0.7089792000000004,1.2700854259279863,0.5611062259279861,12.281266666666665,30,5060,SAN CLEMENTE
2005-07-01,0.6661440000000003,1.278965296504226,0.6128212965042256,10.471870967741935,31,5060,SAN CLEMENTE
2005-08-01,0.7519984000000008,1.231790314442562,0.47979191444256114,8.230935483870967,31,5060,SAN CLEMENTE
2005-09-01,0.7620623999999998,1.0468915961168037,0.28482919611680385,6.7466333333333335,30,5060,SAN CLEMENTE
2005-10-01,0.589904,0.756569478926006,0.166665478926006,6.654709677419355,31,5060,SAN CLEMENTE
2005-11-01,0.5962544000000002,0.6887364292013771,0.09248202920137702,6.848933333333333,30,5060,SAN CLEMENTE
2005-12-01,1.4460511999999996,1.5145093451502007,0.06845814515020114,7.629838709677419,31,5060,SAN CLEMENTE
2006-01-01,1.075408,1.1466770787545917,0.07126907875459168,8.103612903225805,31,5060,SAN CLEMENTE
2006-02-01,1.4765823999999996,1.584138503166245,0.10755610316624539,8.785321428571429,28,5060,SAN CLEMENTE
2006-03-01,3.9746832000000016,4.1934578529623625,0.21877465296236134,11.040032258064516,31,5060,SAN CLEMENTE
2006-04-01,1.2400303999999998,1.520645461026171,0.28061506102617134,12.2834,30,5060,SAN CLEMENTE
2006-05-01,1.5268815999999998,1.944066023058151,0.417184423058151,12.022645161290322,31,5060,SAN CLEMENTE
2006-06-01,1.269996799999999,1.7981710940351159,0.5281742940351168,11.214599999999999,30,5060,SAN CLEMENTE
2006-07-01,0.9350192000000005,1.5339904722993005,0.5989712722993,10.116290322580646,31,5060,SAN CLEMENTE
2006-08-01,0.7678416000000005,1.2615223355483345,0.4936807355483341,8.586032258064515,31,5060,SAN CLEMENTE
2006-09-01,0.7269119999999998,1.0328079239885355,0.30589592398853555,7.508333333333334,30,5060,SAN CLEMENTE
2006-10-01,0.7296495999999997,0.9079747859364711,0.1783251859364713,7.365032258064516,31,5060,SAN CLEMENTE
2006-11-01,1.047624000000001,1.1483268971772185,0.10070289717721737,7.782866666666666,30,5060,SAN CLEMENTE
2006-12-01,0.7896080000000002,0.8613500504144317,0.07174205041443145,8.18425806451613,31,5060,SAN CLEMENTE
2007-01-01,0.6702735999999997,0.7432569169692124,0.07298331696921273,8.397419354838709,31,5060,SAN CLEMENTE
2007-02-01,3.2807792,3.3993778234283045,0.11859862342830468,10.190178571428572,28,5060,SAN CLEMENTE
2007-03-01,1.087056,1.3112269663142042,0.22417096631420416,11.43590322580645,31,5060,SAN CLEMENTE
2007-04-01,3.4067391999999996,3.6896202446035216,0.28288104460352187,12.442433333333334,30,5060,SAN CLEMENTE
2007-05-01,2.8779456,3.351212038550317,0.4732664385503169,14.527225806451613,31,5060,SAN CLEMENTE
2007-06-01,1.2571392,1.868542609124168,0.611403409124168,13.968333333333334,30,5060,SAN CLEMENTE
2007-07-01,1.1953600000000002,1.8803135880563775,0.6849535880563774,12.371451612903225,31,5060,SAN CLEMENTE
2007-08-01,1.1189056000000013,1.6779856910543507,0.5590800910543495,10.349645161290322,31,5060,SAN CLEMENTE
2007-09-01,1.0623183999999988,1.3986731279673614,0.33635472796736277,8.658533333333333,30,5060,SAN CLEMENTE
2007-10-01,0.8420560000000016,1.0355418401567669,0.1934858401567653,8.323935483870969,31,5060,SAN CLEMENTE
2007-11-01,0.738726399999999,0.8444015909192514,0.10567519091925234,8.3655,30,5060,SAN CLEMENTE
2007-12-01,0.7528448000000011,0.8260785041457772,0.0732337041457761,8.440645161290323,31,5060,SAN CLEMENTE
2008-01-01,0.9921679999999988,1.066177438807098,0.0740094388070991,8.575387096774193,31,5060,SAN CLEMENTE
2008-02-01,0.734915200000001,0.8465182987523383,0.11160309875233733,8.808655172413793,29,5060,SAN CLEMENTE
2008-03-01,0.7891807999999987,0.9794009308306252,0.19022013083062653,8.938935483870967,31,5060,SAN CLEMENTE
2008-04-01,2.130684800000001,2.3679194686426235,0.2372346686426227,9.551633333333333,30,5060,SAN CLEMENTE
2008-05-01,2.6228911999999998,2.998494613396837,0.3756034133968371,10.271548387096775,31,5060,SAN CLEMENTE
2008-06-01,1.7831168000000004,2.2918253357675566,0.5087085357675563,10.600466666666668,30,5060,SAN CLEMENTE
2008-07-01,0.7528447999999999,1.3393950097857572,0.5865502097857574,9.805387096774194,31,5060,SAN CLEMENTE
2008-08-01,0.8500880000000001,1.3091859805261428,0.45909798052614265,7.7063225806451605,31,5060,SAN CLEMENTE
2008-09-01,0.7979584000000006,1.0719837329552535,0.2740253329552529,6.366066666666667,30,5060,SAN CLEMENTE
2008-10-01,1.3789151999999996,1.5414207642847924,0.16250556428479265,6.409290322580644,31,5060,SAN CLEMENTE
2008-11-01,1.4548368000000003,1.5549338598231894,0.10009705982318896,7.713466666666666,30,5060,SAN CLEMENTE
2008-12-01,4.6062,4.690069922910034,0.08386992291003316,10.379516129032258,31,5060,SAN CLEMENTE
2009-01-01,6.7717744,6.875045318255686,0.10327091825568531,14.170870967741937,31,5060,SAN CLEMENTE
2009-02-01,5.183873599999999,5.3784131820348975,0.19453958203489813,21.38114285714286,28,5060,SAN CLEMENTE
2009-03-01,6.816918399999999,7.209578467763626,0.39266006776362694,26.533290322580648,31,5060,SAN CLEMENTE
2009-04-01,2.2681520000000024,2.751626325804288,0.4834743258042853,27.778166666666667,30,5060,SAN CLEMENTE
2009-05-01,2.8192639999999973,3.5200348112685984,0.7007708112686009,26.175774193548385,31,5060,SAN CLEMENTE
2009-06-01,1.9523984000000023,2.8263832284341848,0.8739848284341826,23.87343333333333,30,5060,SAN CLEMENTE
2009-07-01,1.6102879999999988,2.594727406655212,0.9844394066552132,21.314612903225807,31,5060,SAN CLEMENTE
2009-08-01,1.4253215999999993,2.2525061564580557,0.8271845564580563,18.618709677419353,31,5060,SAN CLEMENTE
2009-09-01,1.5591344000000016,2.0804228011583543,0.5212884011583528,16.704433333333334,30,5060,SAN CLEMENTE
2009-10-01,0.9416848000000008,1.2343551847040022,0.2926703847040014,15.486677419354839,31,5060,SAN CLEMENTE
2009-11-01,1.2588032,1.4122013537692402,0.15339815376924007,14.6307,30,5060,SAN CLEMENTE
2009-12-01,8.80016,8.913650734090055,0.11349073409005442,16.340096774193547,31,5060,SAN CLEMENTE
2010-01-01,11.209663999999997,11.372604351110088,0.16294035111009034,28.08874193548387,31,5060,SAN CLEMENTE
2010-02-01,12.398856000000002,12.663385903880187,0.26452990388018394,33.92214285714286,28,5060,SAN CLEMENTE
2010-03-01,11.367944000000003,11.930151395907908,0.5622073959079048,45.42777419354839,31,5060,SAN CLEMENTE
2010-04-01,5.378223999999999,6.037442842658985,0.6592188426589856,44.23093333333334,30,5060,SAN CLEMENTE
2010-05-01,3.9188272,4.851148368362895,0.9323211683628949,40.169774193548385,31,5060,SAN CLEMENTE
2010-06-01,3.120891200000001,4.286183243527651,1.16529204352765,36.75196666666667,30,5060,SAN CLEMENTE
2010-07-01,2.737072000000003,4.0771015565335675,1.3400295565335645,33.8471935483871,31,5060,SAN CLEMENTE
2010-08-01,2.395731199999999,3.56041005166421,1.1646788516642108,31.101709677419354,31,5060,SAN CLEMENTE
2010-09-01,1.8429583999999972,2.5948537564828356,0.7518953564828381,28.934966666666664,30,5060,SAN CLEMENTE
2010-10-01,2.0306288,2.4569172006152464,0.42628840061524625,27.22241935483871,31,5060,SAN CLEMENTE
2010-11-01,6.094812800000001,6.330023483734613,0.23521068373461299,27.784166666666668,30,5060,SAN CLEMENTE
2010-12-01,9.292553599999998,9.477847107974226,0.18529350797422714,33.990967741935485,31,5060,SAN CLEMENTE
2011-01-01,2.8216256000000044,3.0179790054311177,0.19635340543111332,37.056774193548385,31,5060,SAN CLEMENTE
2011-02-01,5.8528319999999985,6.133162047800103,0.2803300478001045,36.96564285714286,28,5060,SAN CLEMENTE
2011-03-01,5.259083199999998,5.771818773210382,0.5127355732103835,39.55977419354839,31,5060,SAN CLEMENTE
2011-04-01,3.653944000000003,4.274114179384244,0.6201701793842415,40.3558,30,5060,SAN CLEMENTE
2011-05-01,3.6366111999999995,4.57410797274547,0.9374967727454702,40.49938709677419,31,5060,SAN CLEMENTE
2011-06-01,2.3801040000000016,3.588478147480682,1.2083741474806804,38.80713333333333,30,5060,SAN CLEMENTE
2011-07-01,2.333883200000001,3.740979285935814,1.4070960859358128,36.41835483870968,31,5060,SAN CLEMENTE
2011-08-01,2.176190399999996,3.40657767800914,1.230387278009144,33.771032258064515,31,5060,SAN CLEMENTE
2011-09-01,2.0758560000000044,2.8718855166924073,0.7960295166924031,31.519299999999998,30,5060,SAN CLEMENTE
2011-10-01,2.2840959999999986,2.735712192001435,0.4516161920014366,29.68441935483871,31,5060,SAN CLEMENTE
2011-11-01,2.741561599999999,2.9826621252113235,0.24110052521132447,28.828966666666666,30,5060,SAN CLEMENTE
2011-12-01,1.4347360000000031,1.6000861646021771,0.16535016460217392,28.63625806451613,31,5060,SAN CLEMENTE
2012-01-01,1.300643199999999,1.4641096315024416,0.16346643150244242,28.14835483870968,31,5060,SAN CLEMENTE
2012-02-01,1.139348800000001,1.3782475941017978,0.23889879410179693,27.587896551724135,29,5060,SAN CLEMENTE
2012-03-01,1.416729599999999,1.8128350069109576,0.3961054069109587,26.861129032258066,31,5060,SAN CLEMENTE
2012-04-01,3.3415103999999993,3.8064434228342416,0.46493302283424226,26.196133333333332,30,5060,SAN CLEMENTE
2012-05-01,2.1602848,2.8621939528274583,0.7019091528274584,26.237903225806452,31,5060,SAN CLEMENTE
2012-06-01,1.4543024000000022,2.33494743366071,0.880645033660708,24.146433333333334,30,5060,SAN CLEMENTE
2012-07-01,1.3848863999999979,2.382057758307565,0.9971713583075668,21.728548387096776,31,5060,SAN CLEMENTE
2012-08-01,1.0471888000000031,1.9006128237053272,0.8534240237053241,19.50993548387097,31,5060,SAN CLEMENTE
2012-09-01,1.092235199999999,1.6365982231796374,0.5443630231796381,17.8249,30,5060,SAN CLEMENTE
2012-10-01,1.5595103999999989,1.868903410699958,0.30939301069995906,16.83174193548387,31,5060,SAN CLEMENTE
2012-11-01,4.1073216000000015,4.288833023582676,0.1815114235826738,18.839333333333332,30,5060,SAN CLEMENTE
2012-12-01,2.6327791999999994,2.7641303762921576,0.13135117629215806,20.276709677419355,31,5060,SAN CLEMENTE
2013-01-01,7.132156799999998,7.2723703607499335,0.14021356074993513,22.38822580645161,31,5060,SAN CLEMENTE
2013-02-01,7.368428800000001,7.606071763405088,0.23764296340508687,28.864678571428573,28,5060,SAN CLEMENTE
2013-03-01,15.212123200000002,15.71938848909544,0.5072652890954368,39.00409677419355,31,5060,SAN CLEMENTE
2013-04-01,9.708083199999997,10.3996691164816,0.6915859164816031,47.87753333333333,30,5060,SAN CLEMENTE
2013-05-01,5.772619200000005,6.771993311711762,0.9993741117117582,44.57961290322581,31,5060,SAN CLEMENTE
2013-06-01,4.018012799999997,5.26713345905157,1.2491206590515744,40.78906666666667,30,5060,SAN CLEMENTE
2013-07-01,2.6009184000000016,4.037199941895613,1.436281541895612,37.558,31,5060,SAN CLEMENTE
2013-08-01,2.3690687999999973,3.6161180710283154,1.2470492710283179,34.45961290322581,31,5060,SAN CLEMENTE
2013-09-01,2.132068800000003,2.94855160364004,0.816482803640037,32.741233333333334,30,5060,SAN CLEMENTE
2013-10-01,1.7591152000000017,2.2241030941481834,0.4649878941481818,31.01241935483871,31,5060,SAN CLEMENTE
2013-11-01,1.3566208000000004,1.6031249594748322,0.2465041594748318,29.803733333333334,30,5060,SAN CLEMENTE
2013-12-01,2.6320191999999984,2.8003546871380958,0.16833548713809698,29.4158064516129,31,5060,SAN CLEMENTE
2014-01-01,3.636347199999999,3.811502817166602,0.17515561716660294,31.221999999999998,31,5060,SAN CLEMENTE
2014-02-01,6.730209600000003,7.001069667554473,0.27086006755447045,35.12428571428571,28,5060,SAN CLEMENTE
2014-03-01,5.7848783999999975,6.298705770784379,0.5138273707843819,39.68696774193548,31,5060,SAN CLEMENTE
2014-04-01,3.903099200000003,4.513117435127524,0.6100182351275206,39.3696,30,5060,SAN CLEMENTE
2014-05-01,2.747961599999997,3.628392009106955,0.8804304091069579,36.8618064516129,31,5060,SAN CLEMENTE
2014-06-01,2.0238128000000017,3.1363211437073533,1.1125083437073515,34.28223333333334,30,5060,SAN CLEMENTE
2014-07-01,1.4927775999999995,2.7852824422108577,1.292504842210858,32.06145161290323,31,5060,SAN CLEMENTE
2014-08-01,1.4460816000000019,2.5755677554273158,1.129486155427314,29.703064516129032,31,5060,SAN CLEMENTE
2014-09-01,1.5339744000000008,2.2622241965385745,0.7282497965385737,27.5807,30,5060,SAN CLEMENTE
2014-10-01,1.4172064000000002,1.832618628371811,0.41541222837181074,26.187032258064516,31,5060,SAN CLEMENTE
2014-11-01,1.6275983999999997,1.850551869285549,0.22295346928554916,25.6362,30,5060,SAN CLEMENTE
2014-12-01,1.5492928,1.703000812532253,0.15370801253225316,25.66567741935484,31,5060,SAN CLEMENTE
2015-01-01,1.5442559999999985,1.6973921796371207,0.153136179637122,25.522612903225806,31,5060,SAN CLEMENTE
2015-02-01,5.310584000000002,5.545049126647823,0.23446512664782057,28.278035714285714,28,5060,SAN CLEMENTE
2015-03-01,3.3040447999999976,3.734313054927948,0.4302682549279508,30.410064516129033,31,5060,SAN CLEMENTE
2015-04-01,2.146712000000001,2.6662129766509093,0.5195009766509087,30.94046666666667,30,5060,SAN CLEMENTE
2015-05-01,2.1060735999999993,2.8597998782986545,0.7537262782986551,29.197741935483872,31,5060,SAN CLEMENTE
2015-06-01,1.811897600000002,2.7614168100424115,0.9495192100424095,27.032233333333334,30,5060,SAN CLEMENTE
2015-07-01,1.4062335999999993,2.500445879880059,1.0942122798800598,24.974870967741936,31,5060,SAN CLEMENTE
2015-08-01,1.4286927999999992,2.3759998336626276,0.9473070336626283,22.81541935483871,31,5060,SAN CLEMENTE
2015-09-01,1.4261616000000017,2.0334967694047554,0.6073351694047535,21.0056,30,5060,SAN CLEMENTE
2015-10-01,1.504374400000001,1.8469942965559547,0.3426198965559537,19.614870967741936,31,5060,SAN CLEMENTE
2015-11-01,0.9964591999999981,1.1802695370936427,0.1838103370936446,19.19066666666667,30,5060,SAN CLEMENTE
2015-12-01,1.0861488000000008,1.2112018626733665,0.1250530626733656,18.83435483870968,31,5060,SAN CLEMENTE
2016-01-01,1.2106640000000024,1.3349573557315335,0.12429335573153107,18.66293548387097,31,5060,SAN CLEMENTE
2016-02-01,3.4440703999999984,3.6338106022484116,0.1897402022484128,19.533827586206897,29,5060,SAN CLEMENTE
2016-03-01,2.851435199999999,3.19615001923032,0.34471481923032077,21.80793548387097,31,5060,SAN CLEMENTE
2016-04-01,2.1709599999999996,2.5917380791836893,0.4207780791836895,22.554066666666664,30,5060,SAN CLEMENTE
2016-05-01,1.8891392000000007,2.503833300044695,0.6146941000446945,21.502548387096773,31,5060,SAN CLEMENTE
2016-06-01,1.3341760000000011,2.111201656202276,0.777025656202275,20.012266666666665,30,5060,SAN CLEMENTE
2016-07-01,1.3861504000000004,2.2726171689055596,0.8864667689055591,18.212193548387095,31,5060,SAN CLEMENTE
2016-08-01,1.1102991999999998,1.863034954235925,0.7527357542359251,16.162193548387098,31,5060,SAN CLEMENTE
2016-09-01,1.0332864000000006,1.5067075094720417,0.47342110947204114,14.457566666666667,30,5060,SAN CLEMENTE
2016-10-01,1.053094399999999,1.3184732198820774,0.2653788198820784,13.37125806451613,31,5060,SAN CLEMENTE
2016-11-01,1.229016,1.3712754926598651,0.14225949265986518,13.066433333333332,30,5060,SAN CLEMENTE
2016-12-01,2.2715920000000014,2.374665953378068,0.10307395337806662,14.096064516129033,31,5060,SAN CLEMENTE
2017-01-01,0.9642703999999994,1.0710755195835537,0.1068051195835544,14.866096774193547,31,5060,SAN CLEMENTE
2017-02-01,1.7966336000000016,1.9542955595845164,0.15766195958451473,15.59125,28,5060,SAN CLEMENTE
2017-03-01,2.220777599999998,2.5083381111733383,0.28756051117334,16.615870967741934,31,5060,SAN CLEMENTE
2017-04-01,1.226488000000002,1.5711319757433015,0.34464397574329964,16.718933333333332,30,5060,SAN CLEMENTE
2017-05-01,1.3263855999999994,1.826414862804944,0.5000292628049444,15.777451612903226,31,5060,SAN CLEMENTE
2017-06-01,1.1407152,1.761204680733268,0.6204894807332679,14.281166666666667,30,5060,SAN CLEMENTE
2017-07-01,1.0533839999999999,1.7516791975055923,0.6982951975055925,12.734322580645161,31,5060,SAN CLEMENTE
2017-08-01,1.065711999999999,1.6478620439662826,0.5821500439662834,10.993516129032257,31,5060,SAN CLEMENTE
2017-09-01,1.0155808000000002,1.375209920537284,0.3596291205372839,9.5731,30,5060,SAN CLEMENTE
2017-10-01,1.0485632000000003,1.2458910448363423,0.19732784483634194,8.573580645161291,31,5060,SAN CLEMENTE
2017-11-01,0.8744736000000002,0.9820210708265468,0.10754747082654655,8.588833333333334,30,5060,SAN CLEMENTE
2017-12-01,1.3985776000000005,1.4741295874043838,0.07555198740438315,8.845,31,5060,SAN CLEMENTE
2018-01-01,1.4833647999999997,1.5639191044607503,0.08055430446075068,9.73825806451613,31,5060,SAN CLEMENTE
2018-02-01,1.5220784000000003,1.6433385306784591,0.12126013067845888,10.516499999999999,28,5060,SAN CLEMENTE
2018-03-01,12.119324799999998,12.408728851546563,0.2894040515465653,16.90393548387097,31,5060,SAN CLEMENTE
2018-04-01,4.5363904,4.975603229288981,0.4392128292889815,24.061733333333333,30,5060,SAN CLEMENTE
2018-05-01,1.4478880000000023,2.1271893670501885,0.6793013670501861,24.98093548387097,31,5060,SAN CLEMENTE
2018-06-01,1.9342144000000001,2.7971187391314367,0.8629043391314365,23.41913333333333,30,5060,SAN CLEMENTE
2018-07-01,1.7992399999999997,2.7787994570110874,0.9795594570110875,21.15625806451613,31,5060,SAN CLEMENTE
2018-08-01,1.7578575999999988,2.5892537829902684,0.8313961829902695,18.759225806451614,31,5060,SAN CLEMENTE
2018-09-01,1.547387200000001,2.079031355254081,0.5316441552540799,17.203300000000002,30,5060,SAN CLEMENTE
2018-10-01,1.4783664000000005,1.7789126264704105,0.30054622647041,16.115516129032258,31,5060,SAN CLEMENTE
2018-11-01,2.2239728,2.386146820935726,0.1621740209357264,15.9048,30,5060,SAN CLEMENTE
2018-12-01,1.5076656000000004,1.6228109366070254,0.11514533660702499,16.64093548387097,31,5060,SAN CLEMENTE
2019-01-01,1.3785264000000004,1.4934880538697175,0.11496165386971709,16.601129032258065,31,5060,SAN CLEMENTE
2019-02-01,3.0138144,3.187523016051736,0.17370861605173635,18.03157142857143,28,5060,SAN CLEMENTE
2019-03-01,1.432780800000001,1.7401700793149935,0.3073892793149922,18.362612903225806,31,5060,SAN CLEMENTE
2019-04-01,3.9803599999999997,4.3531909927637935,0.37283099276379406,18.816333333333333,30,5060,SAN CLEMENTE
2019-05-01,1.7612864000000008,2.336571025425911,0.5752846254259102,19.469193548387096,31,5060,SAN CLEMENTE
2019-06-01,1.4154319999999994,2.1326629899771055,0.717230989977106,17.747566666666668,30,5060,SAN CLEMENTE
2019-07-01,1.2508720000000009,2.063120245049842,0.812248245049841,15.97383870967742,31,5060,SAN CLEMENTE
2019-08-01,1.3736607999999988,2.0627025610350658,0.6890417610350671,14.154741935483871,31,5060,SAN CLEMENTE
2019-09-01,1.8142688000000002,2.268017683712719,0.4537488837127188,13.5642,30,5060,SAN CLEMENTE
2019-10-01,1.2131424000000015,1.4765076713650271,0.2633652713650257,13.219548387096774,31,5060,SAN CLEMENTE
2019-11-01,4.286848,4.433480511600305,0.14663251160030494,13.6873,30,5060,SAN CLEMENTE
2019-12-01,8.810623999999999,8.933251205048249,0.12262720504824909,18.36990322580645,31,5060,SAN CLEMENTE
2020-01-01,1.593176,1.7394628545563884,0.14628685455638837,23.82958064516129,31,5060,SAN CLEMENTE
2020-02-01,1.607505600000002,1.8247608427065858,0.21725524270658378,23.92496551724138,29,5060,SAN CLEMENTE
2020-03-01,2.1187712,2.4811195715469907,0.3623483715469913,23.50116129032258,31,5060,SAN CLEMENTE
2020-04-01,3.5979951999999984,4.039168687383562,0.4411734873835637,24.2135,30,5060,SAN CLEMENTE
2020-05-01,2.5330752000000007,3.2073549197276714,0.6742797197276704,24.703096774193547,31,5060,SAN CLEMENTE
2020-06-01,1.7999551999999983,2.6625894777796475,0.8626342777796491,23.408166666666666,30,5060,SAN CLEMENTE
2020-07-01,1.7055792,2.695961723484095,0.990382523484095,21.50564516129032,31,5060,SAN CLEMENTE
2020-08-01,1.4426576000000009,2.2943076488430396,0.8516500488430387,19.449451612903225,31,5060,SAN CLEMENTE
2020-09-01,1.3640912000000018,1.90517425522496,0.5410830552249581,17.664066666666667,30,5060,SAN CLEMENTE
2020-10-01,1.6564112,1.9592302556297536,0.3028190556297535,16.299193548387098,31,5060,SAN CLEMENTE
2020-11-01,1.4177071999999993,1.5784127733109563,0.16070557331095706,15.6884,30,5060,SAN CLEMENTE
2020-12-01,3.375483199999999,3.491430510409298,0.11594731040929936,16.82283870967742,31,5060,SAN CLEMENTE
2021-01-01,5.850843200000002,5.975144774185151,0.12430157418514956,18.683451612903227,31,5060,SAN CLEMENTE
2021-02-01,4.077273600000002,4.286261770469817,0.2089881704698165,23.801142857142857,28,5060,SAN CLEMENTE
2021-03-01,1.530001599999997,1.9072830772125866,0.3772814772125895,24.968774193548388,31,5060,SAN CLEMENTE
2021-04-01,1.6648432000000006,2.103835611758255,0.4389924117582542,24.034966666666666,30,5060,SAN CLEMENTE
2021-05-01,1.8095888000000009,2.4479205677123526,0.6383317677123519,22.755612903225806,31,5060,SAN CLEMENTE
2021-06-01,1.5837312000000003,2.392420023494168,0.8086888234941677,21.247,30,5060,SAN CLEMENTE
2021-07-01,1.3549184000000019,2.2786695613996675,0.9237511613996656,19.373193548387096,31,5060,SAN CLEMENTE
2021-08-01,1.4325423999999967,2.2234700561515783,0.7909276561515818,17.4068064516129,31,5060,SAN CLEMENTE
2021-09-01,1.5134880000000026,2.0022769227265718,0.5052583733977695,15.939033333333333,29,5060,SAN CLEMENTE
1958-10-01,0.20959999999999995,0.2573450482223794,0.049336549829792076,0.0967741935483871,30,5062,GUADALMELLATO
1958-11-01,0.0,0.02685658962508843,0.02685658962508843,0.0,30,5062,GUADALMELLATO
1958-12-01,145.81446400000002,145.93200767742178,0.11754367742178108,53.41935483870968,31,5062,GUADALMELLATO
1959-01-01,20.774656,21.009347974465243,0.23469197446523993,123.2258064516129,31,5062,GUADALMELLATO
1959-02-01,9.322304000000003,9.636203198512957,0.31389919851295534,111.46428571428571,28,5062,GUADALMELLATO
1959-03-01,16.498784,17.035082212163292,0.5362982121632897,107.6774193548387,31,5062,GUADALMELLATO
1959-04-01,2.882304,3.5260638752123716,0.6437598752123719,108.6,30,5062,GUADALMELLATO
1959-05-01,-0.5752959999999996,0.36440882516500606,0.9397048251650056,103.41935483870968,31,5062,GUADALMELLATO
1959-06-01,0.500352000000001,1.6912168020600387,1.1908648020600374,96.63333333333334,30,5062,GUADALMELLATO
1959-07-01,-0.2377279999999986,1.0283861326427175,1.2661141326427157,79.16129032258064,31,5062,GUADALMELLATO
1959-08-01,-0.0761599999999989,0.8811576743331176,0.9573176743331169,59.064516129032256,31,5062,GUADALMELLATO
1959-09-01,1.0802240000000014,1.5770322556647183,0.496808255664717,39.666666666666664,30,5062,GUADALMELLATO
1959-10-01,0.06304000000000065,0.23514543165420637,0.17210543165420572,17.9741935483871,31,5062,GUADALMELLATO
1959-11-01,2.3280000000000007,2.3898163059075603,0.06181630590755963,9.53,30,5062,GUADALMELLATO
1959-12-01,15.025632000000002,15.064829327612772,0.039197327612770755,8.696774193548388,31,5062,GUADALMELLATO
1960-01-01,39.143712,39.1741676873508,0.030455687350802618,6.861290322580645,31,5062,GUADALMELLATO
1960-02-01,154.632832,154.78848291496732,0.15565091496730118,41.07586206896552,29,5062,GUADALMELLATO
1960-03-01,68.575136,68.851091688818,0.27595568881799154,40.10967741935484,31,5062,GUADALMELLATO
1960-04-01,16.400512,16.698883170612717,0.29837117061271756,34.29333333333333,30,5062,GUADALMELLATO
1960-05-01,3.084704000000001,3.5303664359786207,0.44566243597862026,33.79032258064516,31,5062,GUADALMELLATO
1960-06-01,2.7815040000000013,3.2642629522870865,0.4827589522870849,25.006666666666668,30,5062,GUADALMELLATO
1960-07-01,-0.0042559999999995934,0.2620717593223128,0.2663277593223124,7.874193548387097,31,5062,GUADALMELLATO
1960-08-01,0.0,0.12334137457448016,0.12334137457448016,0.8,31,5062,GUADALMELLATO
1960-09-01,0.0,0.08355383438916397,0.08355383438916397,0.8,30,5062,GUADALMELLATO
1960-10-01,17.14648,17.195816549829793,0.049336549829792076,1.060967741935484,31,5062,GUADALMELLATO
1960-11-01,37.66376,37.690617208834425,0.026857208834417,2.0166666666666666,30,5062,GUADALMELLATO
1960-12-01,30.87216,30.906692183885603,0.03453218388559998,7.241612903225807,31,5062,GUADALMELLATO
1961-01-01,8.48056,8.505587383612339,0.025027383612337483,4.309677419354839,31,5062,GUADALMELLATO
1961-02-01,4.27416,4.314229602261963,0.04006960226196223,5.084285714285714,28,5062,GUADALMELLATO
1961-03-01,3.6906400000000006,3.7588576557306217,0.06821765573062108,4.895161290322581,31,5062,GUADALMELLATO
1961-04-01,3.64664,3.715399222968692,0.068759222968692,3.8106666666666666,30,5062,GUADALMELLATO
1961-05-01,1.37632,1.4602168772572686,0.08389687725726866,0.913225806451613,31,5062,GUADALMELLATO
1961-06-01,9.5472,9.662733264523697,0.11553326452369653,0.8480000000000001,30,5062,GUADALMELLATO
1961-07-01,0.0,0.13413374484974722,0.13413374484974722,0.4,31,5062,GUADALMELLATO
1961-08-01,0.0,0.12334137457448016,0.12334137457448016,0.4,31,5062,GUADALMELLATO
1961-09-01,2.8857600000000003,2.969313834389164,0.08355383438916397,0.42600000000000005,30,5062,GUADALMELLATO
1961-10-01,0.11232,0.16165654982979208,0.049336549829792076,0.4,31,5062,GUADALMELLATO
1961-11-01,123.03352,123.10894714425532,0.07542714425532833,15.829333333333333,30,5062,GUADALMELLATO
1961-12-01,120.30568000000001,120.36009571445493,0.05441571445492986,15.95483870967742,31,5062,GUADALMELLATO
1962-01-01,134.45344000000003,134.55943804918644,0.10599804918641459,41.29677419354839,31,5062,GUADALMELLATO
1962-02-01,1.00224,1.0286987142232353,0.02645871422323526,0.4,28,5062,GUADALMELLATO
1962-03-01,131.29344,131.41796910237022,0.12452910237019947,13.16451612903226,31,5062,GUADALMELLATO
1962-04-01,53.2136,53.2867326518199,0.07313265181989911,2.842,30,5062,GUADALMELLATO
1962-05-01,3.1192000000000006,3.2066280089574737,0.08742800895747335,0.8548387096774194,31,5062,GUADALMELLATO
1962-06-01,1.296,1.4064104240142525,0.11041042401425243,0.4,30,5062,GUADALMELLATO
1962-07-01,0.0864,0.22053374484974722,0.13413374484974722,0.4,31,5062,GUADALMELLATO
1962-08-01,0.0,0.12334137457448016,0.12334137457448016,0.4,31,5062,GUADALMELLATO
1962-09-01,0.0,0.08355383438916397,0.08355383438916397,0.4,30,5062,GUADALMELLATO
1962-10-01,22.23072,22.280681965747345,0.049961965747344635,1.2935483870967743,31,5062,GUADALMELLATO
1962-11-01,1.3305600000000002,1.3574165896250885,0.02685658962508843,0.44666666666666666,30,5062,GUADALMELLATO
1962-12-01,89.5,89.52794859510223,0.02794859510223582,4.861290322580645,31,5062,GUADALMELLATO
1963-01-01,162.65936000000002,162.83868364109597,0.17932364109594798,82.36129032258064,31,5062,GUADALMELLATO
1963-02-01,55.91984,56.177747041051056,0.25790704105105566,83.00714285714285,28,5062,GUADALMELLATO
1963-03-01,33.36736,33.81642189562335,0.44906189562335297,82.50645161290322,31,5062,GUADALMELLATO
1963-04-01,34.12560000000001,34.66142999946667,0.5358299994666568,82.47333333333333,30,5062,GUADALMELLATO
1963-05-01,3.5359999999999947,4.326864214714666,0.7908642147146714,79.85483870967742,31,5062,GUADALMELLATO
1963-06-01,4.721760000000007,5.715104614560976,0.9933446145609695,73.61333333333333,30,5062,GUADALMELLATO
1963-07-01,2.579999999999995,3.563648621697744,0.9836486216977491,54.32258064516129,31,5062,GUADALMELLATO
1963-08-01,-0.09247999999999656,0.4818425576512903,0.5743225576512868,27.761290322580646,31,5062,GUADALMELLATO
1963-09-01,0.07200000000000012,0.18140712014750843,0.10940712014750831,2.71,30,5062,GUADALMELLATO
1963-10-01,0.0040000000000000036,0.05333654982979208,0.049336549829792076,0.404,31,5062,GUADALMELLATO
1963-11-01,47.491968,47.60491958283873,0.11295158283873191,25.025033333333333,30,5062,GUADALMELLATO
1963-12-01,133.10718400000002,133.28656779446823,0.17938379446820132,82.76445161290322,31,5062,GUADALMELLATO
1964-01-01,2.208399999999997,2.38619882466927,0.17779882466927296,81.24696774193548,31,5062,GUADALMELLATO
1964-02-01,100.65810400000001,100.93021831156204,0.2721143115620331,85.3866551724138,29,5062,GUADALMELLATO
1964-03-01,69.293136,69.75271690341299,0.4595809034129773,85.43203225806452,31,5062,GUADALMELLATO
1964-04-01,8.608527999999993,9.141067015098551,0.532539015098559,81.7113,30,5062,GUADALMELLATO
1964-05-01,0.2581199999999993,0.9914456414999709,0.7333256414999714,71.34406451612904,31,5062,GUADALMELLATO
1964-06-01,0.9810560000000078,1.8472283434748855,0.8661723434748776,59.97506666666666,30,5062,GUADALMELLATO
1964-07-01,-0.0027520000000006706,0.8253626404525164,0.828114640452517,42.02345161290323,31,5062,GUADALMELLATO
1964-08-01,-0.0038240000000005214,0.478797866322943,0.4826218663229435,21.22193548387097,31,5062,GUADALMELLATO
1964-09-01,-0.0017039999999985955,0.25393334051048694,0.2556373405104855,14.602733333333333,30,5062,GUADALMELLATO
1964-10-01,-0.9968400000000007,-0.8787069127876965,0.11813308721230423,10.13225806451613,31,5062,GUADALMELLATO
1964-11-01,0.8648000000000006,0.9201428644939069,0.05534286449390632,8.076666666666666,30,5062,GUADALMELLATO
1964-12-01,4.29168,4.320837673434546,0.029157673434546415,5.435483870967742,31,5062,GUADALMELLATO
1965-01-01,10.005279999999999,10.034503053293031,0.029223053293032014,5.487096774193549,31,5062,GUADALMELLATO
1965-02-01,27.88576,27.998617066180543,0.11285706618053976,24.15357142857143,28,5062,GUADALMELLATO
1965-03-01,49.61408,50.01707853149139,0.40299853149139436,70.61935483870967,31,5062,GUADALMELLATO
1965-04-01,1.2486399999999949,1.78343981523654,0.5347998152365451,82.24333333333334,30,5062,GUADALMELLATO
1965-05-01,0.04208000000000489,0.7593025703400311,0.7172225703400262,69.00967741935484,31,5062,GUADALMELLATO
1965-06-01,-0.025279999999997915,0.7854738220601887,0.8107538220601866,54.31333333333334,30,5062,GUADALMELLATO
1965-07-01,0.019360000000000627,0.8437776286562608,0.8244176286562601,41.60967741935484,31,5062,GUADALMELLATO
1965-08-01,-0.017280000000000184,0.5894550541143532,0.6067350541143534,29.816129032258065,31,5062,GUADALMELLATO
1965-09-01,5.57296,5.914637610323503,0.34167761032350247,22.576666666666664,30,5062,GUADALMELLATO
1965-10-01,18.850688,19.129900447492453,0.2792124474924556,36.87419354838709,31,5062,GUADALMELLATO
1965-11-01,19.371039999999997,19.559005288123522,0.1879652881235252,50.60333333333333,30,5062,GUADALMELLATO
1965-12-01,19.837856000000006,19.991826504805726,0.15397050480571894,65.52580645161291,31,5062,GUADALMELLATO
1966-01-01,55.565728,55.74781957238077,0.18209157238077164,84.37096774193549,31,5062,GUADALMELLATO
1966-02-01,77.40995200000002,77.67448160620606,0.2645296062060383,86.29642857142858,28,5062,GUADALMELLATO
1966-03-01,13.066335999999998,13.537212364830824,0.47087636483082673,88.59677419354838,31,5062,GUADALMELLATO
1966-04-01,15.403647999999997,15.991808924875718,0.5881609248757205,94.88666666666667,30,5062,GUADALMELLATO
1966-05-01,0.16607999999999765,1.0493232848394474,0.8832432848394497,94.26129032258065,31,5062,GUADALMELLATO
1966-06-01,-0.13164799999999377,0.9170025412004241,1.048650541200418,79.88000000000001,30,5062,GUADALMELLATO
1966-07-01,-0.028416000000001898,1.0274332047176449,1.0558492047176469,60.277419354838706,31,5062,GUADALMELLATO
1966-08-01,-0.13075200000000053,0.627908715517838,0.7586607155178385,41.84193548387096,31,5062,GUADALMELLATO
1966-09-01,-0.009279999999997263,0.30830132663455906,0.31758132663455635,20.34,30,5062,GUADALMELLATO
1966-10-01,0.2373759999999987,0.38717916746677367,0.149803167466775,14.435483870967742,31,5062,GUADALMELLATO
1966-11-01,16.969312000000002,17.08285029451221,0.1135382945122095,23.990000000000002,30,5062,GUADALMELLATO
1966-12-01,0.5775040000000008,0.6626678659041059,0.08516386590410507,26.93548387096774,31,5062,GUADALMELLATO
1967-01-01,6.764064000000001,6.851889667506559,0.08782566750655779,28.229032258064517,31,5062,GUADALMELLATO
1967-02-01,23.686943999999997,23.84153294094444,0.1545889409444422,38.871428571428574,28,5062,GUADALMELLATO
1967-03-01,12.536096,12.90246146508187,0.36636546508187057,60.83548387096774,31,5062,GUADALMELLATO
1967-04-01,0.8993920000000002,1.3301024300684572,0.430710430068457,59.43666666666666,30,5062,GUADALMELLATO
1967-05-01,2.1810240000000016,2.8159980226439694,0.6349740226439675,57.44193548387097,31,5062,GUADALMELLATO
1967-06-01,0.3215680000000045,1.1325404381040118,0.8109724381040072,54.29333333333333,30,5062,GUADALMELLATO
1967-07-01,-0.00025600000000111645,0.9113546504674148,0.911610650467416,48.33548387096774,31,5062,GUADALMELLATO
1967-08-01,0.20908799999999883,0.9539780461327012,0.7448900461327024,40.49677419354839,31,5062,GUADALMELLATO
1967-09-01,-0.026559999999999695,0.4173687062526672,0.4439287062526669,33.41,30,5062,GUADALMELLATO
1967-10-01,0.7188799999999987,0.9581299814307125,0.23924998143071372,29.125806451612902,31,5062,GUADALMELLATO
1967-11-01,3.008416000000002,3.1347526219246338,0.12633662192463171,27.826666666666664,30,5062,GUADALMELLATO
1967-12-01,0.8872639999999979,0.9730778231850812,0.08581382318508327,27.24516129032258,31,5062,GUADALMELLATO
1968-01-01,0.23484800000000144,0.3153660970526005,0.08051809705259907,24.76774193548387,31,5062,GUADALMELLATO
1968-02-01,63.03008,63.19129776587275,0.1612177658727502,40.54827586206897,29,5062,GUADALMELLATO
1968-03-01,52.257824,52.80858172957668,0.5507577295766859,112.16774193548386,31,5062,GUADALMELLATO
1968-04-01,33.368192,34.16446616497719,0.7962741649771904,149.47,30,5062,GUADALMELLATO
1968-05-01,3.038656000000012,4.263898316064451,1.2252423160644395,153.9741935483871,31,5062,GUADALMELLATO
1968-06-01,0.017375999999995007,1.5421845614333665,1.5248085614333715,139.99333333333334,30,5062,GUADALMELLATO
1968-07-01,-0.024703999999998283,1.6248030321647235,1.6495070321647218,117.68709677419355,31,5062,GUADALMELLATO
1968-08-01,0.0640000000000071,1.346936509494608,1.2829365094946008,91.58387096774193,31,5062,GUADALMELLATO
1968-09-01,0.008639999999997983,0.7451378072070903,0.7364978072070923,71.42666666666668,30,5062,GUADALMELLATO
1968-10-01,-0.03990399999999936,0.333466001078795,0.37337000107879437,56.806451612903224,31,5062,GUADALMELLATO
1968-11-01,2.707584000000003,2.898163899663855,0.1905798996638518,51.55333333333333,30,5062,GUADALMELLATO
1968-12-01,11.54448,11.685791680534072,0.1413116805340716,57.59032258064516,31,5062,GUADALMELLATO
1969-01-01,40.04448,40.22054761306937,0.17606761306936838,80.61612903225806,31,5062,GUADALMELLATO
1969-02-01,65.06624000000001,65.39133312213038,0.3250931221303725,117.92142857142858,28,5062,GUADALMELLATO
1969-03-01,179.39862399999998,180.07525375100496,0.6766297510049706,152.61290322580646,31,5062,GUADALMELLATO
1969-04-01,16.282208000000022,17.123816299029503,0.8416082990294801,162.33333333333334,30,5062,GUADALMELLATO
1969-05-01,4.07491199999999,5.3296925142224865,1.2547805142224973,159.57419354838711,31,5062,GUADALMELLATO
1969-06-01,0.36934399999998957,1.9671151666235236,1.597771166623534,150.14666666666665,30,5062,GUADALMELLATO
1969-07-01,-0.007615999999981235,1.7482089062514956,1.7558249062514768,129.23548387096776,31,5062,GUADALMELLATO
1969-08-01,0.08492800000000167,1.462736380074606,1.3778083800746044,101.92258064516129,31,5062,GUADALMELLATO
1969-09-01,1.4747519999999918,2.294779662363745,0.820027662363753,83.86333333333333,30,5062,GUADALMELLATO
1969-10-01,9.064032000000008,9.534037216416424,0.47000521641641574,80.20645161290322,31,5062,GUADALMELLATO
1969-11-01,32.50672,32.78634194632459,0.27962194632459336,91.80666666666666,30,5062,GUADALMELLATO
1969-12-01,7.895295999999994,8.121794691347715,0.22649869134772047,116.81935483870969,31,5062,GUADALMELLATO
1970-01-01,363.601376,363.8517417278544,0.2503657278543626,135.81290322580645,31,5062,GUADALMELLATO
1970-02-01,14.579519999999995,14.937380879201369,0.357860879201374,135.65357142857144,28,5062,GUADALMELLATO
1970-03-01,3.626048000000011,4.2543500461363735,0.6283020461363626,136.53870967741935,31,5062,GUADALMELLATO
1970-04-01,2.6541119999999943,3.3939863362187648,0.7398743362187703,133.81333333333333,30,5062,GUADALMELLATO
1970-05-01,0.45718399999999515,1.5083865964597842,1.0512025964597893,122.36774193548388,31,5062,GUADALMELLATO
1970-06-01,2.725120000000006,4.032655543833313,1.307535543833306,111.15333333333334,30,5062,GUADALMELLATO
1970-07-01,0.06726400000000621,1.448254936593994,1.3809909365939879,90.21612903225805,31,5062,GUADALMELLATO
1970-08-01,-0.06121600000000718,0.923646502344288,0.9848625023442952,61.70967741935484,31,5062,GUADALMELLATO
1970-09-01,0.0547520000000051,0.5252158486702437,0.4704638486702386,36.56333333333334,30,5062,GUADALMELLATO
1970-10-01,-0.062112000000001916,0.17235371018691312,0.23446571018691506,28.261290322580646,31,5062,GUADALMELLATO
1970-11-01,0.0048000000000029824,0.1214308694800994,0.11663086948009642,24.686666666666667,30,5062,GUADALMELLATO
1970-12-01,0.3410880000000003,0.41432253178526907,0.07323453178526877,21.483870967741936,31,5062,GUADALMELLATO
1971-01-01,5.672127999999998,5.742708782189146,0.07058078218914818,20.34193548387097,31,5062,GUADALMELLATO
1971-02-01,2.722432000000002,2.8347190784495595,0.11228707844955707,23.842857142857145,28,5062,GUADALMELLATO
1971-03-01,3.173024,3.3665182385645305,0.1934942385645304,23.335483870967742,31,5062,GUADALMELLATO
1971-04-01,32.00304,32.349913976237545,0.3468739762375491,43.416666666666664,30,5062,GUADALMELLATO
1971-05-01,47.99980800000001,48.767902900518514,0.7680949005185088,76.91612903225807,31,5062,GUADALMELLATO
1971-06-01,5.180352,6.392312185897918,1.2119601858979172,99.18666666666667,30,5062,GUADALMELLATO
1971-07-01,0.006559999999989796,1.3017018322608078,1.295141832260818,81.93225806451613,31,5062,GUADALMELLATO
1971-08-01,-0.04233599999999349,0.9073037809261005,0.949639780926094,58.36451612903225,31,5062,GUADALMELLATO
1971-09-01,-0.0043199999999972705,0.4701570662794705,0.47447706627946773,37.05333333333333,30,5062,GUADALMELLATO
1971-10-01,0.06822400000000027,0.29045270050000604,0.2222287005000058,26.083870967741937,31,5062,GUADALMELLATO
1971-11-01,-0.05024000000000041,0.05797394804390753,0.10821394804390794,22.066666666666666,30,5062,GUADALMELLATO
1971-12-01,0.25660800000000095,0.32367575896915424,0.06706775896915329,18.82903225806452,31,5062,GUADALMELLATO
1972-01-01,5.378815999999999,5.445234292176649,0.06641829217665066,18.570967741935487,31,5062,GUADALMELLATO
1972-02-01,58.730208000000005,58.95388139472373,0.22367339472372408,64.8551724137931,29,5062,GUADALMELLATO
1972-03-01,34.01055999999999,34.48836494522745,0.47780494522745914,90.85161290322581,31,5062,GUADALMELLATO
1972-04-01,2.2505600000000054,2.8895212432605044,0.638961243260499,107.39666666666668,30,5062,GUADALMELLATO
1972-05-01,1.7575359999999947,2.6755216033329376,0.9179856033329431,99.86129032258064,31,5062,GUADALMELLATO
1972-06-01,-0.016319999999994048,1.1326893869941779,1.149009386994172,91.56,30,5062,GUADALMELLATO
1972-07-01,0.00812799999999797,1.2992655933488935,1.2911375933488956,81.48064516129033,31,5062,GUADALMELLATO
1972-08-01,0.028191999999998996,0.9953949087552789,0.9672029087552799,60.038709677419355,31,5062,GUADALMELLATO
1972-09-01,0.2901439999999976,0.778221692635334,0.48807769263533635,38.57333333333334,30,5062,GUADALMELLATO
1972-10-01,12.012544000000002,12.292933020079571,0.2803890200795707,36.983870967741936,31,5062,GUADALMELLATO
1972-11-01,12.610560000000003,12.796301393588905,0.1857413935889035,49.65,30,5062,GUADALMELLATO
1972-12-01,31.790912000000006,31.947360100850226,0.1564481008502208,67.2741935483871,31,5062,GUADALMELLATO
1973-01-01,27.550528,27.74490192531687,0.1943739253168703,93.02903225806452,31,5062,GUADALMELLATO
1973-02-01,6.449855999999988,6.760351950577055,0.310495950577067,109.63571428571429,28,5062,GUADALMELLATO
1973-03-01,2.4909120000000002,3.038579038766622,0.5476670387666218,111.11612903225806,31,5062,GUADALMELLATO
1973-04-01,0.682752,1.3180716575999636,0.6353196575999634,106.49,30,5062,GUADALMELLATO
1973-05-01,6.677760000000012,7.568912699438275,0.8911526994382639,95.51612903225806,31,5062,GUADALMELLATO
1973-06-01,0.9951359999999975,2.170184148944346,1.175048148944349,94.69,30,5062,GUADALMELLATO
1973-07-01,-0.08451199999999559,1.157518670659767,1.2420306706597628,76.96774193548387,31,5062,GUADALMELLATO
1973-08-01,0.04089599999999406,0.9150874755432493,0.8741914755432552,51.61290322580645,31,5062,GUADALMELLATO
1973-09-01,-0.10172799999999546,0.37935585955847495,0.48108385955847044,37.70333333333333,30,5062,GUADALMELLATO
1973-10-01,14.568575999999998,14.813344175116335,0.24476817511633703,30.151612903225807,31,5062,GUADALMELLATO
1973-11-01,1.2698559999999988,1.392601378256189,0.12274537825619046,26.65,30,5062,GUADALMELLATO
1973-12-01,16.921568,17.00893664810351,0.08736864810351026,28.174193548387095,31,5062,GUADALMELLATO
1974-01-01,4.2736319999999965,4.387270068743912,0.11363806874391463,41.516129032258064,31,5062,GUADALMELLATO
1974-02-01,10.932128000000006,11.104804610331536,0.1726766103315306,45.51428571428572,28,5062,GUADALMELLATO
1974-03-01,6.460223999999996,6.78730187370015,0.3270778737001546,51.28709677419354,31,5062,GUADALMELLATO
1974-04-01,17.57728,18.007930927307925,0.4306509273079255,59.44666666666667,30,5062,GUADALMELLATO
1974-05-01,10.222880000000004,11.001336672993567,0.7784566729935632,77.97741935483872,31,5062,GUADALMELLATO
1974-06-01,0.7313600000000001,1.752620950446495,1.0212609504464947,76.72,30,5062,GUADALMELLATO
1974-07-01,0.03625599999999954,1.1939564962372369,1.1577004962372373,69.19032258064516,31,5062,GUADALMELLATO
1974-08-01,-0.04921599999999765,0.8668612126196908,0.9160772126196886,55.248387096774195,31,5062,GUADALMELLATO
1974-09-01,-0.6567039999999995,-0.13186439980401377,0.5248396001959859,42.96333333333334,30,5062,GUADALMELLATO
1974-10-01,-0.26985599999999976,0.0039028749928392663,0.273758874992839,35.65161290322581,31,5062,GUADALMELLATO
1974-11-01,0.11577600000000098,0.2560875388472897,0.1403115388472887,32.57,30,5062,GUADALMELLATO
1974-12-01,-0.13391999999999915,-0.04262555525209606,0.09129444474790309,29.896774193548385,31,5062,GUADALMELLATO
1975-01-01,1.7410239999999995,1.8285136121965808,0.08748961219658138,28.04516129032258,31,5062,GUADALMELLATO
1975-02-01,13.174687999999996,13.315713300268207,0.14102530026820997,33.675,28,5062,GUADALMELLATO
1975-03-01,39.658080000000005,40.022097453534315,0.3640174535343108,60.68064516129032,31,5062,GUADALMELLATO
1975-04-01,2.886592000000006,3.396738842251701,0.5101468422516947,76.61,30,5062,GUADALMELLATO
1975-05-01,2.1065599999999916,2.865833617785417,0.7592736177854255,75.10967741935484,31,5062,GUADALMELLATO
1975-06-01,0.5728960000000001,1.565007409546916,0.992111409546916,73.46000000000001,30,5062,GUADALMELLATO
1975-07-01,0.22246400000000616,1.3451303169108237,1.1226663169108178,66.06129032258065,31,5062,GUADALMELLATO
1975-08-01,0.05574400000000007,0.9677563132695919,0.9120123132695919,54.86451612903225,31,5062,GUADALMELLATO
1975-09-01,0.013919999999994381,0.5743392574030223,0.5604192574030279,47.376666666666665,30,5062,GUADALMELLATO
1975-10-01,-0.08463999999999425,0.23119004399051452,0.31583004399050874,44.1741935483871,31,5062,GUADALMELLATO
1975-11-01,0.18726399999999868,0.3517183596022528,0.1644543596022541,41.32666666666667,30,5062,GUADALMELLATO
1975-12-01,0.5367040000000001,0.6457583380889631,0.1090543380889631,39.02903225806452,31,5062,GUADALMELLATO
1976-01-01,0.25526399999999855,0.3605158697115771,0.10525186971157854,37.00645161290323,31,5062,GUADALMELLATO
1976-02-01,9.079871999999998,9.247949245552535,0.16807724555253617,41.45172413793103,29,5062,GUADALMELLATO
1976-03-01,4.8043200000000015,5.1022152320998,0.29789523209979885,44.58064516129032,31,5062,GUADALMELLATO
1976-04-01,35.893055999999994,36.2992684013635,0.40621240136350556,54.94666666666667,30,5062,GUADALMELLATO
1976-05-01,2.967904000000003,3.755802929650553,0.7878989296505499,79.3967741935484,31,5062,GUADALMELLATO
1976-06-01,-0.07657599999999382,0.8995577279915186,0.9761337279915123,71.72,30,5062,GUADALMELLATO
1976-07-01,1.108799999999996,2.199057080977635,1.090257080977639,63.20645161290323,31,5062,GUADALMELLATO
1976-08-01,-0.08092799999999961,0.8301807337955817,0.9111087337955812,54.770967741935486,31,5062,GUADALMELLATO
1976-09-01,0.15411200000000014,0.7176807816914073,0.5635687816914071,47.776666666666664,30,5062,GUADALMELLATO
1976-10-01,0.7088320000000043,1.0303347523386786,0.32150275233867426,45.36774193548387,31,5062,GUADALMELLATO
1976-11-01,7.360223999999994,7.541088299582885,0.18086429958289088,47.68333333333333,30,5062,GUADALMELLATO
1976-12-01,32.830208,32.97566517777451,0.14545717777450953,60.33870967741935,31,5062,GUADALMELLATO
1977-01-01,135.4224,135.67739584250106,0.25499584250104823,139.78709677419354,31,5062,GUADALMELLATO
1977-02-01,98.79340800000001,99.18006693077247,0.3866589307724562,152.36785714285716,28,5062,GUADALMELLATO
1977-03-01,11.163583999999984,11.816582923969166,0.6529989239691829,144.6709677419355,31,5062,GUADALMELLATO
1977-04-01,1.230496,2.002882689580767,0.7723866895807674,142.72333333333333,30,5062,GUADALMELLATO
1977-05-01,-0.015359999999990895,1.0955548399947064,1.1109148399946973,132.9516129032258,31,5062,GUADALMELLATO
1977-06-01,-0.18588799999999644,1.1674479148394288,1.3533359148394253,117.06666666666666,30,5062,GUADALMELLATO
1977-07-01,-0.5774720000000013,0.8508254945949285,1.4282974945949298,94.85806451612903,31,5062,GUADALMELLATO
1977-08-01,-0.5310719999999943,0.532406163894062,1.0634781638940562,69.1741935483871,31,5062,GUADALMELLATO
1977-09-01,-0.30166400000000354,0.25055219882804236,0.5522161988280458,46.43666666666666,30,5062,GUADALMELLATO
1977-10-01,0.33763200000000015,0.6247522279474436,0.28712022794744346,38.29032258064516,31,5062,GUADALMELLATO
1977-11-01,1.4719360000000017,1.6213565255369098,0.14942052553690816,35.79,30,5062,GUADALMELLATO
1977-12-01,39.49436800000001,39.6373845356308,0.1430165356307912,59.190322580645166,31,5062,GUADALMELLATO
1978-01-01,7.269503999999994,7.440170420477637,0.17066642047764277,76.40967741935484,31,5062,GUADALMELLATO
1978-02-01,55.959552,56.21754172404696,0.25798972404696074,83.34642857142856,28,5062,GUADALMELLATO
1978-03-01,42.248672,42.946475872521674,0.6978038725216771,159.84193548387097,31,5062,GUADALMELLATO
1978-04-01,4.682303999999995,5.522218243378342,0.8399142433783471,161.84333333333333,30,5062,GUADALMELLATO
1978-05-01,9.549504000000006,10.81668359576401,1.267179595764004,161.93870967741935,31,5062,GUADALMELLATO
1978-06-01,3.214304000000012,4.878098173818832,1.6637941738188196,159.5366666666667,30,5062,GUADALMELLATO
1978-07-01,0.9432319999999901,2.823547253292687,1.8803152532926966,143.20322580645163,31,5062,GUADALMELLATO
1978-08-01,-0.8915839999999963,0.6058611932546807,1.4974451932546768,115.45806451612903,31,5062,GUADALMELLATO
1978-09-01,-0.49232000000000464,0.3725673692647482,0.8648873692647528,90.89,30,5062,GUADALMELLATO
1978-10-01,-0.3965759999999965,0.05142939666285934,0.44800539666285577,74.64516129032258,31,5062,GUADALMELLATO
1978-11-01,0.36819200000000313,0.597589962717431,0.22939796271742785,68.08333333333333,30,5062,GUADALMELLATO
1978-12-01,15.938239999999995,16.099928879653714,0.16168887965371742,70.49032258064516,31,5062,GUADALMELLATO
1979-01-01,152.902624,153.12457024392032,0.2219462439203347,114.49354838709678,31,5062,GUADALMELLATO
1979-02-01,122.79420800000001,123.18428397174566,0.39007597174563513,154.38214285714284,28,5062,GUADALMELLATO
1979-03-01,22.706944000000007,23.406097597708104,0.6991535977080984,160.2741935483871,31,5062,GUADALMELLATO
1979-04-01,51.56319999999999,52.40243343775222,0.839233437752235,161.64666666666665,30,5062,GUADALMELLATO
1979-05-01,0.7071360000000235,1.9439604248245113,1.2368244248244877,156.1709677419355,31,5062,GUADALMELLATO
1979-06-01,-0.839680000000016,0.6678168276695816,1.5074968276695975,137.64666666666665,30,5062,GUADALMELLATO
1979-07-01,-0.8319039999999904,0.7652821398304487,1.597186139830439,112.13870967741936,31,5062,GUADALMELLATO
1979-08-01,-0.8647040000000069,0.3704636929815842,1.2351676929815911,86.51290322580645,31,5062,GUADALMELLATO
1979-09-01,-0.30422399999999405,0.4195314902164374,0.7237554902164315,69.54333333333334,30,5062,GUADALMELLATO
1979-10-01,24.260063999999996,24.70481346426071,0.44474946426071305,73.99354838709678,31,5062,GUADALMELLATO
1979-11-01,1.8440640000000086,2.1153133655029484,0.2712493655029396,87.53666666666666,30,5062,GUADALMELLATO
1979-12-01,0.6008319999999973,0.7853695373117539,0.1845375373117565,85.90967741935484,31,5062,GUADALMELLATO
1980-01-01,2.474943999999997,2.6579314131077583,0.18298741310776115,84.82903225806452,31,5062,GUADALMELLATO
1980-02-01,2.573856,2.8442070279449663,0.27035102794496607,84.50689655172413,29,5062,GUADALMELLATO
1980-03-01,8.023552000000004,8.48620623455303,0.4626542345530277,86.28387096774195,31,5062,GUADALMELLATO
1980-04-01,1.0231679999999919,1.58653366557033,0.5633656655703382,88.91000000000001,30,5062,GUADALMELLATO
1980-05-01,2.3782720000000084,3.2021939347784922,0.8239219347784836,84.90322580645162,31,5062,GUADALMELLATO
1980-06-01,-0.5771520000000081,0.47517828936178164,1.0523302893617899,80.25666666666666,30,5062,GUADALMELLATO
1980-07-01,-0.7770559999999909,0.36140680233687184,1.1384628023368628,67.48387096774194,31,5062,GUADALMELLATO
1980-08-01,-0.3875519999999996,0.537679894870902,0.9252318948709016,56.04516129032258,31,5062,GUADALMELLATO
1980-09-01,-0.4614400000000012,0.12597583035013024,0.5874158303501313,50.843333333333334,30,5062,GUADALMELLATO
1980-10-01,0.07503999999999593,0.40206891997992195,0.32702891997992606,46.54516129032258,31,5062,GUADALMELLATO
1980-11-01,9.217088000000002,9.40091883365837,0.1838308336583664,48.87,30,5062,GUADALMELLATO
1980-12-01,-0.08896000000000122,0.038376468294290436,0.12733646829429165,49.24516129032258,31,5062,GUADALMELLATO
1981-01-01,0.012768000000000036,0.13486144351489837,0.12209344351489831,46.23548387096774,31,5062,GUADALMELLATO
1981-02-01,-0.08467199999999565,0.08293270417458973,0.16760470417458537,43.482142857142854,28,5062,GUADALMELLATO
1981-03-01,0.16956799999999586,0.4508229228106979,0.2812549228107021,40.89677419354839,31,5062,GUADALMELLATO
1981-04-01,1.5926400000000016,1.9174775355578138,0.3248375355578121,38.92666666666666,30,5062,GUADALMELLATO
1981-05-01,2.097568000000001,2.5872068060518765,0.4896388060518752,38.89677419354839,31,5062,GUADALMELLATO
1981-06-01,-0.32483200000000123,0.30250473920877424,0.6273367392087755,36.940000000000005,30,5062,GUADALMELLATO
1981-07-01,-0.4159999999999985,0.3052772844470203,0.7212772844470188,34.00967741935484,31,5062,GUADALMELLATO
1981-08-01,-0.3522880000000005,0.2729524124953926,0.6252404124953931,31.129032258064516,31,5062,GUADALMELLATO
1981-09-01,0.10105599999999945,0.500348020874132,0.3992920208741325,28.493333333333332,30,5062,GUADALMELLATO
1981-10-01,-0.11280000000000134,0.1110079099872408,0.22380790998724215,26.351612903225806,31,5062,GUADALMELLATO
1981-11-01,-0.0607999999999985,0.05579435130417386,0.11659435130417235,24.67,30,5062,GUADALMELLATO
1981-12-01,20.24368,20.32460136250244,0.08092136250244025,25.041935483870965,31,5062,GUADALMELLATO
1982-01-01,32.396896,32.54726162928226,0.150365629282264,63.400000000000006,31,5062,GUADALMELLATO
1982-02-01,7.649856000000006,7.893389720981118,0.24353372098111312,76.16428571428571,28,5062,GUADALMELLATO
1982-03-01,2.3639359999999945,2.804275472336127,0.44033947233613274,80.10967741935484,31,5062,GUADALMELLATO
1982-04-01,3.802143999999997,4.330012885512653,0.5278688855126559,80.63666666666667,30,5062,GUADALMELLATO
1982-05-01,-0.11583999999999675,0.6590326266373827,0.7748726266373794,77.4483870967742,31,5062,GUADALMELLATO
1982-06-01,-0.3068799999999967,0.6439146453681174,0.950794645368114,68.93333333333334,30,5062,GUADALMELLATO
1982-07-01,-0.5880959999999995,0.4639467232429786,1.052042723242978,59.92258064516129,31,5062,GUADALMELLATO
1982-08-01,-0.4491520000000023,0.41513288268257736,0.8642848826825797,50.61612903225806,31,5062,GUADALMELLATO
1982-09-01,-0.01395199999999698,0.5179381758636536,0.5318901758636506,43.806666666666665,30,5062,GUADALMELLATO
1982-10-01,-0.08789759999999744,0.20782815665409485,0.2957257566540923,40.02616129032258,31,5062,GUADALMELLATO
1982-11-01,14.056449599999999,14.227465624746124,0.17101602474612332,43.87416666666666,30,5062,GUADALMELLATO
1982-12-01,4.080878400000001,4.210528020333555,0.12964962033355448,50.59058064516129,31,5062,GUADALMELLATO
1983-01-01,1.4958927999999985,1.6253688584951451,0.1294760584951466,50.4895806451613,31,5062,GUADALMELLATO
1983-02-01,0.8398064000000027,1.0203684536543165,0.18056205365431385,48.61892857142857,28,5062,GUADALMELLATO
1983-03-01,0.3238431999999946,0.6305876964277315,0.3067444964277369,46.57851612903226,31,5062,GUADALMELLATO
1983-04-01,3.847451200000006,4.202533732132438,0.3550825321324321,44.490033333333336,30,5062,GUADALMELLATO
1983-05-01,1.237625599999996,1.7838310887323752,0.5462054887323791,45.82906451612903,31,5062,GUADALMELLATO
1983-06-01,-0.4801823999999983,0.20782216607319814,0.6880045660731964,42.42713333333334,30,5062,GUADALMELLATO
1983-07-01,-0.5398783999999996,0.23992551120146083,0.7798039112014605,38.23406451612904,31,5062,GUADALMELLATO
1983-08-01,-0.27026879999999837,0.3994254500796765,0.6696942500796749,34.50822580645162,31,5062,GUADALMELLATO
1983-09-01,-0.31127360000000215,0.11248215884487567,0.4237557588448778,31.1542,30,5062,GUADALMELLATO
1983-10-01,-0.23019519999999857,0.0016857380611499688,0.23188093806114854,27.792548387096772,31,5062,GUADALMELLATO
1983-11-01,32.6267024,32.78085128559149,0.15414888559149004,38.27793333333333,30,5062,GUADALMELLATO
1983-12-01,39.6458256,39.80376979037004,0.15794419037004737,68.62267741935483,31,5062,GUADALMELLATO
1984-01-01,5.875892800000009,6.073619782452805,0.19772698245279594,95.28312903225806,31,5062,GUADALMELLATO
1984-02-01,2.84083519999999,3.135684842821708,0.29484964282171783,96.24989655172413,29,5062,GUADALMELLATO
1984-03-01,20.322892800000012,20.836519144720597,0.5136263447205875,100.97006451612904,31,5062,GUADALMELLATO
1984-04-01,8.819864,9.501821101751355,0.681957101751355,118.41056666666667,30,5062,GUADALMELLATO
1984-05-01,12.722892800000002,13.78769606959208,1.0648032695920768,124.75035483870968,31,5062,GUADALMELLATO
1984-06-01,1.358428799999993,2.787442695183016,1.4290138951830227,127.00746666666667,30,5062,GUADALMELLATO
1984-07-01,-1.1189327999999952,0.40408537524089005,1.5230181752408851,104.43896774193549,31,5062,GUADALMELLATO
1984-08-01,-0.7639232000000085,0.4014396158329785,1.165362815832987,79.28183870967742,31,5062,GUADALMELLATO
1984-09-01,-0.5329231999999908,0.13984421865649826,0.672767418656489,62.349000000000004,30,5062,GUADALMELLATO
1984-10-01,0.25017280000000053,0.6047948044179325,0.354622004417932,52.56325806451613,31,5062,GUADALMELLATO
1984-11-01,18.841446400000002,19.048759757860267,0.20731335786026744,58.609966666666665,30,5062,GUADALMELLATO
1984-12-01,7.137892799999995,7.299039640019376,0.16114684001938104,70.10719354838709,31,5062,GUADALMELLATO
1985-01-01,66.8288256,67.01368297758228,0.18485737758227055,87.14754838709678,31,5062,GUADALMELLATO
1985-02-01,40.24615360000001,40.6094522865001,0.3632986865000976,138.7905,28,5062,GUADALMELLATO
1985-03-01,6.249070399999997,6.876467854640712,0.6273974546407151,136.2456129032258,31,5062,GUADALMELLATO
1985-04-01,3.5930064000000135,4.329625784438189,0.7366193844381759,132.92753333333334,30,5062,GUADALMELLATO
1985-05-01,4.150918399999981,5.2635213616603895,1.1126029616604087,133.2350322580645,31,5062,GUADALMELLATO
1985-06-01,-0.6422575999999885,0.7075540845477123,1.3498116845477008,116.65136666666668,30,5062,GUADALMELLATO
1985-07-01,-1.1829551999999994,0.18613808683626812,1.3690932868362677,89.06190322580645,31,5062,GUADALMELLATO
1985-08-01,-0.9550144000000008,0.037526720442002795,0.9925411204420036,62.35838709677419,31,5062,GUADALMELLATO
1985-09-01,-0.5789872000000025,-0.02674815165144004,0.5522390483485624,46.3881,30,5062,GUADALMELLATO
1985-10-01,-0.3827599999999968,-0.09902270070530664,0.28373729929469016,37.619354838709675,31,5062,GUADALMELLATO
1985-11-01,-0.059584000000001164,0.08457706017993012,0.1441610601799313,33.92,30,5062,GUADALMELLATO
1985-12-01,4.143744,4.236708945603121,0.09296494560312096,30.725806451612904,31,5062,GUADALMELLATO
1986-01-01,7.618751999999999,7.723653055850708,0.10490105585070932,36.832258064516125,31,5062,GUADALMELLATO
1986-02-01,40.094112,40.27706789630383,0.18295589630383716,50.228571428571435,28,5062,GUADALMELLATO
1986-03-01,11.228480000000006,11.678233175713496,0.4497531757134907,82.70645161290322,31,5062,GUADALMELLATO
1986-04-01,1.6835519999999915,2.228880474156387,0.5453284741563953,84.67,30,5062,GUADALMELLATO
1986-05-01,0.17798399999999737,0.9907581083068993,0.812774108306902,83.18709677419355,31,5062,GUADALMELLATO
1986-06-01,-0.6355199999999998,0.4001527565867636,1.0356727565867634,78.36,30,5062,GUADALMELLATO
1986-07-01,-0.8194239999999968,0.3218817973831866,1.1413057973831835,67.71612903225805,31,5062,GUADALMELLATO
1986-08-01,-0.7820479999999996,0.16765223442315463,0.9497002344231543,58.277419354838706,31,5062,GUADALMELLATO
1986-09-01,-0.34054399999999696,0.2698803994790325,0.6104243994790294,53.85666666666667,30,5062,GUADALMELLATO
1986-10-01,0.23110079999999802,0.5759922180621558,0.34489141806215784,50.408258064516126,31,5062,GUADALMELLATO
1986-11-01,0.27670560000000183,0.45698916908797194,0.18028356908797014,47.43416666666667,30,5062,GUADALMELLATO
1986-12-01,0.1729008000000017,0.29215464958817555,0.1192538495881739,44.63145161290323,31,5062,GUADALMELLATO
1987-01-01,38.79673760000001,38.92577987966417,0.12904227966416557,50.44225806451613,31,5062,GUADALMELLATO
1987-02-01,33.14479999999999,33.43703964520463,0.2922396452046378,100.19632142857142,28,5062,GUADALMELLATO
1987-03-01,5.307731200000011,5.861374326136407,0.5536431261363964,112.94054838709678,31,5062,GUADALMELLATO
1987-04-01,12.721232,13.412136725509114,0.6909047255091136,120.771,30,5062,GUADALMELLATO
1987-05-01,-0.1871696000000012,0.8589743576977875,1.0461439576977887,121.47716129032258,31,5062,GUADALMELLATO
1987-06-01,-0.6048800000000075,0.6889170160209827,1.2937970160209902,109.4518,30,5062,GUADALMELLATO
1987-07-01,0.46401600000000753,1.8235858545778694,1.3595698545778618,88.06051612903227,31,5062,GUADALMELLATO
1987-08-01,0.195108799999998,1.3086857168511876,1.1135769168511895,73.9962258064516,31,5062,GUADALMELLATO
1987-09-01,-0.06785920000000137,0.6474082735224308,0.7152674735224321,68.31086666666667,30,5062,GUADALMELLATO
1987-10-01,-9.8080304,-9.463659756985699,0.3443706430143,50.298870967741934,31,5062,GUADALMELLATO
1987-11-01,10.961131200000006,11.171996491711077,0.21086529171107135,60.035133333333334,30,5062,GUADALMELLATO
1987-12-01,146.1640288,146.3804054404565,0.2163766404565224,109.90970967741936,31,5062,GUADALMELLATO
1988-01-01,77.599888,77.84105964615317,0.24117164615316158,128.3694193548387,31,5062,GUADALMELLATO
1988-02-01,21.538753599999996,21.905886602153082,0.36713300215308625,133.73489655172415,29,5062,GUADALMELLATO
1988-03-01,3.3039568000000124,3.931686276958048,0.6277294769580358,136.352,31,5062,GUADALMELLATO
1988-04-01,1.8470127999999861,2.5874650237700902,0.7404522237701041,133.96516666666668,30,5062,GUADALMELLATO
1988-05-01,1.8378480000000004,2.935164059017817,1.0973160590178168,130.49551612903227,31,5062,GUADALMELLATO
1988-06-01,1.3500720000000068,2.7024070319927658,1.3523350319927592,116.94900000000001,30,5062,GUADALMELLATO
1988-07-01,-0.03204639999999914,1.3926830216766448,1.424729421676644,94.51083870967742,31,5062,GUADALMELLATO
1988-08-01,-0.10212960000000426,0.9607039285187582,1.0628335285187624,69.07164516129032,31,5062,GUADALMELLATO
1988-09-01,-0.19531999999999788,0.41211806381325333,0.6074380638132513,53.4859,30,5062,GUADALMELLATO
1988-10-01,0.2480752000000023,0.5830078060298967,0.3349326060298944,48.24083870967742,31,5062,GUADALMELLATO
1988-11-01,1.241886400000001,1.4190871102164642,0.17720071021646333,46.22083333333333,30,5062,GUADALMELLATO
1988-12-01,0.10185119999999699,0.22014389896165346,0.11829269896165648,44.09341935483871,31,5062,GUADALMELLATO
1989-01-01,0.44508799999999954,0.5590212966362523,0.11393329663625282,41.677516129032256,31,5062,GUADALMELLATO
1989-02-01,0.7899599999999993,0.9473295711961224,0.15736957119612296,39.56003571428572,28,5062,GUADALMELLATO
1989-03-01,1.090883200000004,1.3602468857411956,0.2693636857411918,38.32883870967742,31,5062,GUADALMELLATO
1989-04-01,1.0552111999999985,1.3682473817386889,0.3130361817386905,36.82449999999999,30,5062,GUADALMELLATO
1989-05-01,0.03296800000000294,0.48766112333239076,0.4546931233323878,34.81196774193548,31,5062,GUADALMELLATO
1989-06-01,-0.4068448000000011,0.15333252853432708,0.5601773285343282,31.173266666666667,30,5062,GUADALMELLATO
1989-07-01,-0.4751856000000001,0.14469249561753528,0.6198780956175354,27.101774193548387,31,5062,GUADALMELLATO
1989-08-01,-0.12587999999999908,0.38929491430339164,0.5151749143033907,23.287096774193547,31,5062,GUADALMELLATO
1989-09-01,0.06886719999999853,0.3866339520400457,0.3177667520400471,20.230833333333333,30,5062,GUADALMELLATO
1989-10-01,0.34002879999999885,0.5128387580944704,0.1728099580944716,17.880935483870967,31,5062,GUADALMELLATO
1989-11-01,66.356208,66.48473795237192,0.128529952371912,30.814733333333333,30,5062,GUADALMELLATO
1989-12-01,162.8267856,163.05769369038475,0.23090809038475635,120.70612903225806,31,5062,GUADALMELLATO
1990-01-01,41.983910400000006,42.23503252073531,0.251122120735301,136.38009677419356,31,5062,GUADALMELLATO
1990-02-01,14.898923199999984,15.252332993786808,0.3534097937868236,133.18067857142856,28,5062,GUADALMELLATO
1990-03-01,3.2069504000000113,3.773862199151943,0.5669117991519319,117.02477419354838,31,5062,GUADALMELLATO
1990-04-01,4.585913599999998,5.266038422142354,0.6801248221423557,117.9312,30,5062,GUADALMELLATO
1990-05-01,1.6181023999999935,2.646749684795559,1.0286472847955657,118.43932258064517,31,5062,GUADALMELLATO
1990-06-01,-0.552980799999989,0.7814486262611443,1.3344294262611334,114.5908,30,5062,GUADALMELLATO
1990-07-01,-0.7949680000000064,0.7778676939705488,1.5728356939705552,109.50829032258065,31,5062,GUADALMELLATO
1990-08-01,-0.6378912000000052,0.7625720063012337,1.400463206301239,104.34429032258063,31,5062,GUADALMELLATO
1990-09-01,-0.29305279999998957,0.6290499640822291,0.9221027640822187,99.9864,30,5062,GUADALMELLATO
1990-10-01,0.693238400000001,1.2251456975899009,0.5319072975898999,96.54212903225806,31,5062,GUADALMELLATO
1990-11-01,2.660945599999991,2.948807995763422,0.2878623957634309,95.70053333333334,30,5062,GUADALMELLATO
1990-12-01,0.7419712000000069,0.9385360785141659,0.19656487851415894,94.44406451612903,31,5062,GUADALMELLATO
1991-01-01,0.5979215999999946,0.7909689544602183,0.19304735446022364,91.92074193548387,31,5062,GUADALMELLATO
1991-02-01,6.010183999999999,6.284734438535779,0.27455043853578,91.16196428571428,28,5062,GUADALMELLATO
1991-03-01,78.84885120000001,79.43643889441547,0.5875876944154617,123.80806451612904,31,5062,GUADALMELLATO
1991-04-01,2.528972800000006,3.1922264370364126,0.6632536370364066,113.5929,30,5062,GUADALMELLATO
1991-05-01,-0.17614240000000758,0.7220382080660355,0.898180608066043,96.69712903225806,31,5062,GUADALMELLATO
1991-06-01,0.07608320000000314,1.0919975065361716,1.0159143065361684,76.19733333333333,30,5062,GUADALMELLATO
1991-07-01,-0.4999775999999957,0.5632262378402915,1.0632038378402873,60.86832258064516,31,5062,GUADALMELLATO
1991-08-01,-0.696929600000005,0.22693273718886894,0.9238623371888739,55.91183870967742,31,5062,GUADALMELLATO
1991-09-01,-0.27906400000000037,0.314687753750546,0.5937517537505463,51.6666,30,5062,GUADALMELLATO
1991-10-01,0.948961600000004,1.2838249857201274,0.3348633857201235,48.22593548387096,31,5062,GUADALMELLATO
1991-11-01,0.09092480000000168,0.2654868722435234,0.17456207224352174,45.19493333333333,30,5062,GUADALMELLATO
1991-12-01,0.6501519999999988,0.765666046650016,0.11551404665001722,42.54877419354838,31,5062,GUADALMELLATO
1992-01-01,0.3579327999999953,0.46872296465118973,0.11079016465119448,39.96612903225807,31,5062,GUADALMELLATO
1992-02-01,2.094912000000005,2.253020964685638,0.15810896468563237,37.79568965517242,29,5062,GUADALMELLATO
1992-03-01,0.402459199999998,0.6646817761228792,0.2622225761228812,36.816161290322576,31,5062,GUADALMELLATO
1992-04-01,6.9428655999999975,7.272240822163818,0.32937522216382015,39.75756666666667,30,5062,GUADALMELLATO
1992-05-01,-0.06312159999999543,0.4178928109386397,0.4810144109386352,37.877709677419354,31,5062,GUADALMELLATO
1992-06-01,10.126031999999999,10.758182524862942,0.6321505248629434,37.42183333333333,30,5062,GUADALMELLATO
1992-07-01,-0.013056000000001441,0.8120070916823483,0.8250630916823498,41.60864516129032,31,5062,GUADALMELLATO
1992-08-01,-0.4499423999999983,0.2582974832320049,0.7082398832320033,37.531,31,5062,GUADALMELLATO
1992-09-01,-0.06287999999999927,0.3825229149805993,0.4454029149805986,33.570933333333336,30,5062,GUADALMELLATO
1992-10-01,5.132158399999998,5.387633667821323,0.2554752678213245,32.14725806451613,31,5062,GUADALMELLATO
1992-11-01,0.721915200000003,0.8637878710125438,0.14187267101254078,33.1141,30,5062,GUADALMELLATO
1992-12-01,0.5438095999999996,0.6368542758750243,0.09304467587502475,30.759645161290322,31,5062,GUADALMELLATO
1993-01-01,0.2370319999999992,0.3253138869526417,0.08828188695264248,28.42916129032258,31,5062,GUADALMELLATO
1993-02-01,0.25380320000000084,0.37354444766623796,0.1197412476662371,26.25782142857143,28,5062,GUADALMELLATO
1993-03-01,0.1018607999999987,0.29969387601633757,0.1978330760163389,24.126774193548385,31,5062,GUADALMELLATO
1993-04-01,0.18918240000000172,0.41035759968351093,0.22117519968350918,21.871933333333335,30,5062,GUADALMELLATO
1993-05-01,0.34480799999999795,0.6708716105970923,0.3260636105970944,21.13767741935484,31,5062,GUADALMELLATO
1993-06-01,0.12013600000000332,0.5369706408494775,0.41683464084947425,20.006666666666668,30,5062,GUADALMELLATO
1993-07-01,-0.3508832000000033,0.1326871882922679,0.4835703882922711,18.668870967741935,31,5062,GUADALMELLATO
1993-08-01,-0.3011088,0.12452385209462256,0.4256326520946226,17.483225806451614,31,5062,GUADALMELLATO
1993-09-01,-0.16190239999999867,0.117898520618377,0.27980092061837564,16.7127,30,5062,GUADALMELLATO
1993-10-01,0.2890192000000005,0.4520686617117349,0.16304946171173437,16.38474193548387,31,5062,GUADALMELLATO
1993-11-01,4.651033600000002,4.752532599133953,0.10149899913395097,20.0516,30,5062,GUADALMELLATO
1993-12-01,0.23900799999999875,0.3105779981773885,0.07156999817738977,20.749612903225806,31,5062,GUADALMELLATO
1994-01-01,4.604241599999997,4.67632248598679,0.07208088598679248,20.995677419354838,31,5062,GUADALMELLATO
1994-02-01,0.8978368000000025,1.0067080716212855,0.10887127162128298,22.76307142857143,28,5062,GUADALMELLATO
1994-03-01,7.912147199999998,8.13383977146673,0.22169257146673368,28.62016129032258,31,5062,GUADALMELLATO
1994-04-01,0.05964640000000337,0.31598431645596275,0.2563379164559594,27.288,30,5062,GUADALMELLATO
1994-05-01,0.006887999999997455,0.38823361795544953,0.3813456179554521,26.73458064516129,31,5062,GUADALMELLATO
1994-06-01,-0.300071999999999,0.18480177028240952,0.4848737702824085,25.102933333333333,30,5062,GUADALMELLATO
1994-07-01,-0.3290304000000005,0.20606506213263498,0.5350954621326355,21.737354838709674,31,5062,GUADALMELLATO
1994-08-01,-0.2509712000000007,0.19064280752863438,0.4416140075286351,18.483548387096775,31,5062,GUADALMELLATO
1994-09-01,-0.05198719999999893,0.21315553833733925,0.2651427383373382,15.4238,30,5062,GUADALMELLATO
1994-10-01,0.33080800000000066,0.46872989964536793,0.13792189964536727,12.753322580645161,31,5062,GUADALMELLATO
1994-11-01,0.45805440000000097,0.5257097110017923,0.06765531100179131,10.9058,30,5062,GUADALMELLATO
1994-12-01,0.044062399999999974,0.08836577629828275,0.04430337629828278,10.105903225806452,31,5062,GUADALMELLATO
1995-01-01,0.5659423999999985,0.6099695897240626,0.04402718972406401,10.011935483870968,31,5062,GUADALMELLATO
1995-02-01,0.386124800000001,0.45118659088044366,0.0650617908804427,10.516142857142857,28,5062,GUADALMELLATO
1995-03-01,0.09304960000000059,0.2077777992427015,0.1147281992427009,10.654064516129033,31,5062,GUADALMELLATO
1995-04-01,-0.034124800000001544,0.09596921078391356,0.1300940107839151,9.8659,30,5062,GUADALMELLATO
1995-05-01,-0.13706719999999886,0.055107444757998066,0.19217464475799692,9.56416129032258,31,5062,GUADALMELLATO
1995-06-01,0.27985120000000024,0.5335190152581345,0.25366781525813425,9.4976,30,5062,GUADALMELLATO
1995-07-01,-0.28495199999999965,0.017355695049263146,0.3023076950492628,9.22783870967742,31,5062,GUADALMELLATO
1995-08-01,-0.2531248000000007,0.010927604739270291,0.264052404739271,8.543322580645162,31,5062,GUADALMELLATO
1995-09-01,-0.13491679999999992,0.03792943046360364,0.17284623046360356,8.114466666666667,30,5062,GUADALMELLATO
1995-10-01,-0.06990240000000009,0.02981962403332271,0.0997220240333228,7.837032258064516,31,5062,GUADALMELLATO
1995-11-01,8.964003200000002,9.033679280021472,0.06967608002147078,11.624566666666668,30,5062,GUADALMELLATO
1995-12-01,35.791032,35.8634322873951,0.0724002873950971,21.668225806451613,31,5062,GUADALMELLATO
1996-01-01,260.83791360000004,261.0471212847183,0.20920768471829307,104.82029032258065,31,5062,GUADALMELLATO
1996-02-01,63.2909632,63.63210696442506,0.341143764425058,119.79510344827587,29,5062,GUADALMELLATO
1996-03-01,9.55761119999998,10.159356916931259,0.6017457169312774,127.98151612903226,31,5062,GUADALMELLATO
1996-04-01,2.2626768000000155,2.990913427591741,0.7282366275917258,130.66556666666668,30,5062,GUADALMELLATO
1996-05-01,24.45597280000001,25.608810913875175,1.1528381138751624,140.5695806451613,31,5062,GUADALMELLATO
1996-06-01,-0.9599536000000081,0.4524283055397194,1.4123819055397275,124.93493333333332,30,5062,GUADALMELLATO
1996-07-01,-0.8190480000000014,0.6215027467534988,1.4405507467535001,96.00135483870967,31,5062,GUADALMELLATO
1996-08-01,-0.8250303999999992,0.45249778619998193,1.2775281861999812,90.91096774193548,31,5062,GUADALMELLATO
1996-09-01,0.38915519999999904,1.2345908645492303,0.8454356645492314,87.77816666666666,30,5062,GUADALMELLATO
1996-10-01,0.7278576000000014,1.2182809331201854,0.4904233331201838,85.47096774193548,31,5062,GUADALMELLATO
1996-11-01,4.470692799999999,4.737745489410555,0.2670526894105553,85.51623333333333,30,5062,GUADALMELLATO
1996-12-01,223.0182288,223.2293844321154,0.21115563211540817,105.56761290322581,31,5062,GUADALMELLATO
1997-01-01,157.374896,157.6079217143424,0.2330257143423945,121.96232258064516,31,5062,GUADALMELLATO
1997-02-01,11.767172799999994,12.084656333207079,0.31748353320708467,113.35889285714286,28,5062,GUADALMELLATO
1997-03-01,2.4607696000000066,3.023558747719905,0.5627891477198985,115.75119354838709,31,5062,GUADALMELLATO
1997-04-01,0.99592319999999,1.6575399182604849,0.6616167182604947,113.1495,30,5062,GUADALMELLATO
1997-05-01,-0.05683039999999363,0.9121701201503164,0.96900052015031,108.29774193548387,31,5062,GUADALMELLATO
1997-06-01,1.6011920000000035,2.8657509042340443,1.2645589042340406,105.70823333333333,30,5062,GUADALMELLATO
1997-07-01,-0.8211503999999958,0.680018384668902,1.5011687846688977,102.10783870967741,31,5062,GUADALMELLATO
1997-08-01,-0.8197168000000064,0.5221703040353959,1.3418871040354023,97.86716129032258,31,5062,GUADALMELLATO
1997-09-01,-0.27203680000000563,0.610944201714306,0.8829810017143116,93.691,30,5062,GUADALMELLATO
1997-10-01,0.1047568000000065,0.6148377922825965,0.51008099228259,90.66174193548387,31,5062,GUADALMELLATO
1997-11-01,48.52787200000001,48.823723847722164,0.2958518477221515,99.8181,30,5062,GUADALMELLATO
1997-12-01,113.90010720000001,114.12117093654815,0.22106373654815215,112.70364516129032,31,5062,GUADALMELLATO
1998-01-01,24.472156800000008,24.68970594847185,0.21754914847184606,109.96729032258064,31,5062,GUADALMELLATO
1998-02-01,88.03701920000002,88.36528642489996,0.32826722489995025,119.18710714285714,28,5062,GUADALMELLATO
1998-03-01,4.685977600000001,5.261292375158011,0.5753147751580098,119.63587096774194,31,5062,GUADALMELLATO
1998-04-01,1.6410239999999885,2.3287210054226075,0.6876970054226192,119.9052,30,5062,GUADALMELLATO
1998-05-01,4.096913600000001,5.121643459671962,1.0247298596719618,117.76590322580645,31,5062,GUADALMELLATO
1998-06-01,-0.12592159999998953,1.127697074058583,1.2536186740585726,104.44,30,5062,GUADALMELLATO
1998-07-01,-0.8721968000000033,0.38226741104395023,1.2544642110439534,78.02235483870969,31,5062,GUADALMELLATO
1998-08-01,-0.8021712000000006,0.29481765524117476,1.0969888552411753,72.3396129032258,31,5062,GUADALMELLATO
1998-09-01,-0.38492319999999536,0.32867546501797595,0.7135986650179713,68.0714,30,5062,GUADALMELLATO
1998-10-01,-0.3219840000000035,0.08429780292485717,0.40628180292486066,64.44941935483871,31,5062,GUADALMELLATO
1998-11-01,-0.04591199999999716,0.1676453641044246,0.21355736410442175,61.15383333333333,30,5062,GUADALMELLATO
1998-12-01,-0.04512160000000187,0.09668920105309944,0.14181080105310132,57.87558064516129,31,5062,GUADALMELLATO
1999-01-01,0.42816160000000314,0.5655833618276815,0.1374217618276784,55.20867741935484,31,5062,GUADALMELLATO
1999-02-01,0.052943999999996105,0.2430040161883675,0.1900600161883714,52.50642857142857,28,5062,GUADALMELLATO
1999-03-01,0.2720671999999996,0.5933061953336894,0.3212389953336898,49.91835483870968,31,5062,GUADALMELLATO
1999-04-01,-0.07092639999999913,0.2981425753322581,0.3690689753322572,47.144666666666666,30,5062,GUADALMELLATO
1999-05-01,-0.37400479999999786,0.15665779859313012,0.530662598593128,43.889935483870964,31,5062,GUADALMELLATO
1999-06-01,-0.5278863999999988,0.1338599120440874,0.6617463120440862,40.02166666666667,30,5062,GUADALMELLATO
1999-07-01,-0.566980800000002,0.18179352854294525,0.7487743285429471,35.97551612903226,31,5062,GUADALMELLATO
1999-08-01,-0.5441568,0.09505059959239465,0.6392073995923947,32.18022580645161,31,5062,GUADALMELLATO
1999-09-01,-0.17980799999999933,0.2210040351292022,0.4008120351292015,28.657899999999998,30,5062,GUADALMELLATO
1999-10-01,25.430132799999996,25.67644789048822,0.24631509048822642,30.75,31,5062,GUADALMELLATO
1999-11-01,2.4009408000000003,2.587737364221693,0.18679656422169252,50.02536666666666,30,5062,GUADALMELLATO
1999-12-01,1.3247167999999994,1.4514361941926293,0.12671939419263004,48.885612903225805,31,5062,GUADALMELLATO
2000-01-01,2.4247296,2.5506383407728124,0.12590874077281244,48.41683870967742,31,5062,GUADALMELLATO
2000-02-01,0.6117168000000065,0.7960926395764059,0.18437583957639941,47.595241379310345,29,5062,GUADALMELLATO
2000-03-01,0.18893919999999412,0.49065150650728867,0.3017123065072946,45.43677419354839,31,5062,GUADALMELLATO
2000-04-01,42.4299248,42.87750053798477,0.44757573798477024,63.79423333333333,30,5062,GUADALMELLATO
2000-05-01,7.2125904000000025,8.057419106315123,0.8448287063151206,88.15932258064515,31,5062,GUADALMELLATO
2000-06-01,-0.7371968000000035,0.37377213371652,1.1109689337165236,87.04893333333332,30,5062,GUADALMELLATO
2000-07-01,-1.355899199999993,-0.053171744453752556,1.3027274555462405,82.54761290322581,31,5062,GUADALMELLATO
2000-08-01,-1.2238784000000043,-0.07468220143411694,1.1491961985658874,77.56554838709678,31,5062,GUADALMELLATO
2000-09-01,-0.7066943999999936,0.04204944836826665,0.7487438483682602,73.16123333333333,30,5062,GUADALMELLATO
2000-10-01,-0.1728544000000023,0.2542968128796363,0.42715121287963864,69.47758064516128,31,5062,GUADALMELLATO
2000-11-01,0.32467999999999886,0.550420730010433,0.22574073001043415,66.45986666666667,30,5062,GUADALMELLATO
2000-12-01,26.142180800000002,26.3026149919586,0.1604341919585962,69.7596129032258,31,5062,GUADALMELLATO
2001-01-01,88.1550656,88.37023984470629,0.21517424470628277,108.29054838709678,31,5062,GUADALMELLATO
2001-02-01,15.969796799999989,16.28929997727314,0.3195031772731517,114.44217857142857,28,5062,GUADALMELLATO
2001-03-01,98.4320064,99.05811083103822,0.626104431038216,135.87587096774195,31,5062,GUADALMELLATO
2001-04-01,1.8448528000000084,2.5956628623420146,0.7508100623420062,136.8069,30,5062,GUADALMELLATO
2001-05-01,1.4429183999999964,2.4763850494127038,1.0334666494127074,119.2882258064516,31,5062,GUADALMELLATO
2001-06-01,-1.1910592000000007,0.03969284820285981,1.2307520482028604,101.54603333333333,30,5062,GUADALMELLATO
2001-07-01,-1.1469343999999984,0.25461582822474826,1.4015502282247467,92.11570967741936,31,5062,GUADALMELLATO
2001-08-01,-1.1510528000000018,0.09350847040457044,1.2445612704045723,87.41683870967742,31,5062,GUADALMELLATO
2001-09-01,-0.3879968000000021,0.4255584600122073,0.8135552600122095,82.86186666666667,30,5062,GUADALMELLATO
2001-10-01,8.426120000000008,8.905818361223869,0.47969836122386067,82.70090322580646,31,5062,GUADALMELLATO
2001-11-01,16.053764799999993,16.345952511192714,0.29218771119271914,97.91363333333334,30,5062,GUADALMELLATO
2001-12-01,3.017870400000007,3.2221746222648973,0.20430422226489034,100.07606451612904,31,5062,GUADALMELLATO
2002-01-01,8.59098559999999,8.800221410993423,0.20923581099343308,103.72419354838709,31,5062,GUADALMELLATO
2002-02-01,1.7729248000000097,2.074753595509985,0.3018287955099753,105.07589285714286,28,5062,GUADALMELLATO
2002-03-01,23.01970719999999,23.574643010702314,0.5549358107023235,113.46561290322582,31,5062,GUADALMELLATO
2002-04-01,26.20076480000001,26.94027889209448,0.7395140920944674,133.76203333333333,30,5062,GUADALMELLATO
2002-05-01,0.8020224000000014,1.9280387527646847,1.1260163527646834,135.655,31,5062,GUADALMELLATO
2002-06-01,-0.9399407999999994,0.43681617531057015,1.3767569753105695,120.1174,30,5062,GUADALMELLATO
2002-07-01,-0.2858623999999971,1.2365560264995672,1.5224184264995644,104.34641935483872,31,5062,GUADALMELLATO
2002-08-01,-1.132153600000009,0.12335324160477311,1.2555068416047819,88.571,31,5062,GUADALMELLATO
2002-09-01,-0.29293599999999814,0.5307593548707581,0.8236953548707563,84.41633333333333,30,5062,GUADALMELLATO
2002-10-01,0.06812639999999613,0.5413761978170852,0.4732497978170891,81.02212903225806,31,5062,GUADALMELLATO
2002-11-01,8.3378064,8.592913773423911,0.2551073734239117,79.85100000000001,30,5062,GUADALMELLATO
2002-12-01,34.02088640000001,34.21592378063874,0.1950373806387338,93.50748387096775,31,5062,GUADALMELLATO
2003-01-01,26.000195200000004,26.21452802824605,0.2143328282460477,107.53687096774193,31,5062,GUADALMELLATO
2003-02-01,26.13067999999999,26.45044822810884,0.31976822810884925,114.62228571428571,28,5062,GUADALMELLATO
2003-03-01,16.544880000000006,17.165390635668853,0.6205106356688472,134.00835483870966,31,5062,GUADALMELLATO
2003-04-01,6.148073599999988,6.912651652217834,0.7645780522178458,140.5653,30,5062,GUADALMELLATO
2003-05-01,0.7387680000000073,1.8698631518079956,1.1310951518079884,136.61248387096774,31,5062,GUADALMELLATO
2003-06-01,-0.8901151999999908,0.3748321900020846,1.2649473900020753,105.88666666666667,30,5062,GUADALMELLATO
2003-07-01,-1.207878400000001,0.17229296804128733,1.3801713680412881,90.01593548387098,31,5062,GUADALMELLATO
2003-08-01,-1.1981248000000067,0.027608488124627475,1.2257332881246341,85.4408064516129,31,5062,GUADALMELLATO
2003-09-01,-0.7940511999999973,0.006524377314368186,0.8005755773143656,80.88736666666667,30,5062,GUADALMELLATO
2003-10-01,33.6262784,34.099835457361664,0.47355705736166803,81.23483870967742,31,5062,GUADALMELLATO
2003-11-01,49.362952,49.68159657409087,0.31864457409086777,111.46186666666667,30,5062,GUADALMELLATO
2003-12-01,65.06511040000001,65.2850138836601,0.2199034836600965,111.7761935483871,31,5062,GUADALMELLATO
2004-01-01,6.190931200000012,6.40646383236668,0.2155326323666685,108.43848387096774,31,5062,GUADALMELLATO
2004-02-01,31.9629632,32.28836996949643,0.32540676949642516,111.63372413793104,29,5062,GUADALMELLATO
2004-03-01,23.343052799999985,23.945440243412733,0.6023874434127474,128.19496774193547,31,5062,GUADALMELLATO
2004-04-01,25.7368928,26.50599751162081,0.769104711620808,141.81486666666666,30,5062,GUADALMELLATO
2004-05-01,10.19271520000002,11.35813887781384,1.1654236778138198,142.8313870967742,31,5062,GUADALMELLATO
2004-06-01,0.26196479999998706,1.7584469925044892,1.4964821925045022,136.1283,30,5062,GUADALMELLATO
2004-07-01,-1.1221280000000002,0.44176154355185027,1.5638895435518505,108.74864516129033,31,5062,GUADALMELLATO
2004-08-01,-1.1139695999999915,0.1368894908044911,1.2508590908044825,88.0806129032258,31,5062,GUADALMELLATO
2004-09-01,-0.6978752000000081,0.12324910280945803,0.8211243028094661,84.021,30,5062,GUADALMELLATO
2004-10-01,5.968072000000013,6.441753497460475,0.47368149746046273,81.13477419354838,31,5062,GUADALMELLATO
2004-11-01,3.4936223999999885,3.764031711541133,0.2704093115411441,87.1304,30,5062,GUADALMELLATO
2004-12-01,2.691057600000009,2.8771081383871144,0.18605053838710536,86.96829032258064,31,5062,GUADALMELLATO
2005-01-01,0.422980799999994,0.6063750171135932,0.18339421711359916,85.11264516129033,31,5062,GUADALMELLATO
2005-02-01,0.43882400000000266,0.6970862568265007,0.258262256826498,83.16739285714286,28,5062,GUADALMELLATO
2005-03-01,0.9648816000000063,1.4114690360176658,0.44658743601765954,81.82087096774194,31,5062,GUADALMELLATO
2005-04-01,0.6061615999999873,1.133074527087282,0.5269129270872945,80.41796666666667,30,5062,GUADALMELLATO
2005-05-01,-0.21993119999999777,0.558020959012596,0.7779521590125938,77.89867741935484,31,5062,GUADALMELLATO
2005-06-01,-1.1660927999999953,-0.1655377787681774,1.000555021231818,74.4006,30,5062,GUADALMELLATO
2005-07-01,-1.4477727999999985,-0.2739351556377097,1.1738376443622887,70.60438709677419,31,5062,GUADALMELLATO
2005-08-01,-1.2600688000000049,-0.23054230722810898,1.029526492771896,65.77138709677419,31,5062,GUADALMELLATO
2005-09-01,-0.7390799999999972,-0.06975855533061456,0.6693214446693827,61.83533333333333,30,5062,GUADALMELLATO
2005-10-01,0.011686399999998265,0.39318041662287806,0.38149401662287974,58.64087096774193,31,5062,GUADALMELLATO
2005-11-01,-0.1709631999999987,0.030635578285597244,0.20159877828559594,56.08946666666667,30,5062,GUADALMELLATO
2005-12-01,0.3931583999999987,0.528212883522728,0.13505448352272933,53.78806451612903,31,5062,GUADALMELLATO
2006-01-01,0.7248848000000022,0.8565692267605506,0.13168442676054834,51.786967741935484,31,5062,GUADALMELLATO
2006-02-01,2.0100000000000025,2.1964745183348016,0.18647451833479883,51.02578571428571,28,5062,GUADALMELLATO
2006-03-01,18.560907199999995,18.91115669746982,0.3502494974698255,56.954,31,5062,GUADALMELLATO
2006-04-01,1.8437696000000003,2.314053991103896,0.4702843911038958,67.80833333333334,30,5062,GUADALMELLATO
2006-05-01,0.6127168000000031,1.3163939761125172,0.703677176112514,67.01335483870969,31,5062,GUADALMELLATO
2006-06-01,-0.6979743999999983,0.2065466290973836,0.9045210290973819,63.950399999999995,30,5062,GUADALMELLATO
2006-07-01,-0.8010959999999983,0.2543317796584338,1.0554277796584322,60.19706451612903,31,5062,GUADALMELLATO
2006-08-01,-0.8080496000000063,0.12089380720545825,0.9289434072054645,56.37048387096774,31,5062,GUADALMELLATO
2006-09-01,-0.586868799999996,0.018296942137265473,0.6051657421372614,53.1612,30,5062,GUADALMELLATO
2006-10-01,19.2925072,19.65665461834302,0.36414741834302183,54.82393548387096,31,5062,GUADALMELLATO
2006-11-01,12.010099200000004,12.245639987839532,0.2355407878395266,70.85186666666667,30,5062,GUADALMELLATO
2006-12-01,13.459686400000004,13.64513695367618,0.1854505536761771,86.57499999999999,31,5062,GUADALMELLATO
2007-01-01,1.9967055999999967,2.1861786721357066,0.18947307213570969,89.37867741935484,31,5062,GUADALMELLATO
2007-02-01,16.280006399999994,16.568527545151166,0.2885211451511707,98.25117857142857,28,5062,GUADALMELLATO
2007-03-01,1.717838399999997,2.2392368600304478,0.5213984600304505,103.21845161290322,31,5062,GUADALMELLATO
2007-04-01,9.3360544,9.971469477892038,0.6354150778920375,106.5058,30,5062,GUADALMELLATO
2007-05-01,7.647654400000012,8.653999940954714,1.0063455409547024,114.61061290322581,31,5062,GUADALMELLATO
2007-06-01,-0.826198400000005,0.5034745567298716,1.3296729567298766,113.97753333333334,30,5062,GUADALMELLATO
2007-07-01,-1.6549039999999962,-0.07675800053962535,1.5781459994603708,110.06148387096773,31,5062,GUADALMELLATO
2007-08-01,-1.4439151999999982,-0.031319025337318694,1.4125961746626794,105.70212903225807,31,5062,GUADALMELLATO
2007-09-01,-0.80431680000001,0.13097911064537404,0.9352959106453842,102.13913333333333,30,5062,GUADALMELLATO
2007-10-01,-0.26407519999998785,0.2776246657616373,0.5416998657616252,99.22074193548387,31,5062,GUADALMELLATO
2007-11-01,0.6179311999999947,0.9078739141765919,0.2899427141765973,96.73993333333333,30,5062,GUADALMELLATO
2007-12-01,0.5148575999999975,0.7121030423494612,0.19724544234946367,94.93483870967742,31,5062,GUADALMELLATO
2008-01-01,3.9366911999999963,4.134812100580222,0.1981209005802256,95.56735483870968,31,5062,GUADALMELLATO
2008-02-01,1.0348576000000018,1.3265976458006263,0.2917400458006245,94.73137931034483,29,5062,GUADALMELLATO
2008-03-01,0.13393760000000782,0.6224766576555315,0.48853905765552363,93.6168064516129,31,5062,GUADALMELLATO
2008-04-01,36.9741536,37.61544709455726,0.6412934945572617,108.2392,30,5062,GUADALMELLATO
2008-05-01,0.7688064000000048,1.8337955391255352,1.0649891391255304,124.77051612903226,31,5062,GUADALMELLATO
2008-06-01,-1.0763872000000063,0.3172933339058849,1.393680533905891,122.3058,30,5062,GUADALMELLATO
2008-07-01,-1.688001600000004,-0.03243767525535797,1.6555639247446459,118.25822580645162,31,5062,GUADALMELLATO
2008-08-01,-1.6110399999999947,-0.14360325945998542,1.4674367405400093,111.92351612903225,31,5062,GUADALMELLATO
2008-09-01,-0.05096160000000431,0.9171082817151798,0.9680698817151842,107.55383333333333,30,5062,GUADALMELLATO
2008-10-01,1.3548608000000009,1.9196030524697985,0.5647422524697976,105.61748387096773,31,5062,GUADALMELLATO
2008-11-01,7.034747200000004,7.341555647086605,0.3068084470866007,105.3601,30,5062,GUADALMELLATO
2008-12-01,2.6569424000000024,2.849746833434237,0.19280443343423426,91.74667741935484,31,5062,GUADALMELLATO
2009-01-01,5.673854399999995,5.87107377155029,0.19721937155029481,94.91716129032257,31,5062,GUADALMELLATO
2009-02-01,36.507052800000004,36.824234058225805,0.3171812582257957,113.24360714285714,28,5062,GUADALMELLATO
2009-03-01,6.476916799999998,7.026110217322389,0.5491934173223902,111.58135483870967,31,5062,GUADALMELLATO
2009-04-01,1.082846400000005,1.7347347546058958,0.6518883546058908,110.663,30,5062,GUADALMELLATO
2009-05-01,-0.7607024000000062,0.20960762662902502,0.9703100266290313,108.50880645161291,31,5062,GUADALMELLATO
2009-06-01,-1.3870063999999989,-0.12883721079835425,1.2581691892016447,104.90936666666667,30,5062,GUADALMELLATO
2009-07-01,-1.6736863999999958,-0.18446793099206682,1.4892184690079289,100.89135483870967,31,5062,GUADALMELLATO
2009-08-01,-1.5447488000000051,-0.21684970379457355,1.3278990962054316,96.33993548387097,31,5062,GUADALMELLATO
2009-09-01,-0.7952591999999943,0.0808153852127409,0.8760745852127352,92.59356666666667,30,5062,GUADALMELLATO
2009-10-01,-0.5531712000000091,-0.04685588958490351,0.5063153104151056,89.6596129032258,31,5062,GUADALMELLATO
2009-11-01,-0.5358511999999876,-0.26597250355973734,0.2698786964402503,86.87513333333332,30,5062,GUADALMELLATO
2009-12-01,119.4359504,119.6318348321907,0.1958844321907042,94.35487096774195,31,5062,GUADALMELLATO
2010-01-01,127.05410080000001,127.27836987930436,0.22426907930436288,115.12567741935484,31,5062,GUADALMELLATO
2010-02-01,137.05590400000003,137.37428346962696,0.3183794696269438,113.89760714285714,28,5062,GUADALMELLATO
2010-03-01,82.6161328,83.15764869516764,0.5415158951676494,109.36783870967741,31,5062,GUADALMELLATO
2010-04-01,18.90210720000001,19.48753967366921,0.5854324736692011,94.19,30,5062,GUADALMELLATO
2010-05-01,2.253939199999993,3.1284352232503174,0.8744960232503244,92.83909677419355,31,5062,GUADALMELLATO
2010-06-01,0.3259824000000048,1.4730097251639953,1.1470273251639904,91.31876666666668,30,5062,GUADALMELLATO
2010-07-01,-1.4170384000000045,-0.05654639040635366,1.360492009593651,88.09725806451613,31,5062,GUADALMELLATO
2010-08-01,-1.065355199999994,0.14861669344549455,1.2139718934454884,84.21174193548387,31,5062,GUADALMELLATO
2010-09-01,-0.6263728000000095,0.17243278627485034,0.7988055862748599,80.6197,30,5062,GUADALMELLATO
2010-10-01,0.16232000000000252,0.6212480698264322,0.45892806982642964,77.37154838709678,31,5062,GUADALMELLATO
2010-11-01,3.2873280000000054,3.532978574408192,0.24565057440818705,75.4426,30,5062,GUADALMELLATO
2010-12-01,260.5341792,260.7229827720671,0.18880357206706858,89.17406451612904,31,5062,GUADALMELLATO
2011-01-01,74.27202880000002,74.45046449950787,0.1784356995078564,81.73706451612904,31,5062,GUADALMELLATO
2011-02-01,31.095073599999996,31.345615872598525,0.250542272598528,79.48935714285713,28,5062,GUADALMELLATO
2011-03-01,15.4009936,15.84818751316216,0.4471939131621596,81.99016129032259,31,5062,GUADALMELLATO
2011-04-01,5.0280863999999985,5.543849528003292,0.5157631280032933,77.8794,30,5062,GUADALMELLATO
2011-05-01,7.881339199999995,8.683872586666718,0.8025333866667225,81.61977419354838,31,5062,GUADALMELLATO
2011-06-01,-0.0879759999999907,0.957715477577103,1.0456914775770936,79.48986666666666,30,5062,GUADALMELLATO
2011-07-01,-1.459881600000006,-0.23232724666385876,1.2275543533361473,75.50670967741935,31,5062,GUADALMELLATO
2011-08-01,-1.1620016000000017,-0.07455427779702756,1.0874473222029741,71.39687096774193,31,5062,GUADALMELLATO
2011-09-01,-0.686790399999995,0.024006737024573146,0.7107971370245681,67.6702,30,5062,GUADALMELLATO
2011-10-01,-0.36113280000000253,0.04512467527262462,0.4062574752726271,64.44209677419354,31,5062,GUADALMELLATO
2011-11-01,9.146108800000007,9.379411525994687,0.23330272599467822,69.83583333333333,30,5062,GUADALMELLATO
2011-12-01,0.7600288000000011,0.92119689545024,0.1611680954502389,70.11877419354838,31,5062,GUADALMELLATO
2012-01-01,0.6228959999999937,0.7814448674727736,0.15854886747277988,68.41635483870968,31,5062,GUADALMELLATO
2012-02-01,0.2467775999999986,0.477604073637617,0.23082647363761838,66.6703448275862,29,5062,GUADALMELLATO
2012-03-01,0.0008959999999960978,0.38451536902723626,0.38361936902724014,65.1411935483871,31,5062,GUADALMELLATO
2012-04-01,0.01493280000000824,0.46325311737146563,0.4483203173714574,63.11513333333333,30,5062,GUADALMELLATO
2012-05-01,0.8850287999999991,1.5515090216182117,0.6664802216182125,61.77058064516129,31,5062,GUADALMELLATO
2012-06-01,-1.0450464000000024,-0.19132059261280054,0.8537258073872017,58.64053333333333,30,5062,GUADALMELLATO
2012-07-01,-1.1708799999999986,-0.178480849037978,0.9923991509620207,54.88629032258064,31,5062,GUADALMELLATO
2012-08-01,-0.9629999999999976,-0.09102899236613071,0.8719710076338669,51.266000000000005,31,5062,GUADALMELLATO
2012-09-01,1.700350399999997,2.26599593931671,0.5656455393167134,48.0398,30,5062,GUADALMELLATO
2012-10-01,4.456880000000001,4.796051836201101,0.3391718362010994,49.15974193548387,31,5062,GUADALMELLATO
2012-11-01,84.82902879999999,85.13928536460382,0.31025656460383105,108.40243333333333,30,5062,GUADALMELLATO
2012-12-01,18.747083200000016,18.98901621105423,0.2419330110542149,128.97212903225807,31,5062,GUADALMELLATO
2013-01-01,32.0380816,32.26935308340651,0.23127148340650705,120.56845161290322,31,5062,GUADALMELLATO
2013-02-01,13.942041599999987,14.28532929591176,0.343287695911772,127.46132142857142,28,5062,GUADALMELLATO
2013-03-01,152.4879376,153.12382783640766,0.6358902364076487,139.02470967741934,31,5062,GUADALMELLATO
2013-04-01,77.3260336,78.09703762588062,0.7710040258806187,142.34333333333333,30,5062,GUADALMELLATO
2013-05-01,3.0191424000000184,4.184287989055316,1.1651455890552975,142.77954838709678,31,5062,GUADALMELLATO
2013-06-01,-0.3609199999999943,1.1342331608814495,1.495153160881444,135.9143,30,5062,GUADALMELLATO
2013-07-01,-1.4708800000000108,0.2767374355402337,1.7476174355402447,128.25677419354838,31,5062,GUADALMELLATO
2013-08-01,-1.379032000000004,0.19491681274449696,1.573948812744501,124.31987096774193,31,5062,GUADALMELLATO
2013-09-01,-0.8119391999999909,0.23487951326184958,1.0468187132618405,120.94123333333333,30,5062,GUADALMELLATO
2013-10-01,-0.6268880000000093,-0.01866300852173269,0.6082249914782766,118.04848387096774,31,5062,GUADALMELLATO
2013-11-01,-0.4101568000000027,-0.08693277734734106,0.32322402265266165,113.87223333333333,30,5062,GUADALMELLATO
2013-12-01,1.2468080000000001,1.4633484621536703,0.21654046215367018,109.20003225806451,31,5062,GUADALMELLATO
2014-01-01,7.905056000000008,8.123579879022701,0.2185238790226936,110.70632258064515,31,5062,GUADALMELLATO
2014-02-01,32.753121600000014,33.0888148584748,0.3356932584747889,123.33532142857143,28,5062,GUADALMELLATO
2014-03-01,3.422726399999999,4.035508288498761,0.6127818884987617,131.51090322580646,31,5062,GUADALMELLATO
2014-04-01,2.497567999999976,3.230336151693423,0.7327681516934473,131.88410000000002,30,5062,GUADALMELLATO
2014-05-01,-0.702907199999994,0.39425402666578174,1.0971612266657758,130.4679677419355,31,5062,GUADALMELLATO
2014-06-01,-0.8270223999999944,0.5894533279614449,1.4164757279614393,125.3198,30,5062,GUADALMELLATO
2014-07-01,-0.7107839999999959,0.8346419972857597,1.5454259972857556,106.76851612903226,31,5062,GUADALMELLATO
2014-08-01,-0.7747968000000034,0.47623015301914384,1.2510269530191473,88.09983870967741,31,5062,GUADALMELLATO
2014-09-01,-0.43312800000000157,0.3890744445242076,0.8222024445242092,84.18563333333333,30,5062,GUADALMELLATO
2014-10-01,5.020750400000003,5.507224084699455,0.486473684699451,84.44687096774194,31,5062,GUADALMELLATO
2014-11-01,24.8308272,25.114374845551932,0.28354764555193296,93.653,30,5062,GUADALMELLATO
2014-12-01,6.814966399999997,7.0314670760043825,0.21650067600438563,109.17016129032258,31,5062,GUADALMELLATO
2015-01-01,2.823193600000003,3.0392035535918285,0.21600995359182534,108.7986129032258,31,5062,GUADALMELLATO
2015-02-01,2.105035199999998,2.414930664137909,0.3098954641379113,109.31557142857142,28,5062,GUADALMELLATO
2015-03-01,1.297208000000007,1.836906661723428,0.539698661723421,108.70009677419355,31,5062,GUADALMELLATO
2015-04-01,0.2997056000000044,0.9402489313378033,0.640543331337799,107.78693333333334,30,5062,GUADALMELLATO
2015-05-01,-0.7599040000000125,0.19029309220815738,0.9501970922081698,105.15293548387096,31,5062,GUADALMELLATO
2015-06-01,-0.8151279999999883,0.4167405467363897,1.2318685467363781,101.63643333333333,30,5062,GUADALMELLATO
2015-07-01,-1.0438703999999988,0.41573765982689115,1.45960805982689,97.8971935483871,31,5062,GUADALMELLATO
2015-08-01,-0.7501232000000102,0.5554751108905454,1.3055983108905556,93.92325806451613,31,5062,GUADALMELLATO
2015-09-01,-0.4639855999999909,0.39781927739166945,0.8618048773916603,90.34093333333334,30,5062,GUADALMELLATO
2015-10-01,-0.12778560000000683,0.36983619221133585,0.4976217922113427,87.36048387096774,31,5062,GUADALMELLATO
2015-11-01,1.2099600000000084,1.4783020636701258,0.2683420636701176,86.1334,30,5062,GUADALMELLATO
2015-12-01,-0.06724480000000552,0.11449690686942127,0.18174170686942678,83.96503225806453,31,5062,GUADALMELLATO
2016-01-01,2.2268815999999947,2.407210308758603,0.18032870875860843,82.98696774193549,31,5062,GUADALMELLATO
2016-02-01,2.0839872000000055,2.3503395828967792,0.26635238289677376,82.63889655172414,29,5062,GUADALMELLATO
2016-03-01,1.078094399999995,1.5282283287567355,0.4501339287567405,82.79729032258064,31,5062,GUADALMELLATO
2016-04-01,6.193176000000007,6.731761954192597,0.5385859541925891,83.10830000000001,30,5062,GUADALMELLATO
2016-05-01,18.392953599999995,19.284690907480275,0.891737307480283,95.69377419354839,31,5062,GUADALMELLATO
2016-06-01,-0.6676239999999948,0.5619394321519655,1.2295634321519602,101.3502,30,5062,GUADALMELLATO
2016-07-01,-0.9323856000000065,0.5414608032360624,1.473846403236069,99.33393548387096,31,5062,GUADALMELLATO
2016-08-01,-0.8480623999999876,0.4220624434115458,1.2701248434115333,90.13645161290323,31,5062,GUADALMELLATO
2016-09-01,-0.6371584000000131,0.17746317078249008,0.8146215707825032,83.02483333333333,30,5062,GUADALMELLATO
2016-10-01,0.17976799999999774,0.648032449969117,0.46826444996911926,79.74467741935484,31,5062,GUADALMELLATO
2016-11-01,13.52306560000001,13.778401338037124,0.25533573803711423,79.97316666666667,30,5062,GUADALMELLATO
2016-12-01,8.879457600000004,9.075379288397423,0.19592168839741933,93.99003225806452,31,5062,GUADALMELLATO
2017-01-01,1.0686591999999968,1.268074748660551,0.19941554866055428,96.50538709677419,31,5062,GUADALMELLATO
2017-02-01,5.0116096,5.29814354373712,0.2865339437371199,97.19375000000001,28,5062,GUADALMELLATO
2017-03-01,6.9797552,7.5006246702803265,0.5208694702803269,103.06603225806451,31,5062,GUADALMELLATO
2017-04-01,0.40974239999999296,1.032398849823359,0.6226564498233661,103.30413333333333,30,5062,GUADALMELLATO
2017-05-01,0.8562736000000085,1.7882909753088232,0.9320173753088148,102.1481935483871,31,5062,GUADALMELLATO
2017-06-01,-0.8797760000000068,0.33218301869551836,1.2119590186955251,99.18336666666667,30,5062,GUADALMELLATO
2017-07-01,-0.5830207999999956,0.7986426135740735,1.381663413574069,90.19270967741936,31,5062,GUADALMELLATO
2017-08-01,-0.8553168000000032,0.3104273046700815,1.1657441046700847,79.25351612903225,31,5062,GUADALMELLATO
2017-09-01,-0.5850911999999954,0.1650018648399653,0.7500930648399606,73.3585,30,5062,GUADALMELLATO
2017-10-01,-0.19733440000000294,0.2321368538731022,0.42947125387310514,70.04390322580645,31,5062,GUADALMELLATO
2017-11-01,-0.08377600000000414,0.14383936430313674,0.22761536430314086,67.2896,30,5062,GUADALMELLATO
2017-12-01,0.18419360000000415,0.3372349089890847,0.15304130898908055,64.88316129032258,31,5062,GUADALMELLATO
2018-01-01,0.772217600000005,0.9224506817831594,0.1502330817831544,63.10503225806452,31,5062,GUADALMELLATO
2018-02-01,0.2899535999999987,0.500293552146712,0.21033995214671322,61.12921428571428,28,5062,GUADALMELLATO
2018-03-01,107.1346864,107.69810631232504,0.5634199123250354,116.91567741935484,31,5062,GUADALMELLATO
2018-04-01,13.854790400000011,14.62201059448461,0.7672201944845991,141.29906666666665,30,5062,GUADALMELLATO
2018-05-01,2.425196799999982,3.567960512313447,1.142763712313465,138.68458064516128,31,5062,GUADALMELLATO
2018-06-01,0.7351104000000027,2.192728318596841,1.4576179185968385,130.85516666666666,30,5062,GUADALMELLATO
2018-07-01,-1.215544000000003,0.45736791443716523,1.6729119144371682,120.12177419354839,31,5062,GUADALMELLATO
2018-08-01,-1.2129327999999937,0.2903745419383283,1.5033073419383218,116.04532258064516,31,5062,GUADALMELLATO
2018-09-01,-0.26081280000000256,0.7352114408720566,0.9960242408720592,112.24713333333334,30,5062,GUADALMELLATO
2018-10-01,0.42400160000000076,0.9979566983007284,0.5739550983007277,108.21293548387096,31,5062,GUADALMELLATO
2018-11-01,7.468775999999996,7.78384384626145,0.3150678462614545,109.5859,30,5062,GUADALMELLATO
2018-12-01,2.142728000000001,2.363946534476109,0.22121853447610815,112.75725806451612,31,5062,GUADALMELLATO
2019-01-01,0.6287952000000017,0.8483735421580595,0.21957834215805777,111.50593548387096,31,5062,GUADALMELLATO
2019-02-01,0.8885040000000063,1.199832548676767,0.31132854867676063,110.07496428571429,28,5062,GUADALMELLATO
2019-03-01,0.34768320000000297,0.8861049659807279,0.5384217659807249,108.315,31,5062,GUADALMELLATO
2019-04-01,1.2425375999999988,1.8769922467651374,0.6344546467651384,106.25366666666667,30,5062,GUADALMELLATO
2019-05-01,-0.5735808000000048,0.36579933178273394,0.9393801317827387,103.36654838709677,31,5062,GUADALMELLATO
2019-06-01,-1.0589567999999985,0.11858115356395266,1.1775379535639512,95.0005,30,5062,GUADALMELLATO
2019-07-01,-1.150390400000008,0.17589176466356515,1.3262821646635732,84.80903225806452,31,5062,GUADALMELLATO
2019-08-01,-1.1345487999999946,0.03384169374413406,1.1683904937441285,79.51435483870968,31,5062,GUADALMELLATO
2019-09-01,-0.6142831999999968,0.1529157642296788,0.7671989642296756,75.88156666666667,30,5062,GUADALMELLATO
2019-10-01,-0.3457792000000005,0.0936886931539935,0.439467893153994,72.50403225806451,31,5062,GUADALMELLATO
2019-11-01,0.577531199999999,0.8106578225122891,0.23312662251229013,69.7475,30,5062,GUADALMELLATO
2019-12-01,31.539640000000002,31.71231852884462,0.17267852884461854,78.12077419354839,31,5062,GUADALMELLATO
2020-01-01,2.621707199999996,2.8231762027886376,0.20146900278864194,97.99974193548388,31,5062,GUADALMELLATO
2020-02-01,1.1644288000000071,1.463144939393305,0.2987161393932979,98.14948275862069,29,5062,GUADALMELLATO
2020-03-01,0.6296703999999901,1.1282414494228246,0.49857104942283453,96.515,31,5062,GUADALMELLATO
2020-04-01,6.0054752,6.601169869665609,0.5956946696656094,96.66886666666666,30,5062,GUADALMELLATO
2020-05-01,0.9714704000000094,1.8903486542305927,0.9188782542305832,99.99570967741936,31,5062,GUADALMELLATO
2020-06-01,-0.9406384000000049,0.25173349984869003,1.192371899848695,96.79363333333335,30,5062,GUADALMELLATO
2020-07-01,-1.0513184000000044,0.2662327080692809,1.3175511080692854,83.97332258064516,31,5062,GUADALMELLATO
2020-08-01,-0.9780367999999945,0.182773160713675,1.1608099607136695,78.74206451612903,31,5062,GUADALMELLATO
2020-09-01,-0.3731967999999969,0.38887836072789966,0.7620751607278966,75.12176666666666,30,5062,GUADALMELLATO
2020-10-01,0.24911040000000434,0.6878984243505667,0.43878802435056236,72.336,31,5062,GUADALMELLATO
2020-11-01,2.204575999999986,2.4382508831490632,0.2336748831490772,69.99366666666667,30,5062,GUADALMELLATO
2020-12-01,3.302756800000008,3.4652697323612958,0.1625129323612879,70.99793548387098,31,5062,GUADALMELLATO
2021-01-01,15.862177599999999,16.036480618125765,0.1743030181257657,78.91709677419354,31,5062,GUADALMELLATO
2021-02-01,12.635764800000006,12.909570574118174,0.27380577411816953,90.82078571428572,28,5062,GUADALMELLATO
2021-03-01,1.5974799999999953,2.090584658299298,0.49310465829930256,94.93177419354839,31,5062,GUADALMELLATO
2021-04-01,0.926849600000007,1.5078534738307035,0.5810038738306964,93.11363333333334,30,5062,GUADALMELLATO
2021-05-01,-0.4755968000000086,0.38897441266438115,0.8645712126643897,91.26438709677419,31,5062,GUADALMELLATO
2021-06-01,-0.6756160000000003,0.4445094171099121,1.1201254171099124,88.12626666666667,30,5062,GUADALMELLATO
2021-07-01,-1.1642335999999993,0.15745593992149615,1.3216895399214956,84.35590322580644,31,5062,GUADALMELLATO
2021-08-01,-1.039027200000002,0.13275138813635162,1.1717785881363536,79.86035483870967,31,5062,GUADALMELLATO
2021-09-01,-0.35822559999999104,0.38670418494063635,0.7702784609139648,76.33850000000001,29,5062,GUADALMELLATO
2007-10-01,0.0,0.0,0.0,,0,5139,ARENOSO
2007-11-01,0.0,0.0,0.0,,0,5139,ARENOSO
2007-12-01,0.0,0.0,0.0,,0,5139,ARENOSO
2008-01-01,0.0,0.0,0.0029139058476099215,28.781,0,5139,ARENOSO
2008-02-01,0.6189999999999998,0.7533248516547643,0.1343248516547645,28.951793103448274,29,5139,ARENOSO
2008-03-01,0.16100000000000136,0.39063129496430743,0.2296312949643061,29.511193548387094,31,5139,ARENOSO
2008-04-01,16.954958400000002,17.271303693443322,0.3163452934433208,36.79813333333333,30,5139,ARENOSO
2008-05-01,0.5839999999999961,1.1457209487112592,0.561720948711263,46.75341935483871,31,5139,ARENOSO
2008-06-01,0.1309023999999987,0.8804204966876443,0.7495180966876457,47.18546666666667,30,5139,ARENOSO
2008-07-01,-0.3239151999999935,0.5415966515738732,0.8655118515738667,43.79190322580645,31,5139,ARENOSO
2008-08-01,-0.1589808000000028,0.4057229519225513,0.5647037519225542,26.18635483870968,31,5139,ARENOSO
2008-09-01,0.33699999999999974,0.7006115116355456,0.3636115116355459,24.21923333333333,30,5139,ARENOSO
2008-10-01,0.052971200000000135,0.2693878091472693,0.21641660914726918,24.50941935483871,31,5139,ARENOSO
2008-11-01,1.9529999999999994,2.076245685122381,0.12324568512238152,26.226566666666667,30,5139,ARENOSO
2008-12-01,2.857000000000003,2.9461833692740615,0.08918336927405891,28.240387096774192,31,5139,ARENOSO
2009-01-01,2.675999999999995,2.770149087044918,0.09414908704492292,30.628064516129033,31,5139,ARENOSO
2009-02-01,20.589000000000006,20.77110725255952,0.1821072525595137,48.308499999999995,28,5139,ARENOSO
2009-03-01,2.293999999999997,2.638006030957165,0.3440060309571683,54.11261290322581,31,5139,ARENOSO
2009-04-01,0.8239999999999981,1.241687102770252,0.417687102770254,55.52106666666667,30,5139,ARENOSO
2009-05-01,-0.0002207999999978144,0.6309582071267892,0.6311790071267871,55.687838709677415,31,5139,ARENOSO
2009-06-01,-0.5210496000000006,0.31196382205280093,0.8330134220528015,55.28586666666667,30,5139,ARENOSO
2009-07-01,-0.42916000000000193,0.5375713193269707,0.9667313193269726,51.63551612903226,31,5139,ARENOSO
2009-08-01,-0.15204959999999518,0.5715089245726992,0.7235585245726944,37.970838709677416,31,5139,ARENOSO
2009-09-01,-0.08201920000000051,0.3410302867841216,0.42304948678412213,30.393966666666664,30,5139,ARENOSO
2009-10-01,-0.09700000000000131,0.1522368709208321,0.2492368709208334,30.291129032258063,31,5139,ARENOSO
2009-11-01,0.05309600000000059,0.18386780943699507,0.13077180943699454,28.673166666666663,30,5139,ARENOSO
2009-12-01,57.0121424,57.11464132643117,0.10249892643117038,35.85625806451613,31,5139,ARENOSO
2010-01-01,55.355048,55.58132686675032,0.22627886675032152,114.32851612903227,31,5139,ARENOSO
2010-02-01,70.78717600000002,71.14494892986603,0.35777292986600984,132.69792857142858,28,5139,ARENOSO
2010-03-01,34.94110879999999,35.61151818254222,0.6704093825422324,147.22264516129033,31,5139,ARENOSO
2010-04-01,1.5989999999999895,2.41672977773461,0.8177297777346205,152.08813333333333,30,5139,ARENOSO
2010-05-01,-0.07099999999999795,1.1661026008598716,1.2371026008598696,152.8058387096774,31,5139,ARENOSO
2010-06-01,-0.15500000000000114,1.4843954109077677,1.6393954109077689,152.63729999999998,30,5139,ARENOSO
2010-07-01,-1.5600383999999807,0.4088553126802082,1.9688937126801889,150.02970967741936,31,5139,ARENOSO
2010-08-01,-1.34507040000002,0.42967258866886726,1.7747429886688872,145.61767741935483,31,5139,ARENOSO
2010-09-01,-0.7480719999999834,0.3951637963204937,1.1432357963204771,135.0258,30,5139,ARENOSO
2010-10-01,-0.03300000000001546,0.6378788378475121,0.6708788378475276,133.7713548387097,31,5139,ARENOSO
2010-11-01,2.4229888000000237,2.7891682210012734,0.36617942100124956,134.31243333333333,30,5139,ARENOSO
2010-12-01,111.74671039999998,112.0253497582524,0.2786393582524222,156.05416129032258,31,5139,ARENOSO
2011-01-01,25.740848000000028,26.003311826417505,0.2624638264174799,142.5821935483871,31,5139,ARENOSO
2011-02-01,16.548057599999996,16.92215019107513,0.37409259107513265,141.84078571428572,28,5139,ARENOSO
2011-03-01,4.357915199999979,5.021346623638435,0.6634314236384564,144.92393548387096,31,5139,ARENOSO
2011-04-01,1.7778512000000015,2.5786023609993056,0.8007511609993039,147.376,30,5139,ARENOSO
2011-05-01,2.8329999999999984,4.055939370160523,1.2229393701605245,150.18996774193548,31,5139,ARENOSO
2011-06-01,0.18700000000001182,1.8189398814555024,1.6319398814554904,151.59733333333332,30,5139,ARENOSO
2011-07-01,-1.3769536000000122,0.5874570448841905,1.964410644884203,149.5241935483871,31,5139,ARENOSO
2011-08-01,-1.2287743999999785,0.41754121386098064,1.6463156138609591,130.1384193548387,31,5139,ARENOSO
2011-09-01,-0.6850000000000023,0.3917316599888601,1.0767316599888623,123.41329999999999,30,5139,ARENOSO
2011-10-01,-0.12100000000000932,0.5130030851334901,0.6340030851334995,122.89496774193549,31,5139,ARENOSO
2011-11-01,2.2049999999999983,2.553405931897954,0.3484059318979559,124.65333333333334,30,5139,ARENOSO
2011-12-01,0.12000000000000455,0.3608259927221414,0.24082599272213684,125.28674193548387,31,5139,ARENOSO
2012-01-01,0.15900000000000603,0.399945272512071,0.24094527251206502,125.37983870967743,31,5139,ARENOSO
2012-02-01,-0.362000000000009,-0.005268917909283126,0.35673108209072585,125.29927586206897,29,5139,ARENOSO
2012-03-01,-0.4679999999999893,0.1328952081248041,0.6008952081247935,124.92180645161291,31,5139,ARENOSO
2012-04-01,-0.347999999999999,0.36744625941371833,0.7154462594137173,124.46453333333334,30,5139,ARENOSO
2012-05-01,0.2507391999999973,1.30567706352979,1.0549378635297928,120.3663870967742,31,5139,ARENOSO
2012-06-01,-0.8721935999999999,0.21863169766356744,1.0908252976635673,83.16090000000001,30,5139,ARENOSO
2012-07-01,-0.9119760000000062,0.229345435920347,1.1413214359203532,66.2149677419355,31,5139,ARENOSO
2012-08-01,-0.8089999999999995,0.2307037541839969,1.0397037541839964,65.29087096774194,31,5139,ARENOSO
2012-09-01,-0.2079999999999984,0.49105654486402806,0.6990565448640265,64.5609,30,5139,ARENOSO
2012-10-01,1.058000000000007,1.471661013417814,0.4136610134178071,64.76887096774193,31,5139,ARENOSO
2012-11-01,39.84201279999999,40.133137309044486,0.29112450904449255,95.54549999999999,30,5139,ARENOSO
2012-12-01,8.483000000000004,8.702983802608511,0.2199838026085063,109.39699999999999,31,5139,ARENOSO
2013-01-01,18.5289872,18.763611041043003,0.2346238410430015,120.53825806451613,31,5139,ARENOSO
2013-02-01,6.460935999999991,6.82338459989976,0.3624485998997689,135.26285714285714,28,5139,ARENOSO
2013-03-01,52.69797440000002,53.39277124249352,0.6947968424934968,155.4095806451613,31,5139,ARENOSO
2013-04-01,28.1599456,29.010976398946706,0.8510307989467053,161.48733333333334,30,5139,ARENOSO
2013-05-01,0.5689999999999884,1.8375947684102716,1.2685947684102832,158.67764516129034,31,5139,ARENOSO
2013-06-01,-0.9759664000000139,0.7037074190388264,1.6796738190388403,158.297,30,5139,ARENOSO
2013-07-01,-1.5780255999999937,0.45096356913511576,2.0289891691351096,156.95070967741935,31,5139,ARENOSO
2013-08-01,-1.3189775999999793,0.5345187852756292,1.8534963852756086,155.40861290322582,31,5139,ARENOSO
2013-09-01,-0.8847728000000118,0.35520262804852876,1.2399754280485404,152.52826666666667,30,5139,ARENOSO
2013-10-01,-0.37289760000001515,0.31444461382004146,0.6873422138200567,138.72848387096772,31,5139,ARENOSO
2013-11-01,-0.3490592,0.02302810943537314,0.37208730943537316,137.5755333333333,30,5139,ARENOSO
2013-12-01,1.5190944000000202,1.7752232361998979,0.25612883619987775,137.41648387096774,31,5139,ARENOSO
2014-01-01,5.390998399999986,5.651895368007304,0.26089696800731765,141.27483870967743,31,5139,ARENOSO
2014-02-01,18.9319776,19.32158977945929,0.3896121794592893,150.76346428571426,28,5139,ARENOSO
2014-03-01,2.8300000000000125,3.5288280128686984,0.698828012868686,156.6740322580645,31,5139,ARENOSO
2014-04-01,1.4899999999999807,2.329257029503597,0.8392570295036161,158.13323333333335,30,5139,ARENOSO
2014-05-01,-0.7080319999999868,0.5594771522828683,1.267509152282855,158.47406451612903,31,5139,ARENOSO
2014-06-01,-0.8368976000000093,0.7732901948686141,1.6101877948686234,148.63633333333334,30,5139,ARENOSO
2014-07-01,-0.9450719999999925,0.834304644388859,1.7793766443888515,128.9025806451613,31,5139,ARENOSO
2014-08-01,-0.8199279999999998,0.7972935197997933,1.6172215197997932,126.66074193548387,31,5139,ARENOSO
2014-09-01,-0.38298240000000155,0.7057969307210407,1.0887793307210423,125.49043333333334,30,5139,ARENOSO
2014-10-01,0.2070192000000049,0.8492890664306127,0.6422698664306078,125.30645161290323,31,5139,ARENOSO
2014-11-01,5.7489744,6.101619576873765,0.35264517687376523,126.9393,30,5139,ARENOSO
2014-12-01,2.0360000000000014,2.284846199530422,0.2488461995304203,131.59751612903227,31,5139,ARENOSO
2015-01-01,1.0269999999999868,1.277168723903168,0.2501687239031811,132.64780645161292,31,5139,ARENOSO
2015-02-01,1.9000320000000144,2.260813724466939,0.3607817244669245,134.32753571428572,28,5139,ARENOSO
2015-03-01,0.9130000000000109,1.547537910144839,0.6345379101448281,135.55848387096773,31,5139,ARENOSO
2015-04-01,0.7789999999999964,1.5400100391836729,0.7610100391836765,136.5419,30,5139,ARENOSO
2015-05-01,-0.7529552000000003,0.39456225654583643,1.1475174565458368,136.51190322580644,31,5139,ARENOSO
2015-06-01,-0.9458831999999966,0.5669130744136452,1.5127962744136418,135.30276666666666,30,5139,ARENOSO
2015-07-01,-1.0129040000000058,0.7453909267558546,1.7582949267558605,126.6621935483871,31,5139,ARENOSO
2015-08-01,-0.722224000000011,0.6967284119310054,1.4189524119310164,104.16596774193549,31,5139,ARENOSO
2015-09-01,-0.4100495999999897,0.46965765945033433,0.879707259450324,91.13993333333333,30,5139,ARENOSO
2015-10-01,-0.05103999999999908,0.46672780452417706,0.5177678045241761,90.6983870967742,31,5139,ARENOSO
2015-11-01,0.2620255999999891,0.5442780392742939,0.2822524392743048,90.893,30,5139,ARENOSO
2015-12-01,-0.08505599999998834,0.10827214272980362,0.19332814272979196,90.1146129032258,31,5139,ARENOSO
2016-01-01,1.301000000000002,1.494825584626715,0.1938255846267132,90.46251612903225,31,5139,ARENOSO
2016-02-01,1.2609999999999957,1.5501756869958419,0.2891756869958462,91.44955172413792,29,5139,ARENOSO
2016-03-01,0.4300224000000017,0.9217322804420756,0.49170988044207387,92.47058064516129,31,5139,ARENOSO
2016-04-01,3.277000000000001,3.871683233620252,0.5946832336202509,94.3232,30,5139,ARENOSO
2016-05-01,7.181999999999988,8.115294205291198,0.9332942052912097,100.14512903225805,31,5139,ARENOSO
2016-06-01,-0.6149215999999875,0.6435825885354763,1.2585041885354638,102.66386666666668,30,5139,ARENOSO
2016-07-01,-0.8868848000000022,0.6047043727575169,1.4915891727575192,98.95393548387098,31,5139,ARENOSO
2016-08-01,-0.5669920000000037,0.5740207859835503,1.1410127859835542,75.20712903225805,31,5139,ARENOSO
2016-09-01,-0.3652223999999997,0.31104276827047017,0.6762651682704699,61.4295,30,5139,ARENOSO
2016-10-01,0.12403360000000273,0.5214017991681607,0.3973681991681579,60.97990322580645,31,5139,ARENOSO
2016-11-01,11.477454400000004,11.699147899353095,0.2216934993530906,63.30366666666667,30,5139,ARENOSO
2016-12-01,3.6093295999999873,3.7798196906594805,0.1704900906594935,74.63000000000001,31,5139,ARENOSO
2017-01-01,0.6170000000000044,0.7899921419233302,0.1729921419233258,76.27635483870968,31,5139,ARENOSO
2017-02-01,3.0590863999999973,3.3097702044185784,0.25068380441858107,77.80346428571428,28,5139,ARENOSO
2017-03-01,4.487000000000009,4.943861297300413,0.4568612973004037,82.82045161290323,31,5139,ARENOSO
2017-04-01,0.1433983999999992,0.6944732645129132,0.551074864512914,84.13873333333335,30,5139,ARENOSO
2017-05-01,0.803479999999993,1.638991937989221,0.8355119379892281,84.81287096774194,31,5139,ARENOSO
2017-06-01,-0.6191679999999911,0.48550439373051474,1.1046723937305056,84.42796666666666,30,5139,ARENOSO
2017-07-01,-0.3722607999999997,0.9265435572054009,1.2988043572054007,80.41835483870967,31,5139,ARENOSO
2017-08-01,-0.5534624000000072,0.38980954000446827,0.9432719400044756,56.60945161290323,31,5139,ARENOSO
2017-09-01,-0.08335839999999478,0.3739289282378013,0.4572873282377961,34.26523333333333,30,5139,ARENOSO
2017-10-01,-0.10040000000000246,0.14346956001892208,0.24386956001892454,29.317967741935483,31,5139,ARENOSO
2017-11-01,-0.02432959999999966,0.10788738890872791,0.13221698890872757,29.141033333333333,30,5139,ARENOSO
2017-12-01,0.11046560000000188,0.2014222934550073,0.09095669345500543,29.080516129032258,31,5139,ARENOSO
2018-01-01,0.352999999999998,0.44441749006641484,0.09141749006641686,29.301870967741934,31,5139,ARENOSO
2018-02-01,0.13600000000000279,0.26731007663459927,0.13131007663459648,29.494714285714284,28,5139,ARENOSO
2018-03-01,53.712,54.08743382540459,0.37543382540458775,62.66154838709677,31,5139,ARENOSO
2018-04-01,6.2890000000000015,6.85098269952883,0.5619826995288285,86.6595,30,5139,ARENOSO
2018-05-01,1.2816527999999914,2.152479578750538,0.8708267787505468,90.24645161290321,31,5139,ARENOSO
2018-06-01,-0.39383679999999693,0.7648437298097919,1.1586805298097889,90.69446666666666,30,5139,ARENOSO
2018-07-01,-0.8787712000000004,0.5198111198889804,1.3985823198889809,89.8205806451613,31,5139,ARENOSO
2018-08-01,-0.7464079999999966,0.4128031811877769,1.1592111811877737,76.9761935483871,31,5139,ARENOSO
2018-09-01,-0.23341600000000148,0.4379399266880044,0.6713559266880059,60.76343333333333,30,5139,ARENOSO
2018-10-01,-0.01679999999999926,0.3764661077200979,0.3932661077200972,60.03809677419355,31,5139,ARENOSO
2018-11-01,1.6612720000000016,1.87701049081434,0.21573849081433819,60.73923333333333,30,5139,ARENOSO
2018-12-01,0.608777600000002,0.759496900710107,0.15071930071010495,62.03029032258065,31,5139,ARENOSO
2019-01-01,0.14972639999999823,0.3008613406594772,0.151134940659479,62.287,31,5139,ARENOSO
2019-02-01,0.6259999999999977,0.8435026579264711,0.2175026579264734,62.87735714285714,28,5139,ARENOSO
2019-03-01,-0.04993759999999908,0.3308630468626894,0.3808006468626885,63.021193548387096,31,5139,ARENOSO
2019-04-01,0.8817343999999993,1.3366416896013362,0.45490728960133703,63.10523333333333,30,5139,ARENOSO
2019-05-01,-0.4054767999999961,0.28391903253664086,0.6893958325366369,63.56748387096774,31,5139,ARENOSO
2019-06-01,-0.6293120000000014,0.27577774713288367,0.9050897471328851,62.614333333333335,30,5139,ARENOSO
2019-07-01,-0.5566687999999981,0.3509090178528923,0.9075778178528904,47.190709677419356,31,5139,ARENOSO
2019-08-01,-0.4938944000000038,0.24063386086805202,0.7345282608680558,38.77058064516129,31,5139,ARENOSO
2019-09-01,-0.23135839999999602,0.26101727065033575,0.4923756706503317,38.1633,30,5139,ARENOSO
2019-10-01,-0.18481920000000374,0.10385733086491547,0.2886765308649192,37.75851612903225,31,5139,ARENOSO
2019-11-01,0.7668032000000011,0.9236179761667378,0.15681477616673686,37.64083333333333,30,5139,ARENOSO
2019-12-01,19.493000000000002,19.613751797496207,0.12075179749620367,44.733870967741936,31,5139,ARENOSO
2020-01-01,1.5692191999999974,1.7138722872343286,0.14465308723433123,58.32367741935484,31,5139,ARENOSO
2020-02-01,0.7168816000000022,0.9345334793990931,0.21765187939909084,59.714724137931036,29,5139,ARENOSO
2020-03-01,0.4029855999999984,0.7717414065162859,0.3687558065162876,60.05490322580645,31,5139,ARENOSO
2020-04-01,1.8620000000000019,2.307996545413745,0.4459965454137432,61.26056666666667,30,5139,ARENOSO
2020-05-01,0.0856463999999966,0.7643587965812753,0.6787123965812786,62.09735483870968,31,5139,ARENOSO
2020-06-01,-0.4858287999999981,0.2756119617428744,0.7614407617428725,48.44726666666667,30,5139,ARENOSO
2020-07-01,-0.5247824000000009,0.2882397488707468,0.8130221488707478,39.811258064516124,31,5139,ARENOSO
2020-08-01,-0.4690704000000004,0.2517369458640027,0.7208073458640031,37.692741935483866,31,5139,ARENOSO
2020-09-01,-0.31277599999999367,0.16524817393814112,0.4780241739381348,36.50703333333333,30,5139,ARENOSO
2020-10-01,-0.08485920000000194,0.18852919477757663,0.27338839477757854,34.80296774193548,31,5139,ARENOSO
2020-11-01,0.17874560000000161,0.3230766362985194,0.1443310362985178,33.23643333333333,30,5139,ARENOSO
2020-12-01,0.2053167999999976,0.3052063653738449,0.09988956537384727,33.46806451612903,31,5139,ARENOSO
2021-01-01,2.4939999999999998,2.595971760119133,0.10197176011913324,34.52303225806451,31,5139,ARENOSO
2021-02-01,6.5204496,6.6806927238674145,0.16024312386741404,39.78903571428572,28,5139,ARENOSO
2021-03-01,0.4698352000000005,0.7639735211301119,0.2941383211301113,42.78270967741936,31,5139,ARENOSO
2021-04-01,0.11436479999999934,0.46567577129669335,0.35131097129669403,42.827,30,5139,ARENOSO
2021-05-01,-0.2944079999999991,0.2347522148717869,0.529160214871786,42.747677419354844,31,5139,ARENOSO
2021-06-01,-0.37343840000000034,0.323468072741958,0.6969064727419584,42.305566666666664,30,5139,ARENOSO
2021-07-01,-0.5518559999999993,0.25990987587031583,0.8117658758703151,39.76151612903226,31,5139,ARENOSO
2021-08-01,-0.3361392000000011,0.28060258633840085,0.6167417863384019,29.830322580645163,31,5139,ARENOSO
2021-09-01,-0.17489920000000142,0.22351018553264063,0.4120925254289546,29.220899999999997,29,5139,ARENOSO
