station_code,station_name,basin,date,year,month,q_obs_m3s,vol_obs_hm3
LOUK_01,Pont d'Oughane,Loukkos,2000-09-01,2000,9,0.0,0.0
LOUK_01,Pont d'Oughane,Loukkos,2000-10-01,2000,10,0.015298129032258065,0.040974508800000004
LOUK_01,Pont d'Oughane,Loukkos,2000-11-01,2000,11,0.28514316666666667,0.739091088
LOUK_01,Pont d'Oughane,Loukkos,2000-12-01,2000,12,13.50242806451613,36.164903328
LOUK_01,Pont d'Oughane,Loukkos,2001-01-01,2001,1,12.39848658064516,33.208106457599996
LOUK_01,Pont d'Oughane,Loukkos,2001-02-01,2001,2,3.3827993928571427,8.183668291199998
LOUK_01,Pont d'Oughane,Loukkos,2001-03-01,2001,3,4.716156354838709,12.631753180799999
LOUK_01,Pont d'Oughane,Loukkos,2001-04-01,2001,4,0.6882199666666666,1.7838661535999998
LOUK_01,Pont d'Oughane,Loukkos,2001-05-01,2001,5,0.40217583870967744,1.0771877664
LOUK_01,Pont d'Oughane,Loukkos,2001-06-01,2001,6,0.010612533333333334,0.0275076864
LOUK_01,Pont d'Oughane,Loukkos,2001-07-01,2001,7,0.005950161290322581,0.015936912
LOUK_01,Pont d'Oughane,Loukkos,2001-08-01,2001,8,0.005216967741935484,0.0139731264
LOUK_01,Pont d'Oughane,Loukkos,2001-09-01,2001,9,0.0590403,0.1530324576
LOUK_01,Pont d'Oughane,Loukkos,2001-10-01,2001,10,0.01870041935483871,0.050087203200000006
LOUK_01,Pont d'Oughane,Loukkos,2001-11-01,2001,11,0.019663566666666667,0.050967964799999994
LOUK_01,Pont d'Oughane,Loukkos,2001-12-01,2001,12,3.5614414193548387,9.538964697599999
LOUK_01,Pont d'Oughane,Loukkos,2002-01-01,2002,1,0.33686883870967743,0.9022694976000001
LOUK_01,Pont d'Oughane,Loukkos,2002-02-01,2002,2,0.18413607142857144,0.44546198400000003
LOUK_01,Pont d'Oughane,Loukkos,2002-03-01,2002,3,1.6732210967741936,4.481555385600001
LOUK_01,Pont d'Oughane,Loukkos,2002-04-01,2002,4,6.978090233333333,18.0872098848
LOUK_01,Pont d'Oughane,Loukkos,2002-05-01,2002,5,0.8296824516129032,2.2222214784
LOUK_01,Pont d'Oughane,Loukkos,2002-06-01,2002,6,0.108294,0.28069804800000003
LOUK_01,Pont d'Oughane,Loukkos,2002-07-01,2002,7,0.010317645161290323,0.027634780800000005
LOUK_01,Pont d'Oughane,Loukkos,2002-08-01,2002,8,0.0028563548387096774,0.0076504608
LOUK_01,Pont d'Oughane,Loukkos,2002-09-01,2002,9,0.0027850333333333333,0.0072188064000000005
LOUK_01,Pont d'Oughane,Loukkos,2002-10-01,2002,10,0.459583,1.2309471072
LOUK_01,Pont d'Oughane,Loukkos,2002-11-01,2002,11,19.123292466666665,49.56757407359999
LOUK_01,Pont d'Oughane,Loukkos,2002-12-01,2002,12,4.7342278387096774,12.6801558432
LOUK_01,Pont d'Oughane,Loukkos,2003-01-01,2003,1,15.984350193548387,42.8124835584
LOUK_01,Pont d'Oughane,Loukkos,2003-02-01,2003,2,4.978896535714286,12.044946499200002
LOUK_01,Pont d'Oughane,Loukkos,2003-03-01,2003,3,5.592527161290323,14.9790247488
LOUK_01,Pont d'Oughane,Loukkos,2003-04-01,2003,4,9.8173815,25.446652847999996
LOUK_01,Pont d'Oughane,Loukkos,2003-05-01,2003,5,1.9866205161290322,5.3209643904
LOUK_01,Pont d'Oughane,Loukkos,2003-06-01,2003,6,0.31736403333333335,0.8226075744000002
LOUK_01,Pont d'Oughane,Loukkos,2003-07-01,2003,7,0.02138925806451613,0.05728898880000001
LOUK_01,Pont d'Oughane,Loukkos,2003-08-01,2003,8,0.003105064516129032,0.008316604799999999
LOUK_01,Pont d'Oughane,Loukkos,2003-09-01,2003,9,0.0010348333333333334,0.002682288
LOUK_01,Pont d'Oughane,Loukkos,2003-10-01,2003,10,0.43374345161290323,1.1617384608
LOUK_01,Pont d'Oughane,Loukkos,2003-11-01,2003,11,3.0071422333333335,7.794512668800001
LOUK_01,Pont d'Oughane,Loukkos,2003-12-01,2003,12,18.851003096774193,50.490526694399996
LOUK_01,Pont d'Oughane,Loukkos,2004-01-01,2004,1,2.5615180967741935,6.860770070399999
LOUK_01,Pont d'Oughane,Loukkos,2004-02-01,2004,2,3.359338551724138,8.4171586752
LOUK_01,Pont d'Oughane,Loukkos,2004-03-01,2004,3,4.1640385161290325,11.152960761600001
LOUK_01,Pont d'Oughane,Loukkos,2004-04-01,2004,4,3.586615166666667,9.296506512
LOUK_01,Pont d'Oughane,Loukkos,2004-05-01,2004,5,13.86963329032258,37.148425804800006
LOUK_01,Pont d'Oughane,Loukkos,2004-06-01,2004,6,0.9062432333333333,2.3489824608
LOUK_01,Pont d'Oughane,Loukkos,2004-07-01,2004,7,0.06783825806451613,0.1816979904
LOUK_01,Pont d'Oughane,Loukkos,2004-08-01,2004,8,0.010864612903225806,0.0290997792
LOUK_01,Pont d'Oughane,Loukkos,2004-09-01,2004,9,0.008444866666666667,0.021889094400000003
LOUK_01,Pont d'Oughane,Loukkos,2004-10-01,2004,10,0.2572651935483871,0.6890590944
LOUK_01,Pont d'Oughane,Loukkos,2004-11-01,2004,11,0.2835157,0.7348726944
LOUK_01,Pont d'Oughane,Loukkos,2004-12-01,2004,12,1.6355894516129033,4.3807627872
LOUK_01,Pont d'Oughane,Loukkos,2005-01-01,2005,1,0.17935509677419356,0.48038469120000005
LOUK_01,Pont d'Oughane,Loukkos,2005-02-01,2005,2,0.6731505,1.6284856896
LOUK_01,Pont d'Oughane,Loukkos,2005-03-01,2005,3,2.2656803870967743,6.0683983488
LOUK_01,Pont d'Oughane,Loukkos,2005-04-01,2005,4,0.17843323333333333,0.46249894080000004
LOUK_01,Pont d'Oughane,Loukkos,2005-05-01,2005,5,0.08397832258064516,0.22492753920000003
LOUK_01,Pont d'Oughane,Loukkos,2005-06-01,2005,6,0.041338566666666667,0.1071495648
LOUK_01,Pont d'Oughane,Loukkos,2005-07-01,2005,7,0.009736967741935484,0.0260794944
LOUK_01,Pont d'Oughane,Loukkos,2005-08-01,2005,8,0.0,0.0
LOUK_01,Pont d'Oughane,Loukkos,2005-09-01,2005,9,0.0,0.0
LOUK_01,Pont d'Oughane,Loukkos,2005-10-01,2005,10,0.09730206451612904,0.2606138496
LOUK_01,Pont d'Oughane,Loukkos,2005-11-01,2005,11,0.6242931,1.6181677152000002
LOUK_01,Pont d'Oughane,Loukkos,2005-12-01,2005,12,0.6289576774193548,1.6846002432
LOUK_01,Pont d'Oughane,Loukkos,2006-01-01,2006,1,3.299916870967742,8.8384973472
LOUK_01,Pont d'Oughane,Loukkos,2006-02-01,2006,2,6.274135321428571,15.178388169599998
LOUK_01,Pont d'Oughane,Loukkos,2006-03-01,2006,3,7.089452741935484,18.988390224000003
LOUK_01,Pont d'Oughane,Loukkos,2006-04-01,2006,4,1.6149708,4.1860043136
LOUK_01,Pont d'Oughane,Loukkos,2006-05-01,2006,5,0.44039354838709677,1.17955008
LOUK_01,Pont d'Oughane,Loukkos,2006-06-01,2006,6,0.0603193,0.1563476256
LOUK_01,Pont d'Oughane,Loukkos,2006-07-01,2006,7,0.003193032258064516,0.0085522176
LOUK_01,Pont d'Oughane,Loukkos,2006-08-01,2006,8,0.0015206451612903226,0.004072896
LOUK_01,Pont d'Oughane,Loukkos,2006-09-01,2006,9,0.00019356666666666666,0.0005017248
LOUK_01,Pont d'Oughane,Loukkos,2006-10-01,2006,10,0.0,0.0
LOUK_01,Pont d'Oughane,Loukkos,2006-11-01,2006,11,0.13559056666666666,0.3514507488
LOUK_01,Pont d'Oughane,Loukkos,2006-12-01,2006,12,0.05148774193548387,0.137904768
LOUK_01,Pont d'Oughane,Loukkos,2007-01-01,2007,1,0.051557870967741934,0.1380926016
LOUK_01,Pont d'Oughane,Loukkos,2007-02-01,2007,2,0.5977361428571428,1.4460432768
LOUK_01,Pont d'Oughane,Loukkos,2007-03-01,2007,3,0.440952064516129,1.1810460096
LOUK_01,Pont d'Oughane,Loukkos,2007-04-01,2007,4,1.0969466333333333,2.8432856736000005
LOUK_01,Pont d'Oughane,Loukkos,2007-05-01,2007,5,0.2347874193548387,0.6288546239999999
LOUK_01,Pont d'Oughane,Loukkos,2007-06-01,2007,6,0.0151946,0.0393844032
LOUK_01,Pont d'Oughane,Loukkos,2007-07-01,2007,7,4.9935483870967744e-05,0.00013374720000000002
LOUK_01,Pont d'Oughane,Loukkos,2007-08-01,2007,8,9.677419354838709e-08,2.592e-07
LOUK_01,Pont d'Oughane,Loukkos,2008-09-01,2008,9,3.3333333333333334e-08,8.639999999999999e-08
LOUK_01,Pont d'Oughane,Loukkos,2008-10-01,2008,10,0.15739216129032257,0.42155916480000005
LOUK_01,Pont d'Oughane,Loukkos,2008-11-01,2008,11,3.3466361333333334,8.674480857599999
LOUK_01,Pont d'Oughane,Loukkos,2008-12-01,2008,12,17.462197096774194,46.770748704000006
LOUK_01,Pont d'Oughane,Loukkos,2009-01-01,2009,1,17.16425212903226,45.97273290240001
LOUK_01,Pont d'Oughane,Loukkos,2009-02-01,2009,2,28.927498928571428,69.98140540799999
LOUK_01,Pont d'Oughane,Loukkos,2009-03-01,2009,3,10.907689548387097,29.2151556864
LOUK_01,Pont d'Oughane,Loukkos,2009-04-01,2009,4,1.7792613,4.6118452896
LOUK_01,Pont d'Oughane,Loukkos,2009-05-01,2009,5,0.5441144516129032,1.4573561472
LOUK_01,Pont d'Oughane,Loukkos,2009-06-01,2009,6,0.09343806666666667,0.24219146879999998
LOUK_01,Pont d'Oughane,Loukkos,2009-07-01,2009,7,0.03673316129032258,0.0983860992
LOUK_01,Pont d'Oughane,Loukkos,2009-08-01,2009,8,0.02565190322580645,0.0687060576
LOUK_01,Pont d'Oughane,Loukkos,2009-09-01,2009,9,0.1064173,0.2758336416
LOUK_01,Pont d'Oughane,Loukkos,2009-10-01,2009,10,0.10541232258064516,0.28233636479999996
LOUK_01,Pont d'Oughane,Loukkos,2009-11-01,2009,11,0.2280259,0.5910431328
LOUK_01,Pont d'Oughane,Loukkos,2009-12-01,2009,12,28.016443258064516,75.0392416224
LOUK_01,Pont d'Oughane,Loukkos,2010-01-01,2010,1,47.34239012903226,126.8018577216
LOUK_01,Pont d'Oughane,Loukkos,2010-02-01,2010,2,50.05192675,121.0856211936
LOUK_01,Pont d'Oughane,Loukkos,2010-03-01,2010,3,30.562333967741935,81.85815529919999
LOUK_01,Pont d'Oughane,Loukkos,2010-04-01,2010,4,1.6477277333333333,4.270910284799999
LOUK_01,Pont d'Oughane,Loukkos,2010-05-01,2010,5,0.5074604193548387,1.3591819872
LOUK_01,Pont d'Oughane,Loukkos,2010-06-01,2010,6,0.13909793333333334,0.3605418432
LOUK_01,Pont d'Oughane,Loukkos,2010-07-01,2010,7,0.04952009677419355,0.1326346272
LOUK_01,Pont d'Oughane,Loukkos,2010-08-01,2010,8,0.032867806451612906,0.08803313280000002
LOUK_01,Pont d'Oughane,Loukkos,2010-09-01,2010,9,0.0230895,0.059847984
LOUK_01,Pont d'Oughane,Loukkos,2010-10-01,2010,10,3.9183958387096776,10.4950314144
LOUK_01,Pont d'Oughane,Loukkos,2010-11-01,2010,11,15.817850366666667,40.9998681504
LOUK_01,Pont d'Oughane,Loukkos,2010-12-01,2010,12,23.17895564516129,62.082514800000006
LOUK_01,Pont d'Oughane,Loukkos,2011-01-01,2011,1,8.162179258064516,21.8615809248
LOUK_01,Pont d'Oughane,Loukkos,2011-02-01,2011,2,10.434113,25.242206169600003
LOUK_01,Pont d'Oughane,Loukkos,2011-03-01,2011,3,4.403105032258065,11.793276518400003
LOUK_01,Pont d'Oughane,Loukkos,2011-04-01,2011,4,1.5440060333333334,4.0020636384
LOUK_01,Pont d'Oughane,Loukkos,2011-05-01,2011,5,3.2486053225806453,8.701064496
LOUK_01,Pont d'Oughane,Loukkos,2011-06-01,2011,6,0.3187451333333333,0.8261873855999999
LOUK_01,Pont d'Oughane,Loukkos,2011-07-01,2011,7,0.043008387096774195,0.115193664
LOUK_01,Pont d'Oughane,Loukkos,2011-08-01,2011,8,0.017484774193548387,0.0468312192
LOUK_01,Pont d'Oughane,Loukkos,2011-09-01,2011,9,0.0115177,0.029853878400000002
LOUK_01,Pont d'Oughane,Loukkos,2011-10-01,2011,10,0.18674370967741935,0.500174352
LOUK_01,Pont d'Oughane,Loukkos,2011-11-01,2011,11,2.9544443,7.6579196256
LOUK_01,Pont d'Oughane,Loukkos,2011-12-01,2011,12,0.34847490322580643,0.9333551808
LOUK_01,Pont d'Oughane,Loukkos,2012-01-01,2012,1,1.7166556129032258,4.5978903936
LOUK_01,Pont d'Oughane,Loukkos,2012-02-01,2012,2,0.3234017931034483,0.8103155328
LOUK_01,Pont d'Oughane,Loukkos,2012-03-01,2012,3,0.14667903225806453,0.39286512000000007
LOUK_01,Pont d'Oughane,Loukkos,2012-04-01,2012,4,0.5456915,1.414432368
LOUK_01,Pont d'Oughane,Loukkos,2012-05-01,2012,5,0.32762293548387095,0.8775052703999999
LOUK_01,Pont d'Oughane,Loukkos,2012-06-01,2012,6,0.040336166666666666,0.10455134400000002
LOUK_01,Pont d'Oughane,Loukkos,2012-07-01,2012,7,0.013342903225806451,0.035737632
LOUK_01,Pont d'Oughane,Loukkos,2012-08-01,2012,8,0.007144806451612903,0.0191366496
LOUK_01,Pont d'Oughane,Loukkos,2012-09-01,2012,9,0.0,0.0
LOUK_01,Pont d'Oughane,Loukkos,2012-10-01,2012,10,0.0,0.0
LOUK_01,Pont d'Oughane,Loukkos,2012-11-01,2012,11,0.0,0.0
LOUK_01,Pont d'Oughane,Loukkos,2012-12-01,2012,12,0.0,0.0
LOUK_01,Pont d'Oughane,Loukkos,2013-01-01,2013,1,0.0,0.0
LOUK_01,Pont d'Oughane,Loukkos,2013-02-01,2013,2,2.1428571428571428e-07,5.184e-07
LOUK_01,Pont d'Oughane,Loukkos,2013-03-01,2013,3,1.4193548387096774e-06,3.8016e-06
LOUK_01,Pont d'Oughane,Loukkos,2013-04-01,2013,4,5.633333333333333e-06,1.46016e-05
LOUK_01,Pont d'Oughane,Loukkos,2013-05-01,2013,5,2.409677419354839e-05,6.45408e-05
LOUK_01,Pont d'Oughane,Loukkos,2013-06-01,2013,6,0.0001034,0.00026801280000000004
LOUK_01,Pont d'Oughane,Loukkos,2013-07-01,2013,7,0.00044696774193548385,0.0011971584
LOUK_01,Pont d'Oughane,Loukkos,2013-08-01,2013,8,0.00196958064516129,0.005275324799999999
LOUK_01,Pont d'Oughane,Loukkos,2013-09-01,2013,9,0.003524366666666667,0.009135158400000001
LOUK_01,Pont d'Oughane,Loukkos,2013-10-01,2013,10,0.003069064516129032,0.0082201824
LOUK_01,Pont d'Oughane,Loukkos,2013-11-01,2013,11,0.05522733333333334,0.14314924800000003
LOUK_01,Pont d'Oughane,Loukkos,2013-12-01,2013,12,2.5861597096774194,6.926770166400001
LOUK_01,Pont d'Oughane,Loukkos,2014-01-01,2014,1,6.620482193548387,17.7322995072
LOUK_01,Pont d'Oughane,Loukkos,2014-02-01,2014,2,6.235616142857143,15.085202572800004
LOUK_01,Pont d'Oughane,Loukkos,2014-03-01,2014,3,5.124079451612904,13.7243344032
LOUK_01,Pont d'Oughane,Loukkos,2014-04-01,2014,4,1.8039363333333334,4.675802976
LOUK_01,Pont d'Oughane,Loukkos,2014-05-01,2014,5,0.27241716129032256,0.7296421248
LOUK_01,Pont d'Oughane,Loukkos,2014-06-01,2014,6,0.0900825,0.23349383999999998
LOUK_01,Pont d'Oughane,Loukkos,2014-07-01,2014,7,0.025949064516129033,0.0695019744
LOUK_01,Pont d'Oughane,Loukkos,2014-08-01,2014,8,0.00942783870967742,0.025251523200000004
LOUK_01,Pont d'Oughane,Loukkos,2014-09-01,2014,9,0.0039083,0.0101303136
LOUK_01,Pont d'Oughane,Loukkos,2014-10-01,2014,10,0.0,0.0
LOUK_01,Pont d'Oughane,Loukkos,2014-11-01,2014,11,0.9368458333333334,2.4283044000000005
LOUK_01,Pont d'Oughane,Loukkos,2014-12-01,2014,12,10.800431935483871,28.927876896
LOUK_01,Pont d'Oughane,Loukkos,2015-01-01,2015,1,4.9949878709677416,13.3785755136
LOUK_01,Pont d'Oughane,Loukkos,2015-02-01,2015,2,9.026756107142857,21.837528374399998
LOUK_01,Pont d'Oughane,Loukkos,2015-03-01,2015,3,3.342096064516129,8.951470099200002
LOUK_01,Pont d'Oughane,Loukkos,2015-04-01,2015,4,1.0788174333333334,2.7962947871999995
LOUK_01,Pont d'Oughane,Loukkos,2015-05-01,2015,5,0.32390448387096776,0.8675457696000001
LOUK_01,Pont d'Oughane,Loukkos,2015-06-01,2015,6,0.06844123333333334,0.17739967680000002
LOUK_01,Pont d'Oughane,Loukkos,2015-07-01,2015,7,0.025358354838709678,0.06791981760000002
LOUK_01,Pont d'Oughane,Loukkos,2015-08-01,2015,8,0.009702774193548386,0.0259879104
LOUK_01,Pont d'Oughane,Loukkos,2015-09-01,2015,9,0.0017807666666666666,0.0046157472
LOUK_01,Pont d'Oughane,Loukkos,2015-10-01,2015,10,0.0,0.0
LOUK_01,Pont d'Oughane,Loukkos,2015-11-01,2015,11,0.0,0.0
LOUK_01,Pont d'Oughane,Loukkos,2015-12-01,2015,12,0.0,0.0
LOUK_01,Pont d'Oughane,Loukkos,2016-01-01,2016,1,0.03195735483870968,0.0855945792
LOUK_01,Pont d'Oughane,Loukkos,2016-02-01,2016,2,0.704737,1.7657890271999996
LOUK_01,Pont d'Oughane,Loukkos,2016-03-01,2016,3,0.3850973870967742,1.0314448416
LOUK_01,Pont d'Oughane,Loukkos,2016-04-01,2016,4,0.30108973333333333,0.7804245888
LOUK_01,Pont d'Oughane,Loukkos,2016-05-01,2016,5,0.31191490322580645,0.8354328768
LOUK_01,Pont d'Oughane,Loukkos,2016-06-01,2016,6,0.05437873333333333,0.14094967679999998
LOUK_01,Pont d'Oughane,Loukkos,2016-07-01,2016,7,0.01956651612903226,0.05240695680000001
LOUK_01,Pont d'Oughane,Loukkos,2016-08-01,2016,8,0.004431548387096774,0.0118694592
LOUK_01,Pont d'Oughane,Loukkos,2016-09-01,2016,9,0.0,0.0
LOUK_01,Pont d'Oughane,Loukkos,2016-10-01,2016,10,0.0,0.0
LOUK_01,Pont d'Oughane,Loukkos,2016-11-01,2016,11,2.1317839333333333,5.5255839552
LOUK_01,Pont d'Oughane,Loukkos,2016-12-01,2016,12,10.614890483870967,28.430922671999998
LOUK_01,Pont d'Oughane,Loukkos,2017-01-01,2017,1,2.0607215806451613,5.519436681599999
LOUK_01,Pont d'Oughane,Loukkos,2017-02-01,2017,2,3.9314654285714288,9.511001164800001
LOUK_01,Pont d'Oughane,Loukkos,2017-03-01,2017,3,1.5386206451612903,4.121041536
LOUK_01,Pont d'Oughane,Loukkos,2017-04-01,2017,4,0.9027218666666667,2.3398550784
LOUK_01,Pont d'Oughane,Loukkos,2017-05-01,2017,5,0.7345542580645161,1.9674301248
LOUK_01,Pont d'Oughane,Loukkos,2017-06-01,2017,6,0.4533949,1.1751995808
LOUK_01,Pont d'Oughane,Loukkos,2017-07-01,2017,7,0.2528828387096774,0.6773213952
LOUK_01,Pont d'Oughane,Loukkos,2017-08-01,2017,8,0.06503383870967742,0.17418663360000003
LOUK_01,Pont d'Oughane,Loukkos,2017-09-01,2017,9,0.0,0.0
LOUK_01,Pont d'Oughane,Loukkos,2017-10-01,2017,10,0.5717368387096774,1.5313399488
LOUK_01,Pont d'Oughane,Loukkos,2017-11-01,2017,11,0.7218713333333333,1.871090496
LOUK_01,Pont d'Oughane,Loukkos,2017-12-01,2017,12,1.6488089677419355,4.4161699392
LOUK_01,Pont d'Oughane,Loukkos,2018-01-01,2018,1,6.408411387096774,17.1642890592
LOUK_01,Pont d'Oughane,Loukkos,2018-02-01,2018,2,2.1522539642857144,5.2067327904
LOUK_01,Pont d'Oughane,Loukkos,2018-03-01,2018,3,43.82412029032258,117.37852378560001
LOUK_01,Pont d'Oughane,Loukkos,2018-04-01,2018,4,22.488028266666667,58.2889692672
LOUK_01,Pont d'Oughane,Loukkos,2018-05-01,2018,5,1.8903069032258064,5.062998009599999
LOUK_01,Pont d'Oughane,Loukkos,2018-06-01,2018,6,1.0244087,2.6552673504
LOUK_01,Pont d'Oughane,Loukkos,2018-07-01,2018,7,0.6301544838709677,1.6878057696
LOUK_01,Pont d'Oughane,Loukkos,2018-08-01,2018,8,0.4596848064516129,1.2312197856
LOUK_01,Pont d'Oughane,Loukkos,2018-09-01,2018,9,0.41498646666666666,1.0756449216
LOUK_01,Pont d'Oughane,Loukkos,2018-10-01,2018,10,3.5148917096774195,9.414285955200002
LOUK_01,Pont d'Oughane,Loukkos,2018-11-01,2018,11,16.653369033333334,43.1655325344
LOUK_01,Pont d'Oughane,Loukkos,2018-12-01,2018,12,0.8179912580645161,2.1909077856
LOUK_01,Pont d'Oughane,Loukkos,2019-01-01,2019,1,0.886674,2.3748676416
LOUK_01,Pont d'Oughane,Loukkos,2019-02-01,2019,2,19.910282071428572,48.1669543872
LOUK_01,Pont d'Oughane,Loukkos,2019-03-01,2019,3,6.278574193548387,16.81653312
LOUK_01,Pont d'Oughane,Loukkos,2019-04-01,2019,4,4.268207666666667,11.063194272
LOUK_01,Pont d'Oughane,Loukkos,2019-05-01,2019,5,0.6208724838709677,1.6629448608
LOUK_01,Pont d'Oughane,Loukkos,2019-06-01,2019,6,0.3971661,1.0294545312
LOUK_01,Pont d'Oughane,Loukkos,2019-07-01,2019,7,0.0,0.0
LOUK_01,Pont d'Oughane,Loukkos,2019-08-01,2019,8,0.0,0.0
LOUK_01,Pont d'Oughane,Loukkos,2019-09-01,2019,9,0.0,0.0
LOUK_01,Pont d'Oughane,Loukkos,2019-10-01,2019,10,0.0,0.0
LOUK_01,Pont d'Oughane,Loukkos,2019-11-01,2019,11,2.0644174,5.3509699008
LOUK_01,Pont d'Oughane,Loukkos,2019-12-01,2019,12,3.463551580645161,9.2767765536
LOUK_01,Pont d'Oughane,Loukkos,2020-01-01,2020,1,2.095105806451613,5.611531392
LOUK_01,Pont d'Oughane,Loukkos,2020-02-01,2020,2,1.2421761724137932,3.1123966176000004
LOUK_01,Pont d'Oughane,Loukkos,2020-03-01,2020,3,1.2522725483870967,3.3540867935999996
LOUK_01,Pont d'Oughane,Loukkos,2020-04-01,2020,4,3.5664173333333333,9.244153728
LOUK_01,Pont d'Oughane,Loukkos,2020-05-01,2020,5,2.234888516129032,5.985925401599999
LOUK_01,Pont d'Oughane,Loukkos,2020-06-01,2020,6,0.9781461333333333,2.5353547776000003
LOUK_01,Pont d'Oughane,Loukkos,2020-07-01,2020,7,0.30426567741935484,0.8149451903999999
LOUK_01,Pont d'Oughane,Loukkos,2020-08-01,2020,8,0.05688841935483871,0.1523699424
LOUK_01,Pont d'Oughane,Loukkos,2020-09-01,2020,9,0.0,0.0
LOUK_01,Pont d'Oughane,Loukkos,2020-10-01,2020,10,0.0,0.0
LOUK_01,Pont d'Oughane,Loukkos,2020-11-01,2020,11,0.0,0.0
LOUK_01,Pont d'Oughane,Loukkos,2020-12-01,2020,12,3.027856806451613,8.109811670400001
LOUK_01,Pont d'Oughane,Loukkos,2021-01-01,2021,1,13.399871419354838,35.8902156096
LOUK_01,Pont d'Oughane,Loukkos,2021-02-01,2021,2,5.809075607142857,14.0533157088
LOUK_01,Pont d'Oughane,Loukkos,2021-03-01,2021,3,1.0992762903225806,2.9443016159999997
LOUK_01,Pont d'Oughane,Loukkos,2021-04-01,2021,4,0.5078583666666666,1.3163688864
LOUK_01,Pont d'Oughane,Loukkos,2021-05-01,2021,5,0.3057909677419355,0.8190305280000001
LOUK_01,Pont d'Oughane,Loukkos,2021-06-01,2021,6,0.10785803333333334,0.2795680224
LOUK_01,Pont d'Oughane,Loukkos,2021-07-01,2021,7,0.08262238709677419,0.22129580159999998
LOUK_01,Pont d'Oughane,Loukkos,2021-08-01,2021,8,0.0680058064516129,0.182146752
LOUK_01,Pont d'Oughane,Loukkos,2021-09-01,2021,9,0.058525933333333335,0.15169921919999999
LOUK_01,Pont d'Oughane,Loukkos,2021-10-01,2021,10,0.04697283870967742,0.1258120512
LOUK_01,Pont d'Oughane,Loukkos,2021-11-01,2021,11,0.03821276666666667,0.09904749120000002
LOUK_01,Pont d'Oughane,Loukkos,2021-12-01,2021,12,0.07629112903225807,0.20433816
LOUK_01,Pont d'Oughane,Loukkos,2022-01-01,2022,1,0.13728335483870968,0.3676997376
LOUK_01,Pont d'Oughane,Loukkos,2022-02-01,2022,2,0.115858,0.2802836736
LOUK_01,Pont d'Oughane,Loukkos,2022-03-01,2022,3,0.6734001935483871,1.8036350783999997
LOUK_01,Pont d'Oughane,Loukkos,2022-04-01,2022,4,1.3715551666666668,3.555070992
LOUK_01,Pont d'Oughane,Loukkos,2022-05-01,2022,5,0.29432870967741936,0.7883300160000001
LOUK_01,Pont d'Oughane,Loukkos,2022-06-01,2022,6,0.07951173333333333,0.20609441280000002
LOUK_01,Pont d'Oughane,Loukkos,2022-07-01,2022,7,0.03512303225806451,0.0940735296
LOUK_01,Pont d'Oughane,Loukkos,2022-08-01,2022,8,0.011363903225806452,0.0304370784
LOUK_01,Pont d'Oughane,Loukkos,2022-09-01,2022,9,0.0020535,0.0053226720000000005
LOUK_01,Pont d'Oughane,Loukkos,2022-10-01,2022,10,0.0,0.0
LOUK_01,Pont d'Oughane,Loukkos,2022-11-01,2022,11,0.0,0.0
LOUK_01,Pont d'Oughane,Loukkos,2022-12-01,2022,12,15.251840483870968,40.850529552
LOUK_01,Pont d'Oughane,Loukkos,2023-01-01,2023,1,0.005771645161290323,0.0154587744
LOUK_01,Pont d'Oughane,Loukkos,2023-02-01,2023,2,0.0021852857142857143,0.0052866432
LOUK_01,Pont d'Oughane,Loukkos,2023-03-01,2023,3,0.001990483870967742,0.0053313119999999995
LOUK_01,Pont d'Oughane,Loukkos,2023-04-01,2023,4,0.0012951333333333333,0.0033569856
LOUK_01,Pont d'Oughane,Loukkos,2023-05-01,2023,5,0.0013056451612903225,0.00349704
LOUK_01,Pont d'Oughane,Loukkos,2023-06-01,2023,6,0.0013750666666666666,0.0035641728
LOUK_01,Pont d'Oughane,Loukkos,2023-07-01,2023,7,0.0010083548387096774,0.0027007776000000003
LOUK_01,Pont d'Oughane,Loukkos,2023-08-01,2023,8,0.4741766774193548,1.2700348127999999
LOUK_01,Pont d'Oughane,Loukkos,2023-09-01,2023,9,0.0,0.0
LOUK_01,Pont d'Oughane,Loukkos,2023-10-01,2023,10,0.0,0.0
LOUK_01,Pont d'Oughane,Loukkos,2023-11-01,2023,11,0.0,0.0
LOUK_01,Pont d'Oughane,Loukkos,2023-12-01,2023,12,0.0,0.0
LOUK_01,Pont d'Oughane,Loukkos,2024-01-01,2024,1,0.001128483870967742,0.0030225312
LOUK_01,Pont d'Oughane,Loukkos,2024-02-01,2024,2,0.003175862068965517,0.00795744
LOUK_01,Pont d'Oughane,Loukkos,2024-03-01,2024,3,5.497998935483871,14.725840348799998
LOUK_01,Pont d'Oughane,Loukkos,2024-04-01,2024,4,0.5732258666666666,1.4858014464
LOUK_01,Pont d'Oughane,Loukkos,2024-05-01,2024,5,0.0014480967741935483,0.0038785824000000003
LOUK_01,Pont d'Oughane,Loukkos,2024-06-01,2024,6,0.0008966666666666667,0.00232416
LOUK_01,Pont d'Oughane,Loukkos,2024-07-01,2024,7,0.0005326129032258064,0.0014265504
LOUK_01,Pont d'Oughane,Loukkos,2024-08-01,2024,8,0.00019635483870967743,0.0005259168
LOUK_02,Pont M'Ghar,Loukkos,2000-09-01,2000,9,0.0,0.0
LOUK_02,Pont M'Ghar,Loukkos,2000-10-01,2000,10,0.08001987096774194,0.2143252224
LOUK_02,Pont M'Ghar,Loukkos,2000-11-01,2000,11,0.0067659,0.017537212799999997
LOUK_02,Pont M'Ghar,Loukkos,2000-12-01,2000,12,5.809834516129032,15.561060768
LOUK_02,Pont M'Ghar,Loukkos,2001-01-01,2001,1,6.364196258064516,17.0458632576
LOUK_02,Pont M'Ghar,Loukkos,2001-02-01,2001,2,2.2514285357142856,5.4466559136
LOUK_02,Pont M'Ghar,Loukkos,2001-03-01,2001,3,3.060697870967742,8.1977731776
LOUK_02,Pont M'Ghar,Loukkos,2001-04-01,2001,4,0.213988,0.5546568960000001
LOUK_02,Pont M'Ghar,Loukkos,2001-05-01,2001,5,0.1745341612903226,0.4674722976
LOUK_02,Pont M'Ghar,Loukkos,2001-06-01,2001,6,0.0557818,0.14458642559999998
LOUK_02,Pont M'Ghar,Loukkos,2001-07-01,2001,7,6.451612903225807e-08,1.7280000000000004e-07
LOUK_02,Pont M'Ghar,Loukkos,2001-08-01,2001,8,0.0,0.0
LOUK_02,Pont M'Ghar,Loukkos,2001-09-01,2001,9,0.13063533333333333,0.338606784
LOUK_02,Pont M'Ghar,Loukkos,2001-10-01,2001,10,0.05894548387096774,0.157879584
LOUK_02,Pont M'Ghar,Loukkos,2001-11-01,2001,11,0.056266166666666666,0.14584190400000002
LOUK_02,Pont M'Ghar,Loukkos,2001-12-01,2001,12,2.7723426129032256,7.425442454399999
LOUK_02,Pont M'Ghar,Loukkos,2002-01-01,2002,1,0.19543703225806452,0.5234585472000001
LOUK_02,Pont M'Ghar,Loukkos,2002-02-01,2002,2,0.14028182142857143,0.3393697824
LOUK_02,Pont M'Ghar,Loukkos,2002-03-01,2002,3,0.6570337096774194,1.759799088
LOUK_02,Pont M'Ghar,Loukkos,2002-04-01,2002,4,2.6136786666666665,6.774655103999999
LOUK_02,Pont M'Ghar,Loukkos,2002-05-01,2002,5,0.3703816451612903,0.9920301984
LOUK_02,Pont M'Ghar,Loukkos,2002-06-01,2002,6,0.06627953333333333,0.1717965504
LOUK_02,Pont M'Ghar,Loukkos,2002-07-01,2002,7,0.04551322580645161,0.121902624
LOUK_02,Pont M'Ghar,Loukkos,2002-08-01,2002,8,0.04729177419354839,0.126666288
LOUK_02,Pont M'Ghar,Loukkos,2002-09-01,2002,9,0.0492617,0.1276863264
LOUK_02,Pont M'Ghar,Loukkos,2002-10-01,2002,10,0.11675474193548387,0.3127159008
LOUK_02,Pont M'Ghar,Loukkos,2002-11-01,2002,11,5.346988966666666,13.859395401599997
LOUK_02,Pont M'Ghar,Loukkos,2002-12-01,2002,12,2.104572193548387,5.6368861632
LOUK_02,Pont M'Ghar,Loukkos,2003-01-01,2003,1,5.225148935483871,13.995038908799998
LOUK_02,Pont M'Ghar,Loukkos,2003-02-01,2003,2,2.092085892857143,5.061174192000001
LOUK_02,Pont M'Ghar,Loukkos,2003-03-01,2003,3,2.0729738064516128,5.5522530431999995
LOUK_02,Pont M'Ghar,Loukkos,2003-04-01,2003,4,3.6523886666666665,9.466991423999998
LOUK_02,Pont M'Ghar,Loukkos,2003-05-01,2003,5,1.0317497741935484,2.7634385952
LOUK_02,Pont M'Ghar,Loukkos,2003-06-01,2003,6,0.1702784,0.4413616128
LOUK_02,Pont M'Ghar,Loukkos,2003-07-01,2003,7,0.08845945161290322,0.2369297952
LOUK_02,Pont M'Ghar,Loukkos,2003-08-01,2003,8,0.08866951612903226,0.237492432
LOUK_02,Pont M'Ghar,Loukkos,2003-09-01,2003,9,0.11900683333333334,0.308465712
LOUK_02,Pont M'Ghar,Loukkos,2003-10-01,2003,10,0.2005939677419355,0.5372708832
LOUK_02,Pont M'Ghar,Loukkos,2003-11-01,2003,11,0.8087036,2.0961597312
LOUK_02,Pont M'Ghar,Loukkos,2003-12-01,2003,12,5.514208129032258,14.7692550528
LOUK_02,Pont M'Ghar,Loukkos,2004-01-01,2004,1,0.5450508387096774,1.4598641664
LOUK_02,Pont M'Ghar,Loukkos,2004-02-01,2004,2,0.6791315172413793,1.7016319296000002
LOUK_02,Pont M'Ghar,Loukkos,2004-03-01,2004,3,1.207363612903226,3.2338027008000005
LOUK_02,Pont M'Ghar,Loukkos,2004-04-01,2004,4,1.135354,2.942837568
LOUK_02,Pont M'Ghar,Loukkos,2004-05-01,2004,5,3.390182580645161,9.080265024000001
LOUK_02,Pont M'Ghar,Loukkos,2004-06-01,2004,6,0.22342376666666666,0.5791144032000001
LOUK_02,Pont M'Ghar,Loukkos,2004-07-01,2004,7,0.074401,0.19927563839999998
LOUK_02,Pont M'Ghar,Loukkos,2004-08-01,2004,8,0.06704603225806452,0.1795760928
LOUK_02,Pont M'Ghar,Loukkos,2004-09-01,2004,9,0.06239173333333333,0.16171937279999998
LOUK_02,Pont M'Ghar,Loukkos,2004-10-01,2004,10,0.2545403870967742,0.6817609727999999
LOUK_02,Pont M'Ghar,Loukkos,2004-11-01,2004,11,0.3019040333333333,0.7825352544
LOUK_02,Pont M'Ghar,Loukkos,2004-12-01,2004,12,0.5493651935483871,1.4714197344
LOUK_02,Pont M'Ghar,Loukkos,2005-01-01,2005,1,0.1050591935483871,0.281390544
LOUK_02,Pont M'Ghar,Loukkos,2005-02-01,2005,2,2.1353153571428574,5.165754912000001
LOUK_02,Pont M'Ghar,Loukkos,2005-03-01,2005,3,0.6436653870967742,1.7239933728
LOUK_02,Pont M'Ghar,Loukkos,2005-04-01,2005,4,0.0548449,0.14215798080000003
LOUK_02,Pont M'Ghar,Loukkos,2005-05-01,2005,5,0.0244711935483871,0.06554364480000001
LOUK_02,Pont M'Ghar,Loukkos,2005-06-01,2005,6,0.0127818,0.03313042559999999
LOUK_02,Pont M'Ghar,Loukkos,2005-07-01,2005,7,0.0,0.0
LOUK_02,Pont M'Ghar,Loukkos,2005-08-01,2005,8,0.0,0.0
LOUK_02,Pont M'Ghar,Loukkos,2005-09-01,2005,9,0.0,0.0
LOUK_02,Pont M'Ghar,Loukkos,2005-10-01,2005,10,0.046395451612903225,0.1242655776
LOUK_02,Pont M'Ghar,Loukkos,2005-11-01,2005,11,0.11725703333333333,0.3039302304
LOUK_02,Pont M'Ghar,Loukkos,2005-12-01,2005,12,0.11822925806451613,0.31666524479999997
LOUK_02,Pont M'Ghar,Loukkos,2006-01-01,2006,1,0.7576606774193548,2.0293183584
LOUK_02,Pont M'Ghar,Loukkos,2006-02-01,2006,2,1.4116389285714286,3.415036896
LOUK_02,Pont M'Ghar,Loukkos,2006-03-01,2006,3,1.5945649677419356,4.270882809600001
LOUK_02,Pont M'Ghar,Loukkos,2006-04-01,2006,4,0.3506806,0.9089641152
LOUK_02,Pont M'Ghar,Loukkos,2006-05-01,2006,5,0.030736419354838708,0.08232442559999999
LOUK_02,Pont M'Ghar,Loukkos,2006-06-01,2006,6,0.0182611,0.047332771200000005
LOUK_02,Pont M'Ghar,Loukkos,2006-07-01,2006,7,0.005786290322580645,0.015497999999999998
LOUK_02,Pont M'Ghar,Loukkos,2006-08-01,2006,8,0.0,0.0
LOUK_02,Pont M'Ghar,Loukkos,2006-09-01,2006,9,0.0,0.0
LOUK_02,Pont M'Ghar,Loukkos,2006-10-01,2006,10,0.0,0.0
LOUK_02,Pont M'Ghar,Loukkos,2006-11-01,2006,11,0.0980045,0.254027664
LOUK_02,Pont M'Ghar,Loukkos,2006-12-01,2006,12,0.03344716129032258,0.0895848768
LOUK_02,Pont M'Ghar,Loukkos,2007-01-01,2007,1,0.03828416129032258,0.10254029760000001
LOUK_02,Pont M'Ghar,Loukkos,2007-02-01,2007,2,0.2330105357142857,0.563699088
LOUK_02,Pont M'Ghar,Loukkos,2007-03-01,2007,3,0.2064131935483871,0.5528570976
LOUK_02,Pont M'Ghar,Loukkos,2007-04-01,2007,4,0.5160838,1.3376892096
LOUK_02,Pont M'Ghar,Loukkos,2007-05-01,2007,5,0.08069206451612904,0.21612562560000004
LOUK_02,Pont M'Ghar,Loukkos,2007-06-01,2007,6,0.0015117333333333333,0.0039184128
LOUK_02,Pont M'Ghar,Loukkos,2007-07-01,2007,7,0.00026819354838709676,0.0007183296000000001
LOUK_02,Pont M'Ghar,Loukkos,2007-08-01,2007,8,0.0,0.0
LOUK_02,Pont M'Ghar,Loukkos,2007-09-01,2007,9,0.0,0.0
LOUK_02,Pont M'Ghar,Loukkos,2007-10-01,2007,10,0.0,0.0
LOUK_02,Pont M'Ghar,Loukkos,2007-11-01,2007,11,7.62e-05,0.00019751039999999997
LOUK_02,Pont M'Ghar,Loukkos,2007-12-01,2007,12,0.022908032258064516,0.0613568736
LOUK_02,Pont M'Ghar,Loukkos,2008-01-01,2008,1,0.06075551612903226,0.16272757440000002
LOUK_02,Pont M'Ghar,Loukkos,2008-02-01,2008,2,0.096039,0.2406353184
LOUK_02,Pont M'Ghar,Loukkos,2008-03-01,2008,3,0.07708367741935483,0.20646092159999999
LOUK_02,Pont M'Ghar,Loukkos,2008-04-01,2008,4,0.1229595,0.318711024
LOUK_02,Pont M'Ghar,Loukkos,2008-05-01,2008,5,0.1294641935483871,0.346756896
LOUK_02,Pont M'Ghar,Loukkos,2008-06-01,2008,6,0.011169233333333334,0.0289506528
LOUK_02,Pont M'Ghar,Loukkos,2008-07-01,2008,7,0.00040635483870967744,0.0010883808000000002
LOUK_02,Pont M'Ghar,Loukkos,2008-08-01,2008,8,3.2258064516129035e-08,8.640000000000002e-08
LOUK_02,Pont M'Ghar,Loukkos,2008-09-01,2008,9,0.046145733333333334,0.1196097408
LOUK_02,Pont M'Ghar,Loukkos,2008-10-01,2008,10,0.18864935483870968,0.505278432
LOUK_02,Pont M'Ghar,Loukkos,2008-11-01,2008,11,1.0193567333333333,2.6421726528
LOUK_02,Pont M'Ghar,Loukkos,2008-12-01,2008,12,5.194362258064516,13.912579872
LOUK_02,Pont M'Ghar,Loukkos,2009-01-01,2009,1,4.009009193548387,10.737730224
LOUK_02,Pont M'Ghar,Loukkos,2009-02-01,2009,2,5.770264714285714,13.959424396799998
LOUK_02,Pont M'Ghar,Loukkos,2009-03-01,2009,3,1.5177334193548386,4.0650971903999995
LOUK_02,Pont M'Ghar,Loukkos,2009-04-01,2009,4,0.057104466666666666,0.1480147776
LOUK_02,Pont M'Ghar,Loukkos,2009-05-01,2009,5,0.16747690322580644,0.4485701376
LOUK_02,Pont M'Ghar,Loukkos,2009-06-01,2009,6,0.006795666666666667,0.017614368
LOUK_02,Pont M'Ghar,Loukkos,2009-07-01,2009,7,0.0025934193548387096,0.0069462144
LOUK_02,Pont M'Ghar,Loukkos,2009-08-01,2009,8,0.002432064516129032,0.0065140416
LOUK_02,Pont M'Ghar,Loukkos,2009-09-01,2009,9,0.0034159333333333335,0.0088540992
LOUK_02,Pont M'Ghar,Loukkos,2009-10-01,2009,10,0.002868225806451613,0.007682255999999999
LOUK_02,Pont M'Ghar,Loukkos,2009-11-01,2009,11,0.0035366666666666667,0.009167040000000001
LOUK_02,Pont M'Ghar,Loukkos,2009-12-01,2009,12,4.680291741935484,12.5356934016
LOUK_02,Pont M'Ghar,Loukkos,2010-01-01,2010,1,6.895784193548387,18.469668384
LOUK_02,Pont M'Ghar,Loukkos,2010-02-01,2010,2,8.74076382142857,21.1456558368
LOUK_02,Pont M'Ghar,Loukkos,2010-03-01,2010,3,3.7644336451612905,10.0826590752
LOUK_02,Pont M'Ghar,Loukkos,2010-04-01,2010,4,0.0487603,0.1263866976
LOUK_02,Pont M'Ghar,Loukkos,2010-05-01,2010,5,0.023530741935483872,0.0630247392
LOUK_02,Pont M'Ghar,Loukkos,2010-06-01,2010,6,0.014515833333333334,0.03762504
LOUK_02,Pont M'Ghar,Loukkos,2010-07-01,2010,7,0.009661322580645162,0.025876886400000004
LOUK_02,Pont M'Ghar,Loukkos,2010-08-01,2010,8,0.006816,0.018255974400000003
LOUK_02,Pont M'Ghar,Loukkos,2010-09-01,2010,9,0.0030616666666666665,0.00793584
LOUK_02,Pont M'Ghar,Loukkos,2010-10-01,2010,10,1.1903127741935484,3.1881337344
LOUK_02,Pont M'Ghar,Loukkos,2010-11-01,2010,11,6.048496366666667,15.6777025824
LOUK_02,Pont M'Ghar,Loukkos,2010-12-01,2010,12,11.027028161290323,29.5347922272
LOUK_02,Pont M'Ghar,Loukkos,2011-09-01,2011,9,0.0,0.0
LOUK_02,Pont M'Ghar,Loukkos,2011-10-01,2011,10,0.12208467741935485,0.32699160000000005
LOUK_02,Pont M'Ghar,Loukkos,2011-11-01,2011,11,0.3459138333333333,0.896608656
LOUK_02,Pont M'Ghar,Loukkos,2011-12-01,2011,12,0.020103709677419354,0.053845776
LOUK_02,Pont M'Ghar,Loukkos,2012-09-01,2012,9,0.2312096,0.5992952831999999
LOUK_02,Pont M'Ghar,Loukkos,2012-10-01,2012,10,0.728844870967742,1.9521381024000002
LOUK_02,Pont M'Ghar,Loukkos,2012-11-01,2012,11,3.5068098666666665,9.0896511744
LOUK_02,Pont M'Ghar,Loukkos,2012-12-01,2012,12,1.848023935483871,4.9497473088
LOUK_02,Pont M'Ghar,Loukkos,2013-01-01,2013,1,2.838028,7.601374195200001
LOUK_02,Pont M'Ghar,Loukkos,2013-02-01,2013,2,0.6210791071428572,1.502514576
LOUK_02,Pont M'Ghar,Loukkos,2013-03-01,2013,3,3.4209182580645163,9.162587462400001
LOUK_02,Pont M'Ghar,Loukkos,2013-04-01,2013,4,0.7436679333333334,1.9275872832000003
LOUK_02,Pont M'Ghar,Loukkos,2013-05-01,2013,5,0.29496738709677417,0.7900406496
LOUK_02,Pont M'Ghar,Loukkos,2013-06-01,2013,6,0.1359622,0.3524140224000001
LOUK_02,Pont M'Ghar,Loukkos,2013-07-01,2013,7,0.0009718387096774193,0.0026029728
LOUK_02,Pont M'Ghar,Loukkos,2013-08-01,2013,8,0.0,0.0
LOUK_02,Pont M'Ghar,Loukkos,2013-09-01,2013,9,0.0,0.0
LOUK_02,Pont M'Ghar,Loukkos,2013-10-01,2013,10,0.003631903225806452,0.009727689600000002
LOUK_02,Pont M'Ghar,Loukkos,2013-11-01,2013,11,0.0128825,0.03339144
LOUK_02,Pont M'Ghar,Loukkos,2013-12-01,2013,12,0.18639861290322582,0.4992500448
LOUK_02,Pont M'Ghar,Loukkos,2014-01-01,2014,1,0.6037741935483871,1.6171488000000003
LOUK_02,Pont M'Ghar,Loukkos,2014-02-01,2014,2,0.5564452142857143,1.3461522624
LOUK_02,Pont M'Ghar,Loukkos,2014-03-01,2014,3,0.44139306451612903,1.1822271839999998
LOUK_02,Pont M'Ghar,Loukkos,2014-04-01,2014,4,0.34527386666666665,0.8949498623999999
LOUK_02,Pont M'Ghar,Loukkos,2014-05-01,2014,5,0.14175458064516128,0.37967546879999997
LOUK_02,Pont M'Ghar,Loukkos,2014-06-01,2014,6,0.5456615666666667,1.4143547808
LOUK_02,Pont M'Ghar,Loukkos,2014-07-01,2014,7,2.903225806451613e-07,7.776000000000001e-07
LOUK_02,Pont M'Ghar,Loukkos,2014-08-01,2014,8,0.010037193548387096,0.026883619199999997
LOUK_02,Pont M'Ghar,Loukkos,2014-09-01,2014,9,0.0,0.0
LOUK_02,Pont M'Ghar,Loukkos,2014-10-01,2014,10,0.0,0.0
LOUK_02,Pont M'Ghar,Loukkos,2014-11-01,2014,11,0.3601802333333333,0.9335871647999999
LOUK_02,Pont M'Ghar,Loukkos,2014-12-01,2014,12,0.6394835806451613,1.7127928224
LOUK_02,Pont M'Ghar,Loukkos,2015-01-01,2015,1,0.3930503548387097,1.0527460704
LOUK_02,Pont M'Ghar,Loukkos,2015-02-01,2015,2,0.5108729642857143,1.2359038752
LOUK_02,Pont M'Ghar,Loukkos,2015-03-01,2015,3,0.35177287096774196,0.9421884575999999
LOUK_02,Pont M'Ghar,Loukkos,2015-04-01,2015,4,0.5065783666666667,1.3130511264
LOUK_02,Pont M'Ghar,Loukkos,2015-05-01,2015,5,0.8392134516129032,2.2477493087999996
LOUK_02,Pont M'Ghar,Loukkos,2015-06-01,2015,6,1.0406119333333332,2.6972661311999997
LOUK_02,Pont M'Ghar,Loukkos,2015-07-01,2015,7,3.225806451612903e-07,8.639999999999999e-07
LOUK_02,Pont M'Ghar,Loukkos,2015-08-01,2015,8,0.0,0.0
LOUK_02,Pont M'Ghar,Loukkos,2015-09-01,2015,9,0.0,0.0
LOUK_02,Pont M'Ghar,Loukkos,2015-10-01,2015,10,0.0035638709677419354,0.009545472
LOUK_02,Pont M'Ghar,Loukkos,2015-11-01,2015,11,0.0051510666666666665,0.0133515648
LOUK_02,Pont M'Ghar,Loukkos,2015-12-01,2015,12,0.014078741935483871,0.0377085024
LOUK_02,Pont M'Ghar,Loukkos,2016-01-01,2016,1,0.03279248387096774,0.08783138880000001
LOUK_02,Pont M'Ghar,Loukkos,2016-02-01,2016,2,0.0994941724137931,0.24929259839999998
LOUK_02,Pont M'Ghar,Loukkos,2016-03-01,2016,3,0.15347096774193547,0.41105664000000003
LOUK_02,Pont M'Ghar,Loukkos,2016-04-01,2016,4,0.12524133333333334,0.32462553600000005
LOUK_02,Pont M'Ghar,Loukkos,2016-05-01,2016,5,0.09560974193548387,0.2560811328
LOUK_02,Pont M'Ghar,Loukkos,2016-06-01,2016,6,0.0220066,0.0570411072
LOUK_02,Pont M'Ghar,Loukkos,2016-07-01,2016,7,0.013172677419354838,0.035281699199999995
LOUK_02,Pont M'Ghar,Loukkos,2016-08-01,2016,8,0.0,0.0
LOUK_02,Pont M'Ghar,Loukkos,2016-09-01,2016,9,0.0,0.0
LOUK_02,Pont M'Ghar,Loukkos,2016-10-01,2016,10,0.009089870967741935,0.024346310399999998
LOUK_02,Pont M'Ghar,Loukkos,2016-11-01,2016,11,0.1289568,0.3342560256
LOUK_02,Pont M'Ghar,Loukkos,2016-12-01,2016,12,0.8943592258064517,2.3954517504000004
LOUK_02,Pont M'Ghar,Loukkos,2017-01-01,2017,1,0.38752674193548386,1.0379516256
LOUK_02,Pont M'Ghar,Loukkos,2017-02-01,2017,2,0.6736307142857143,1.629647424
LOUK_02,Pont M'Ghar,Loukkos,2017-03-01,2017,3,0.45731135483870966,1.2248627328
LOUK_02,Pont M'Ghar,Loukkos,2017-04-01,2017,4,0.26833676666666667,0.6955288991999999
LOUK_02,Pont M'Ghar,Loukkos,2017-05-01,2017,5,0.1757274193548387,0.47066832
LOUK_02,Pont M'Ghar,Loukkos,2017-06-01,2017,6,0.09234336666666666,0.23935400639999999
LOUK_02,Pont M'Ghar,Loukkos,2017-07-01,2017,7,0.006907548387096774,0.018501177599999998
LOUK_02,Pont M'Ghar,Loukkos,2017-08-01,2017,8,0.0,0.0
LOUK_02,Pont M'Ghar,Loukkos,2017-09-01,2017,9,0.0,0.0
LOUK_02,Pont M'Ghar,Loukkos,2017-10-01,2017,10,0.06435196774193548,0.1723603104
LOUK_02,Pont M'Ghar,Loukkos,2017-11-01,2017,11,0.0794074,0.20582398080000003
LOUK_02,Pont M'Ghar,Loukkos,2017-12-01,2017,12,0.5173530322580645,1.3856783616
LOUK_02,Pont M'Ghar,Loukkos,2018-01-01,2018,1,0.8574362258064516,2.2965571872
LOUK_02,Pont M'Ghar,Loukkos,2018-02-01,2018,2,0.5890368571428571,1.4249979648
LOUK_02,Pont M'Ghar,Loukkos,2018-03-01,2018,3,2.006362064516129,5.3738401536
LOUK_02,Pont M'Ghar,Loukkos,2018-04-01,2018,4,0.40984746666666666,1.0623246336
LOUK_02,Pont M'Ghar,Loukkos,2018-05-01,2018,5,0.005180096774193548,0.013874371199999999
LOUK_02,Pont M'Ghar,Loukkos,2018-06-01,2018,6,0.0023363,0.0060556896
LOUK_02,Pont M'Ghar,Loukkos,2018-07-01,2018,7,0.001382516129032258,0.0037029312
LOUK_02,Pont M'Ghar,Loukkos,2018-08-01,2018,8,0.0,0.0
LOUK_02,Pont M'Ghar,Loukkos,2018-09-01,2018,9,0.0,0.0
LOUK_02,Pont M'Ghar,Loukkos,2018-10-01,2018,10,0.12499429032258065,0.33478470720000003
LOUK_02,Pont M'Ghar,Loukkos,2018-11-01,2018,11,0.11844533333333333,0.307010304
LOUK_02,Pont M'Ghar,Loukkos,2018-12-01,2018,12,0.04300235483870968,0.11517750719999999
LOUK_02,Pont M'Ghar,Loukkos,2019-01-01,2019,1,0.06434916129032259,0.1723527936
LOUK_02,Pont M'Ghar,Loukkos,2019-02-01,2019,2,0.08036810714285714,0.19442652479999997
LOUK_02,Pont M'Ghar,Loukkos,2019-03-01,2019,3,0.03863932258064516,0.1034915616
LOUK_02,Pont M'Ghar,Loukkos,2019-04-01,2019,4,0.08673293333333333,0.2248117632
LOUK_02,Pont M'Ghar,Loukkos,2019-05-01,2019,5,0.0012093548387096774,0.0032391359999999997
LOUK_02,Pont M'Ghar,Loukkos,2019-06-01,2019,6,0.0,0.0
LOUK_02,Pont M'Ghar,Loukkos,2019-07-01,2019,7,0.0,0.0
LOUK_02,Pont M'Ghar,Loukkos,2019-08-01,2019,8,0.0,0.0
LOUK_02,Pont M'Ghar,Loukkos,2021-09-01,2021,9,0.0,0.0
LOUK_02,Pont M'Ghar,Loukkos,2021-10-01,2021,10,0.0,0.0
LOUK_02,Pont M'Ghar,Loukkos,2021-11-01,2021,11,0.0,0.0
LOUK_02,Pont M'Ghar,Loukkos,2021-12-01,2021,12,0.0007132258064516129,0.001910304
LOUK_02,Pont M'Ghar,Loukkos,2022-01-01,2022,1,0.0005200645161290323,0.0013929408000000001
LOUK_02,Pont M'Ghar,Loukkos,2022-02-01,2022,2,0.0034883214285714287,0.0084389472
LOUK_02,Pont M'Ghar,Loukkos,2022-03-01,2022,3,0.006992064516129032,0.018727545600000003
LOUK_02,Pont M'Ghar,Loukkos,2022-04-01,2022,4,0.0072987,0.0189182304
LOUK_02,Pont M'Ghar,Loukkos,2022-05-01,2022,5,0.006266290322580645,0.016783632
LOUK_02,Pont M'Ghar,Loukkos,2022-06-01,2022,6,0.9560211,2.4780066912
LOUK_02,Pont M'Ghar,Loukkos,2022-07-01,2022,7,0.7239913870967742,1.9391385312
LOUK_02,Pont M'Ghar,Loukkos,2022-08-01,2022,8,0.0,0.0
LOUK_02,Pont M'Ghar,Loukkos,2022-09-01,2022,9,0.0,0.0
LOUK_02,Pont M'Ghar,Loukkos,2022-10-01,2022,10,0.0,0.0
LOUK_02,Pont M'Ghar,Loukkos,2022-11-01,2022,11,0.0,0.0
LOUK_02,Pont M'Ghar,Loukkos,2022-12-01,2022,12,1.468619387096774,3.9335501664
LOUK_02,Pont M'Ghar,Loukkos,2023-01-01,2023,1,0.361725064516129,0.9688444127999999
LOUK_02,Pont M'Ghar,Loukkos,2023-02-01,2023,2,0.22976057142857143,0.5558367744
LOUK_02,Pont M'Ghar,Loukkos,2023-03-01,2023,3,0.16670332258064516,0.4464981792
LOUK_02,Pont M'Ghar,Loukkos,2023-04-01,2023,4,0.0723755,0.187597296
LOUK_02,Pont M'Ghar,Loukkos,2023-05-01,2023,5,0.0745051935483871,0.1995547104
LOUK_02,Pont M'Ghar,Loukkos,2023-06-01,2023,6,0.05503263333333333,0.14264458559999998
LOUK_02,Pont M'Ghar,Loukkos,2023-07-01,2023,7,0.01733158064516129,0.046420905600000006
LOUK_02,Pont M'Ghar,Loukkos,2023-08-01,2023,8,0.0,0.0
LOUK_04,M'Douar,Loukkos,2000-09-01,2000,9,0.0006683666666666666,0.0017324063999999998
LOUK_04,M'Douar,Loukkos,2000-10-01,2000,10,0.2577324193548387,0.690310512
LOUK_04,M'Douar,Loukkos,2000-11-01,2000,11,1.6307386333333334,4.2268745376000005
LOUK_04,M'Douar,Loukkos,2000-12-01,2000,12,80.61405648387097,215.91668888639998
LOUK_04,M'Douar,Loukkos,2001-01-01,2001,1,60.21099761290323,161.26913600640003
LOUK_04,M'Douar,Loukkos,2001-02-01,2001,2,19.664656642857143,47.57273735039999
LOUK_04,M'Douar,Loukkos,2001-03-01,2001,3,22.322971806451612,59.789847686399995
LOUK_04,M'Douar,Loukkos,2001-04-01,2001,4,3.5283823,9.1455669216
LOUK_04,M'Douar,Loukkos,2001-05-01,2001,5,4.806290258064516,12.873167827200001
LOUK_04,M'Douar,Loukkos,2001-06-01,2001,6,0.2544281,0.6594776351999999
LOUK_04,M'Douar,Loukkos,2001-07-01,2001,7,0.012413225806451612,0.033247584
LOUK_04,M'Douar,Loukkos,2001-08-01,2001,8,0.00969425806451613,0.0259651008
LOUK_04,M'Douar,Loukkos,2001-09-01,2001,9,0.8562750666666666,2.2194649728
LOUK_04,M'Douar,Loukkos,2001-10-01,2001,10,0.3819608064516129,1.023043824
LOUK_04,M'Douar,Loukkos,2001-11-01,2001,11,0.2024725,0.52480872
LOUK_04,M'Douar,Loukkos,2001-12-01,2001,12,15.863273774193548,42.4881924768
LOUK_04,M'Douar,Loukkos,2002-01-01,2002,1,2.1170667096774194,5.6703514752
LOUK_04,M'Douar,Loukkos,2002-02-01,2002,2,0.9888188214285715,2.3921504928
LOUK_04,M'Douar,Loukkos,2002-03-01,2002,3,10.667388838709677,28.5715342656
LOUK_04,M'Douar,Loukkos,2002-04-01,2002,4,27.0667539,70.1570261088
LOUK_04,M'Douar,Loukkos,2002-05-01,2002,5,5.564342387096774,14.9035346496
LOUK_04,M'Douar,Loukkos,2002-06-01,2002,6,0.6285691666666666,1.6292512799999999
LOUK_04,M'Douar,Loukkos,2002-07-01,2002,7,0.17519845161290323,0.4692515328
LOUK_04,M'Douar,Loukkos,2002-08-01,2002,8,0.15368,0.41161651200000005
LOUK_04,M'Douar,Loukkos,2002-09-01,2002,9,0.1685274,0.4368230208
LOUK_04,M'Douar,Loukkos,2002-10-01,2002,10,1.010648935483871,2.7069221088
LOUK_04,M'Douar,Loukkos,2002-11-01,2002,11,46.7787129,121.25042383680001
LOUK_04,M'Douar,Loukkos,2002-12-01,2002,12,17.18585629032258,46.030597488
LOUK_04,M'Douar,Loukkos,2003-01-01,2003,1,31.222068612903225,83.62518857280001
LOUK_04,M'Douar,Loukkos,2003-02-01,2003,2,13.957289285714285,33.76547424
LOUK_04,M'Douar,Loukkos,2003-03-01,2003,3,14.369362032258065,38.48689926720001
LOUK_04,M'Douar,Loukkos,2003-04-01,2003,4,19.644293533333332,50.9180088384
LOUK_04,M'Douar,Loukkos,2003-05-01,2003,5,3.409783064516129,9.132762959999999
LOUK_04,M'Douar,Loukkos,2003-06-01,2003,6,0.16206696666666667,0.42007757760000003
LOUK_04,M'Douar,Loukkos,2003-07-01,2003,7,0.08348254838709677,0.2235996576
LOUK_04,M'Douar,Loukkos,2003-08-01,2003,8,0.0531591935483871,0.142381584
LOUK_04,M'Douar,Loukkos,2003-09-01,2003,9,0.04991533333333333,0.129380544
LOUK_04,M'Douar,Loukkos,2003-10-01,2003,10,2.8686717096774195,7.6834503072
LOUK_04,M'Douar,Loukkos,2003-11-01,2003,11,6.609549866666667,17.1319532544
LOUK_04,M'Douar,Loukkos,2003-12-01,2003,12,57.24169896774193,153.3161665152
LOUK_04,M'Douar,Loukkos,2004-01-01,2004,1,14.006692741935485,37.51552584
LOUK_04,M'Douar,Loukkos,2004-02-01,2004,2,21.9663404137931,55.0388625408
LOUK_04,M'Douar,Loukkos,2004-03-01,2004,3,21.38757222580645,57.28447344959999
LOUK_04,M'Douar,Loukkos,2004-04-01,2004,4,17.1632024,44.4870206208
LOUK_04,M'Douar,Loukkos,2004-05-01,2004,5,37.234735451612906,99.7295154336
LOUK_04,M'Douar,Loukkos,2004-06-01,2004,6,1.1095584666666667,2.8759755456000002
LOUK_04,M'Douar,Loukkos,2004-07-01,2004,7,0.3001055483870968,0.8038027008000002
LOUK_04,M'Douar,Loukkos,2004-08-01,2004,8,0.27088012903225805,0.7255253375999999
LOUK_04,M'Douar,Loukkos,2004-09-01,2004,9,0.26454116666666666,0.685690704
LOUK_04,M'Douar,Loukkos,2004-10-01,2004,10,0.7449056129032258,1.9951551936
LOUK_04,M'Douar,Loukkos,2004-11-01,2004,11,0.44427533333333336,1.1515616640000002
LOUK_04,M'Douar,Loukkos,2004-12-01,2004,12,7.262927161290323,19.4530241088
LOUK_04,M'Douar,Loukkos,2005-01-01,2005,1,0.43088445161290323,1.1540809152000002
LOUK_04,M'Douar,Loukkos,2005-02-01,2005,2,1.946237,4.7083365504
LOUK_04,M'Douar,Loukkos,2005-03-01,2005,3,11.14765464516129,29.857878201600002
LOUK_04,M'Douar,Loukkos,2005-04-01,2005,4,0.35717933333333335,0.925808832
LOUK_04,M'Douar,Loukkos,2005-05-01,2005,5,0.1693246451612903,0.45351912959999996
LOUK_04,M'Douar,Loukkos,2005-06-01,2005,6,0.018539366666666668,0.048054038400000006
LOUK_04,M'Douar,Loukkos,2005-07-01,2005,7,0.0,0.0
LOUK_04,M'Douar,Loukkos,2005-08-01,2005,8,0.0,0.0
LOUK_04,M'Douar,Loukkos,2005-09-01,2005,9,0.1329335,0.34456363200000006
LOUK_04,M'Douar,Loukkos,2005-10-01,2005,10,0.4872021935483871,1.3049223552000002
LOUK_04,M'Douar,Loukkos,2005-11-01,2005,11,1.1508653333333334,2.9830429440000006
LOUK_04,M'Douar,Loukkos,2005-12-01,2005,12,1.8933296451612904,5.0710941216
LOUK_04,M'Douar,Loukkos,2006-01-01,2006,1,8.695966096774194,23.2912755936
LOUK_04,M'Douar,Loukkos,2006-02-01,2006,2,11.393888928571428,27.564096096
LOUK_04,M'Douar,Loukkos,2006-03-01,2006,3,16.876382193548388,45.2017020672
LOUK_04,M'Douar,Loukkos,2006-04-01,2006,4,2.8924960333333334,7.497349718400001
LOUK_04,M'Douar,Loukkos,2006-05-01,2006,5,0.6197983870967742,1.6600679999999999
LOUK_04,M'Douar,Loukkos,2006-06-01,2006,6,0.3199361666666667,0.8292745440000001
LOUK_04,M'Douar,Loukkos,2006-07-01,2006,7,0.2433608064516129,0.651817584
LOUK_04,M'Douar,Loukkos,2006-08-01,2006,8,0.17589841935483871,0.47112632639999996
LOUK_04,M'Douar,Loukkos,2006-09-01,2006,9,0.1370127,0.35513691839999995
LOUK_04,M'Douar,Loukkos,2006-10-01,2006,10,0.15457551612903225,0.4140150624
LOUK_04,M'Douar,Loukkos,2006-11-01,2006,11,0.7359603,1.9076090976
LOUK_04,M'Douar,Loukkos,2006-12-01,2006,12,0.2797763870967742,0.7493530752
LOUK_04,M'Douar,Loukkos,2007-01-01,2007,1,0.23198525806451614,0.6213493152
LOUK_04,M'Douar,Loukkos,2007-02-01,2007,2,6.294447214285714,15.227526700800002
LOUK_04,M'Douar,Loukkos,2007-03-01,2007,3,0.8788919677419355,2.3540242464
LOUK_04,M'Douar,Loukkos,2007-04-01,2007,4,2.4759119666666667,6.4175638176000005
LOUK_04,M'Douar,Loukkos,2007-05-01,2007,5,0.36675987096774193,0.9823296384
LOUK_04,M'Douar,Loukkos,2007-06-01,2007,6,0.012611433333333333,0.032688835199999995
LOUK_04,M'Douar,Loukkos,2007-07-01,2007,7,4.387096774193548e-05,0.00011750399999999999
LOUK_04,M'Douar,Loukkos,2007-08-01,2007,8,9.677419354838709e-08,2.592e-07
LOUK_04,M'Douar,Loukkos,2007-09-01,2007,9,6.0963296,15.801686323199998
LOUK_04,M'Douar,Loukkos,2007-10-01,2007,10,14.865301516129032,39.815223580799994
LOUK_04,M'Douar,Loukkos,2007-11-01,2007,11,36.09331816666667,93.553880688
LOUK_04,M'Douar,Loukkos,2007-12-01,2007,12,88.01001416129033,235.72602192960002
LOUK_04,M'Douar,Loukkos,2008-01-01,2008,1,18.832757870967743,50.4416586816
LOUK_04,M'Douar,Loukkos,2008-02-01,2008,2,37.76855989655172,94.6329036768
LOUK_04,M'Douar,Loukkos,2008-03-01,2008,3,5.77813829032258,15.4761655968
LOUK_04,M'Douar,Loukkos,2008-04-01,2008,4,0.6774377333333333,1.7559186048000002
LOUK_04,M'Douar,Loukkos,2008-05-01,2008,5,0.11122132258064515,0.29789519039999995
LOUK_04,M'Douar,Loukkos,2008-06-01,2008,6,0.07729016666666666,0.20033611199999996
LOUK_04,M'Douar,Loukkos,2008-07-01,2008,7,0.05492767741935484,0.1471182912
LOUK_04,M'Douar,Loukkos,2008-08-01,2008,8,0.04366022580645161,0.1169395488
LOUK_04,M'Douar,Loukkos,2008-09-01,2008,9,0.16339846666666666,0.4235288256
LOUK_04,M'Douar,Loukkos,2008-10-01,2008,10,1.331340935483871,3.5658635616
LOUK_04,M'Douar,Loukkos,2008-11-01,2008,11,11.186152066666667,28.994506156800004
LOUK_04,M'Douar,Loukkos,2008-12-01,2008,12,29.97342035483871,80.2808090784
LOUK_04,M'Douar,Loukkos,2009-01-01,2009,1,23.019491645161292,61.6554064224
LOUK_04,M'Douar,Loukkos,2009-02-01,2009,2,41.958374178571425,101.50569881279999
LOUK_04,M'Douar,Loukkos,2009-03-01,2009,3,8.694111354838709,23.2863078528
LOUK_04,M'Douar,Loukkos,2009-04-01,2009,4,2.2157223333333333,5.743152288000001
LOUK_04,M'Douar,Loukkos,2009-05-01,2009,5,0.30758632258064517,0.8238392064000001
LOUK_04,M'Douar,Loukkos,2009-06-01,2009,6,0.0847288,0.21961704960000003
LOUK_04,M'Douar,Loukkos,2009-07-01,2009,7,0.05429487096774194,0.1454233824
LOUK_04,M'Douar,Loukkos,2009-08-01,2009,8,0.04056132258064516,0.1086394464
LOUK_04,M'Douar,Loukkos,2009-09-01,2009,9,0.05152073333333333,0.1335417408
LOUK_04,M'Douar,Loukkos,2009-10-01,2009,10,0.062216612903225804,0.166640976
LOUK_04,M'Douar,Loukkos,2009-11-01,2009,11,0.0975184,0.2527676928
LOUK_04,M'Douar,Loukkos,2009-12-01,2009,12,44.09025687096774,118.09134400319999
LOUK_04,M'Douar,Loukkos,2010-01-01,2010,1,52.12604212903226,139.6143912384
LOUK_04,M'Douar,Loukkos,2010-02-01,2010,2,61.75980682142857,149.40932466239997
LOUK_04,M'Douar,Loukkos,2010-03-01,2010,3,24.93519235483871,66.7864192032
LOUK_04,M'Douar,Loukkos,2010-04-01,2010,4,0.4040979,1.0474217568
LOUK_04,M'Douar,Loukkos,2010-05-01,2010,5,0.33542609677419355,0.8984052576
LOUK_04,M'Douar,Loukkos,2010-06-01,2010,6,0.2783715333333333,0.7215390144
LOUK_04,M'Douar,Loukkos,2010-07-01,2010,7,0.23106548387096773,0.618885792
LOUK_04,M'Douar,Loukkos,2010-08-01,2010,8,0.19119512903225808,0.5120970336
LOUK_04,M'Douar,Loukkos,2010-09-01,2010,9,0.15867376666666666,0.4112824032
LOUK_04,M'Douar,Loukkos,2010-10-01,2010,10,0.13170887096774195,0.35276904000000003
LOUK_04,M'Douar,Loukkos,2010-11-01,2010,11,3.739227533333333,9.6920777664
LOUK_04,M'Douar,Loukkos,2010-12-01,2010,12,57.89908574193549,155.0769112512
LOUK_04,M'Douar,Loukkos,2011-01-01,2011,1,13.882030612903225,37.1816307936
LOUK_04,M'Douar,Loukkos,2011-02-01,2011,2,7.667223857142857,18.548547955199997
LOUK_04,M'Douar,Loukkos,2011-03-01,2011,3,3.5911995806451613,9.618668956799999
LOUK_04,M'Douar,Loukkos,2011-04-01,2011,4,0.8842765,2.2920446880000003
LOUK_04,M'Douar,Loukkos,2011-05-01,2011,5,4.547896838709677,12.1810868928
LOUK_04,M'Douar,Loukkos,2011-06-01,2011,6,0.1550937,0.40200287039999993
LOUK_04,M'Douar,Loukkos,2011-07-01,2011,7,0.06772664516129032,0.18139904639999999
LOUK_04,M'Douar,Loukkos,2011-08-01,2011,8,0.06008087096774194,0.1609206048
LOUK_04,M'Douar,Loukkos,2011-09-01,2011,9,0.0582652,0.1510233984
LOUK_04,M'Douar,Loukkos,2011-10-01,2011,10,0.06759770967741935,0.18105370559999998
LOUK_04,M'Douar,Loukkos,2011-11-01,2011,11,2.0124147333333333,5.2161789888
LOUK_04,M'Douar,Loukkos,2011-12-01,2011,12,0.10974890322580645,0.29395146240000003
LOUK_04,M'Douar,Loukkos,2012-01-01,2012,1,0.8380219354838709,2.244557952
LOUK_04,M'Douar,Loukkos,2012-02-01,2012,2,0.09733693103448277,0.24388741440000003
LOUK_04,M'Douar,Loukkos,2012-03-01,2012,3,0.07973490322580645,0.2135619648
LOUK_04,M'Douar,Loukkos,2012-04-01,2012,4,0.3967826,1.0284604992
LOUK_04,M'Douar,Loukkos,2012-05-01,2012,5,0.1364968064516129,0.3655930464
LOUK_04,M'Douar,Loukkos,2012-06-01,2012,6,0.0341985,0.088642512
LOUK_04,M'Douar,Loukkos,2012-07-01,2012,7,0.0,0.0
LOUK_04,M'Douar,Loukkos,2012-08-01,2012,8,0.0,0.0
LOUK_04,M'Douar,Loukkos,2012-09-01,2012,9,1.3333333333333334e-07,3.4559999999999997e-07
LOUK_04,M'Douar,Loukkos,2012-10-01,2012,10,5.085267677419355,13.620380947200003
LOUK_04,M'Douar,Loukkos,2012-11-01,2012,11,9.9313576,25.7420788992
LOUK_04,M'Douar,Loukkos,2012-12-01,2012,12,2.172636258064516,5.8191889536
LOUK_04,M'Douar,Loukkos,2013-01-01,2013,1,16.362626161290322,43.8256579104
LOUK_04,M'Douar,Loukkos,2013-02-01,2013,2,3.4833265357142857,8.426863555199999
LOUK_04,M'Douar,Loukkos,2013-03-01,2013,3,41.71593732258064,111.73196652479999
LOUK_04,M'Douar,Loukkos,2013-04-01,2013,4,11.4793487,29.754471830399996
LOUK_04,M'Douar,Loukkos,2013-05-01,2013,5,0.7267178064516129,1.9464409727999998
LOUK_04,M'Douar,Loukkos,2013-06-01,2013,6,0.1177816,0.30528990720000004
LOUK_04,M'Douar,Loukkos,2013-07-01,2013,7,0.07074822580645161,0.18949204799999997
LOUK_04,M'Douar,Loukkos,2013-08-01,2013,8,0.04759393548387097,0.1274755968
LOUK_04,M'Douar,Loukkos,2013-09-01,2013,9,0.05598723333333333,0.1451189088
LOUK_04,M'Douar,Loukkos,2013-10-01,2013,10,0.08088516129032258,0.216642816
LOUK_04,M'Douar,Loukkos,2013-11-01,2013,11,0.10074996666666666,0.26114391359999994
LOUK_04,M'Douar,Loukkos,2013-12-01,2013,12,1.5190707096774194,4.0686789888
LOUK_04,M'Douar,Loukkos,2014-01-01,2014,1,3.9580750967741936,10.6013083392
LOUK_04,M'Douar,Loukkos,2014-02-01,2014,2,3.60903175,8.7309696096
LOUK_04,M'Douar,Loukkos,2014-03-01,2014,3,1.8527234838709676,4.962334579199999
LOUK_04,M'Douar,Loukkos,2014-04-01,2014,4,1.8860554333333333,4.8886556832
LOUK_04,M'Douar,Loukkos,2014-05-01,2014,5,0.11310248387096775,0.30293369280000004
LOUK_04,M'Douar,Loukkos,2014-06-01,2014,6,0.07655103333333334,0.19842027840000004
LOUK_04,M'Douar,Loukkos,2014-07-01,2014,7,0.041963935483870965,0.1123962048
LOUK_04,M'Douar,Loukkos,2014-08-01,2014,8,0.0001154516129032258,0.0003092256
LOUK_04,M'Douar,Loukkos,2014-09-01,2014,9,0.0,0.0
LOUK_04,M'Douar,Loukkos,2014-10-01,2014,10,0.07498116129032258,0.20082954239999998
LOUK_04,M'Douar,Loukkos,2014-11-01,2014,11,18.845239133333333,48.8468598336
LOUK_04,M'Douar,Loukkos,2014-12-01,2014,12,40.167763096774195,107.5853366784
LOUK_04,M'Douar,Loukkos,2015-01-01,2015,1,19.782962032258066,52.9866855072
LOUK_04,M'Douar,Loukkos,2015-02-01,2015,2,28.27656957142857,68.4066771072
LOUK_04,M'Douar,Loukkos,2015-03-01,2015,3,12.888057483870968,34.5193731648
LOUK_04,M'Douar,Loukkos,2015-04-01,2015,4,5.477755266666667,14.1983416512
LOUK_04,M'Douar,Loukkos,2015-05-01,2015,5,0.9595923870967742,2.5701722496
LOUK_04,M'Douar,Loukkos,2015-06-01,2015,6,0.27528383333333334,0.7135356960000001
LOUK_04,M'Douar,Loukkos,2015-07-01,2015,7,0.02902867741935484,0.0777504096
LOUK_04,M'Douar,Loukkos,2015-08-01,2015,8,0.0,0.0
LOUK_04,M'Douar,Loukkos,2015-09-01,2015,9,0.0,0.0
LOUK_04,M'Douar,Loukkos,2015-10-01,2015,10,0.08712516129032258,0.233356032
LOUK_04,M'Douar,Loukkos,2015-11-01,2015,11,0.210533,0.5457015359999999
LOUK_04,M'Douar,Loukkos,2015-12-01,2015,12,0.210533,0.5638915872
LOUK_04,M'Douar,Loukkos,2016-01-01,2016,1,1.243142322580645,3.3296323967999997
LOUK_04,M'Douar,Loukkos,2016-02-01,2016,2,6.632261137931034,16.6177935072
LOUK_04,M'Douar,Loukkos,2016-03-01,2016,3,4.441996064516129,11.8974422592
LOUK_04,M'Douar,Loukkos,2016-04-01,2016,4,3.6161537,9.3730703904
LOUK_04,M'Douar,Loukkos,2016-05-01,2016,5,6.550158967741935,17.543945779199998
LOUK_04,M'Douar,Loukkos,2016-06-01,2016,6,0.2038662,0.5284211904
LOUK_04,M'Douar,Loukkos,2016-07-01,2016,7,0.0,0.0
LOUK_04,M'Douar,Loukkos,2016-08-01,2016,8,0.0,0.0
LOUK_04,M'Douar,Loukkos,2016-09-01,2016,9,0.0,0.0
LOUK_04,M'Douar,Loukkos,2016-10-01,2016,10,0.009799096774193548,0.0262459008
LOUK_04,M'Douar,Loukkos,2016-11-01,2016,11,16.9775766,44.0058785472
LOUK_04,M'Douar,Loukkos,2016-12-01,2016,12,23.782692741935485,63.699564239999994
LOUK_04,M'Douar,Loukkos,2017-01-01,2017,1,4.490727838709677,12.0279654432
LOUK_04,M'Douar,Loukkos,2017-02-01,2017,2,17.50516842857143,42.348503462400004
LOUK_04,M'Douar,Loukkos,2017-03-01,2017,3,5.522066032258064,14.790301660799999
LOUK_04,M'Douar,Loukkos,2017-04-01,2017,4,0.7519690333333333,1.9491037344
LOUK_04,M'Douar,Loukkos,2017-05-01,2017,5,0.31085051612903225,0.8325820223999999
LOUK_04,M'Douar,Loukkos,2017-06-01,2017,6,0.03740876666666667,0.0969635232
LOUK_04,M'Douar,Loukkos,2017-07-01,2017,7,0.0,0.0
LOUK_04,M'Douar,Loukkos,2017-08-01,2017,8,0.0,0.0
LOUK_04,M'Douar,Loukkos,2017-09-01,2017,9,0.0,0.0
LOUK_04,M'Douar,Loukkos,2017-10-01,2017,10,0.6325053225806452,1.694102256
LOUK_04,M'Douar,Loukkos,2017-11-01,2017,11,0.8117301333333333,2.1040045056000003
LOUK_04,M'Douar,Loukkos,2017-12-01,2017,12,5.417337612903226,14.5097970624
LOUK_04,M'Douar,Loukkos,2018-01-01,2018,1,9.565195870967742,25.6194206208
LOUK_04,M'Douar,Loukkos,2018-02-01,2018,2,2.4254093214285715,5.867550230400001
LOUK_04,M'Douar,Loukkos,2018-03-01,2018,3,121.11719083870967,324.4002839424
LOUK_04,M'Douar,Loukkos,2018-04-01,2018,4,48.32553573333333,125.2597886208
LOUK_04,M'Douar,Loukkos,2018-05-01,2018,5,10.971495903225806,29.3860546272
LOUK_04,M'Douar,Loukkos,2018-06-01,2018,6,3.0565855,7.922669616000001
LOUK_04,M'Douar,Loukkos,2018-07-01,2018,7,0.1074545806451613,0.2878063488
LOUK_04,M'Douar,Loukkos,2018-08-01,2018,8,0.027909903225806453,0.0747538848
LOUK_04,M'Douar,Loukkos,2018-09-01,2018,9,0.0,0.0
LOUK_04,M'Douar,Loukkos,2018-10-01,2018,10,2.352317677419355,6.300447667200001
LOUK_04,M'Douar,Loukkos,2018-11-01,2018,11,24.652822966666665,63.9001171296
LOUK_04,M'Douar,Loukkos,2018-12-01,2018,12,11.133496387096773,29.819956723199997
LOUK_04,M'Douar,Loukkos,2019-01-01,2019,1,12.989141516129033,34.7901166368
LOUK_04,M'Douar,Loukkos,2019-02-01,2019,2,22.67288739285714,54.8502491808
LOUK_04,M'Douar,Loukkos,2019-03-01,2019,3,8.977539903225807,24.0454428768
LOUK_04,M'Douar,Loukkos,2019-04-01,2019,4,16.562008633333335,42.92872637760001
LOUK_04,M'Douar,Loukkos,2019-05-01,2019,5,9.811000935483872,26.2777849056
LOUK_04,M'Douar,Loukkos,2019-06-01,2019,6,3.5564519,9.2183233248
LOUK_04,M'Douar,Loukkos,2019-07-01,2019,7,0.5977307096774194,1.6009619327999998
LOUK_04,M'Douar,Loukkos,2019-08-01,2019,8,0.004932741935483871,0.013211856
LOUK_04,M'Douar,Loukkos,2019-09-01,2019,9,0.0,0.0
LOUK_04,M'Douar,Loukkos,2019-10-01,2019,10,0.0,0.0
LOUK_04,M'Douar,Loukkos,2019-11-01,2019,11,8.834265366666667,22.8984158304
LOUK_04,M'Douar,Loukkos,2019-12-01,2019,12,23.96943329032258,64.1997301248
LOUK_04,M'Douar,Loukkos,2020-01-01,2020,1,7.861582064516129,21.0564614016
LOUK_04,M'Douar,Loukkos,2020-02-01,2020,2,4.295334827586207,10.762390944
LOUK_04,M'Douar,Loukkos,2020-03-01,2020,3,9.98211093548387,26.736085929599998
LOUK_04,M'Douar,Loukkos,2020-04-01,2020,4,22.3885282,58.0310650944
LOUK_04,M'Douar,Loukkos,2020-05-01,2020,5,12.299205612903226,32.9421923136
LOUK_04,M'Douar,Loukkos,2020-06-01,2020,6,3.9507587,10.2403665504
LOUK_04,M'Douar,Loukkos,2020-07-01,2020,7,0.3175921612903226,0.8506388448
LOUK_04,M'Douar,Loukkos,2020-08-01,2020,8,0.0,0.0
LOUK_04,M'Douar,Loukkos,2020-09-01,2020,9,0.0,0.0
LOUK_04,M'Douar,Loukkos,2020-10-01,2020,10,0.0,0.0
LOUK_04,M'Douar,Loukkos,2020-11-01,2020,11,0.39586123333333334,1.0260723168
LOUK_04,M'Douar,Loukkos,2020-12-01,2020,12,13.959089322580645,37.3880248416
LOUK_04,M'Douar,Loukkos,2021-01-01,2021,1,37.97258103225806,101.70576103680001
LOUK_04,M'Douar,Loukkos,2021-02-01,2021,2,27.644506928571428,66.8775911616
LOUK_04,M'Douar,Loukkos,2021-03-01,2021,3,6.968483645161291,18.664386595200003
LOUK_04,M'Douar,Loukkos,2021-04-01,2021,4,3.2138116666666665,8.33019984
LOUK_04,M'Douar,Loukkos,2021-05-01,2021,5,1.4305546451612903,3.8315975616
LOUK_04,M'Douar,Loukkos,2021-06-01,2021,6,0.09010523333333334,0.2335527648
LOUK_04,M'Douar,Loukkos,2021-07-01,2021,7,0.004257225806451613,0.0114025536
LOUK_04,M'Douar,Loukkos,2021-08-01,2021,8,0.0,0.0
LOUK_04,M'Douar,Loukkos,2021-09-01,2021,9,0.0,0.0
LOUK_04,M'Douar,Loukkos,2021-10-01,2021,10,0.0,0.0
LOUK_04,M'Douar,Loukkos,2021-11-01,2021,11,0.04506396666666666,0.1168058016
LOUK_04,M'Douar,Loukkos,2021-12-01,2021,12,1.9345666451612904,5.181543302400001
LOUK_04,M'Douar,Loukkos,2022-01-01,2022,1,0.8958321290322581,2.3993967744
LOUK_04,M'Douar,Loukkos,2022-02-01,2022,2,0.2739588214285714,0.6627611808
LOUK_04,M'Douar,Loukkos,2022-03-01,2022,3,2.2157487419354838,5.9346614304
LOUK_04,M'Douar,Loukkos,2022-04-01,2022,4,7.1763795,18.601175664
LOUK_04,M'Douar,Loukkos,2022-05-01,2022,5,2.6938481290322582,7.2152028288
LOUK_04,M'Douar,Loukkos,2022-06-01,2022,6,0.028927633333333334,0.0749804256
LOUK_04,M'Douar,Loukkos,2022-07-01,2022,7,0.0,0.0
LOUK_04,M'Douar,Loukkos,2022-08-01,2022,8,0.0,0.0
LOUK_04,M'Douar,Loukkos,2022-09-01,2022,9,0.0,0.0
LOUK_04,M'Douar,Loukkos,2022-10-01,2022,10,0.0,0.0
LOUK_04,M'Douar,Loukkos,2022-11-01,2022,11,0.0,0.0
LOUK_04,M'Douar,Loukkos,2022-12-01,2022,12,34.75564993548387,93.0895327872
LOUK_04,M'Douar,Loukkos,2023-01-01,2023,1,5.455014129032258,14.6107098432
LOUK_04,M'Douar,Loukkos,2023-02-01,2023,2,2.277182142857143,5.50895904
LOUK_04,M'Douar,Loukkos,2023-03-01,2023,3,1.2362488064516128,3.3111688032
LOUK_04,M'Douar,Loukkos,2023-04-01,2023,4,0.1042903,0.2703204576
LOUK_04,M'Douar,Loukkos,2023-05-01,2023,5,0.10784432258064516,0.28885023359999995
LOUK_04,M'Douar,Loukkos,2023-06-01,2023,6,0.0561813,0.1456219296
LOUK_04,M'Douar,Loukkos,2023-07-01,2023,7,0.0,0.0
LOUK_04,M'Douar,Loukkos,2023-08-01,2023,8,0.0,0.0
LOUK_05,Boufarah,Loukkos,2000-09-01,2000,9,0.0033213333333333333,0.008608896
LOUK_05,Boufarah,Loukkos,2000-10-01,2000,10,0.8627232258064517,2.310717888
LOUK_05,Boufarah,Loukkos,2000-11-01,2000,11,0.7249053333333333,1.878954624
LOUK_05,Boufarah,Loukkos,2000-12-01,2000,12,26.960037193548388,72.2097636192
LOUK_05,Boufarah,Loukkos,2001-01-01,2001,1,20.80466435483871,55.723213008
LOUK_05,Boufarah,Loukkos,2001-02-01,2001,2,6.283611178571428,15.2013121632
LOUK_05,Boufarah,Loukkos,2001-03-01,2001,3,9.09100341935484,24.349343558400005
LOUK_05,Boufarah,Loukkos,2001-04-01,2001,4,0.5894440666666667,1.5278390208000001
LOUK_05,Boufarah,Loukkos,2001-05-01,2001,5,0.7109648387096774,1.9042482239999998
LOUK_05,Boufarah,Loukkos,2001-06-01,2001,6,0.038237066666666666,0.09911047679999999
LOUK_05,Boufarah,Loukkos,2001-07-01,2001,7,0.01025983870967742,0.027479952000000002
LOUK_05,Boufarah,Loukkos,2001-08-01,2001,8,0.007858645161290322,0.0210485952
LOUK_05,Boufarah,Loukkos,2001-09-01,2001,9,0.2303932,0.5971791744
LOUK_05,Boufarah,Loukkos,2001-10-01,2001,10,0.031686870967741934,0.0848701152
LOUK_05,Boufarah,Loukkos,2001-11-01,2001,11,0.02410496666666667,0.062480073600000005
LOUK_05,Boufarah,Loukkos,2001-12-01,2001,12,8.291460032258065,22.207846550400003
LOUK_05,Boufarah,Loukkos,2002-01-01,2002,1,0.8878400967741935,2.3779909152
LOUK_05,Boufarah,Loukkos,2002-02-01,2002,2,0.3856424642857143,0.9329462496
LOUK_05,Boufarah,Loukkos,2002-03-01,2002,3,4.2668359032258065,11.428293283200002
LOUK_05,Boufarah,Loukkos,2002-04-01,2002,4,11.8559072,30.730511462400003
LOUK_05,Boufarah,Loukkos,2002-05-01,2002,5,1.7691760967741936,4.7385612576
LOUK_05,Boufarah,Loukkos,2002-06-01,2002,6,0.19409996666666668,0.5031071136
LOUK_05,Boufarah,Loukkos,2002-07-01,2002,7,0.025913387096774192,0.069406416
LOUK_05,Boufarah,Loukkos,2002-08-01,2002,8,0.006134967741935484,0.016431897600000002
LOUK_05,Boufarah,Loukkos,2002-09-01,2002,9,0.014607166666666666,0.037861776
LOUK_05,Boufarah,Loukkos,2002-10-01,2002,10,0.5761044838709677,1.5430382496
LOUK_05,Boufarah,Loukkos,2002-11-01,2002,11,19.98780186666667,51.80838243840001
LOUK_05,Boufarah,Loukkos,2002-12-01,2002,12,8.208328709677419,21.985187615999997
LOUK_05,Boufarah,Loukkos,2003-01-01,2003,1,16.591756967741937,44.439361862400006
LOUK_05,Boufarah,Loukkos,2003-02-01,2003,2,7.687980571428572,18.5987625984
LOUK_05,Boufarah,Loukkos,2003-03-01,2003,3,8.203887096774194,21.9732912
LOUK_05,Boufarah,Loukkos,2003-04-01,2003,4,10.5793188,27.421594329599994
LOUK_05,Boufarah,Loukkos,2003-05-01,2003,5,2.105213419354839,5.638603622400001
LOUK_05,Boufarah,Loukkos,2003-06-01,2003,6,0.0639259,0.16569593279999997
LOUK_05,Boufarah,Loukkos,2003-07-01,2003,7,0.005094032258064516,0.013643856
LOUK_05,Boufarah,Loukkos,2003-08-01,2003,8,0.003814709677419355,0.0102173184
LOUK_05,Boufarah,Loukkos,2003-09-01,2003,9,0.0037419666666666665,0.0096991776
LOUK_05,Boufarah,Loukkos,2003-10-01,2003,10,1.7646399677419355,4.7264116896
LOUK_05,Boufarah,Loukkos,2003-11-01,2003,11,5.173116566666667,13.408718140800001
LOUK_05,Boufarah,Loukkos,2003-12-01,2003,12,21.624536161290322,57.9191576544
LOUK_05,Boufarah,Loukkos,2004-01-01,2004,1,3.811487612903226,10.208688422400002
LOUK_05,Boufarah,Loukkos,2004-02-01,2004,2,5.5055147931034485,13.794617865600001
LOUK_05,Boufarah,Loukkos,2004-03-01,2004,3,6.695328548387097,17.932767984
LOUK_05,Boufarah,Loukkos,2004-04-01,2004,4,5.4379265666666665,14.0951056608
LOUK_05,Boufarah,Loukkos,2004-05-01,2004,5,14.928838258064516,39.9854003904
LOUK_05,Boufarah,Loukkos,2004-06-01,2004,6,0.9872067333333333,2.5588398528
LOUK_05,Boufarah,Loukkos,2004-07-01,2004,7,0.15034435483870967,0.4026823199999999
LOUK_05,Boufarah,Loukkos,2004-08-01,2004,8,0.03182954838709678,0.0852522624
LOUK_05,Boufarah,Loukkos,2004-09-01,2004,9,0.018631766666666667,0.0482935392
LOUK_05,Boufarah,Loukkos,2004-10-01,2004,10,0.4342803548387097,1.1631765024
LOUK_05,Boufarah,Loukkos,2004-11-01,2004,11,0.5869335,1.5213316319999999
LOUK_05,Boufarah,Loukkos,2004-12-01,2004,12,3.2952557741935484,8.8260130656
LOUK_05,Boufarah,Loukkos,2005-01-01,2005,1,0.4764986129032258,1.2762538847999998
LOUK_05,Boufarah,Loukkos,2005-02-01,2005,2,1.0043184642857144,2.4296472288
LOUK_05,Boufarah,Loukkos,2005-03-01,2005,3,5.514518322580646,14.770085875200001
LOUK_05,Boufarah,Loukkos,2005-04-01,2005,4,0.5602992666666666,1.4522956992
LOUK_05,Boufarah,Loukkos,2005-05-01,2005,5,0.1743691935483871,0.46703044800000004
LOUK_05,Boufarah,Loukkos,2005-06-01,2005,6,0.024619566666666665,0.0638139168
LOUK_05,Boufarah,Loukkos,2005-07-01,2005,7,0.01820967741935484,0.048772800000000005
LOUK_05,Boufarah,Loukkos,2005-08-01,2005,8,0.017357516129032257,0.0464903712
LOUK_05,Boufarah,Loukkos,2005-09-01,2005,9,0.018327866666666668,0.0475058304
LOUK_05,Boufarah,Loukkos,2005-10-01,2005,10,0.5207652258064516,1.3948175808
LOUK_05,Boufarah,Loukkos,2005-11-01,2005,11,1.0472124666666667,2.7143747136
LOUK_05,Boufarah,Loukkos,2005-12-01,2005,12,1.9818839677419355,5.3082780192
LOUK_05,Boufarah,Loukkos,2006-01-01,2006,1,6.987770161290323,18.716043600000003
LOUK_05,Boufarah,Loukkos,2006-02-01,2006,2,9.57371925,23.1607416096
LOUK_05,Boufarah,Loukkos,2006-03-01,2006,3,14.094839032258065,37.751616864
LOUK_05,Boufarah,Loukkos,2006-04-01,2006,4,2.451600366666667,6.3545481504
LOUK_05,Boufarah,Loukkos,2006-05-01,2006,5,0.3056423870967742,0.8186325696000001
LOUK_05,Boufarah,Loukkos,2006-06-01,2006,6,0.05751866666666667,0.149088384
LOUK_05,Boufarah,Loukkos,2006-07-01,2006,7,0.014116193548387097,0.0378088128
LOUK_05,Boufarah,Loukkos,2006-08-01,2006,8,0.0054529354838709675,0.0146051424
LOUK_05,Boufarah,Loukkos,2006-09-01,2006,9,0.0043811,0.0113558112
LOUK_05,Boufarah,Loukkos,2006-10-01,2006,10,0.010385709677419355,0.0278170848
LOUK_05,Boufarah,Loukkos,2006-11-01,2006,11,0.48881753333333333,1.2670150464
LOUK_05,Boufarah,Loukkos,2006-12-01,2006,12,0.1355381935483871,0.36302549759999997
LOUK_05,Boufarah,Loukkos,2007-01-01,2007,1,0.10231067741935485,0.27402891840000004
LOUK_05,Boufarah,Loukkos,2007-02-01,2007,2,4.411485607142857,10.672265980799999
LOUK_05,Boufarah,Loukkos,2007-03-01,2007,3,1.933371193548387,5.178341404799999
LOUK_05,Boufarah,Loukkos,2007-04-01,2007,4,5.377184533333334,13.9376623104
LOUK_05,Boufarah,Loukkos,2007-05-01,2007,5,1.1870754838709678,3.1794629760000004
LOUK_05,Boufarah,Loukkos,2007-06-01,2007,6,0.7021542333333334,1.8199837728000001
LOUK_05,Boufarah,Loukkos,2007-07-01,2007,7,0.3884669677419355,1.0404699264
LOUK_05,Boufarah,Loukkos,2007-08-01,2007,8,0.21263748387096773,0.5695282368
LOUK_05,Boufarah,Loukkos,2007-09-01,2007,9,0.15711003333333334,0.40722920640000004
LOUK_05,Boufarah,Loukkos,2007-10-01,2007,10,0.14288512903225806,0.3827035295999999
LOUK_05,Boufarah,Loukkos,2007-11-01,2007,11,0.12342686666666666,0.3199224384
LOUK_05,Boufarah,Loukkos,2007-12-01,2007,12,0.10663083870967742,0.28560003840000003
LOUK_05,Boufarah,Loukkos,2008-01-01,2008,1,0.09189454838709678,0.2461303584
LOUK_05,Boufarah,Loukkos,2008-02-01,2008,2,0.07956641379310345,0.1993616064
LOUK_05,Boufarah,Loukkos,2008-03-01,2008,3,0.06890806451612903,0.18456336
LOUK_05,Boufarah,Loukkos,2008-04-01,2008,4,0.0595241,0.15428646720000003
LOUK_05,Boufarah,Loukkos,2008-05-01,2008,5,0.05142412903225806,0.1377343872
LOUK_05,Boufarah,Loukkos,2008-06-01,2008,6,0.044421,0.11513923200000001
LOUK_05,Boufarah,Loukkos,2008-07-01,2008,7,0.03837632258064516,0.1027871424
LOUK_05,Boufarah,Loukkos,2008-08-01,2008,8,0.03307264516129032,0.08858177279999999
LOUK_05,Boufarah,Loukkos,2008-09-01,2008,9,0.0371598,0.0963182016
LOUK_05,Boufarah,Loukkos,2008-10-01,2008,10,0.8638953870967742,2.3138574048
LOUK_05,Boufarah,Loukkos,2008-11-01,2008,11,8.995474866666667,23.316270854400003
LOUK_05,Boufarah,Loukkos,2008-12-01,2008,12,19.901540483870967,53.30428603200001
LOUK_05,Boufarah,Loukkos,2009-01-01,2009,1,23.047858064516127,61.73138303999999
LOUK_05,Boufarah,Loukkos,2009-02-01,2009,2,31.094492785714287,75.2237969472
LOUK_05,Boufarah,Loukkos,2009-03-01,2009,3,15.285388387096773,40.940384255999994
LOUK_05,Boufarah,Loukkos,2009-04-01,2009,4,4.112867566666667,10.660552732800001
LOUK_05,Boufarah,Loukkos,2009-05-01,2009,5,0.7899854193548387,2.1158969472
LOUK_05,Boufarah,Loukkos,2009-06-01,2009,6,0.12046273333333334,0.3122394048
LOUK_05,Boufarah,Loukkos,2009-07-01,2009,7,0.03675193548387097,0.098436384
LOUK_05,Boufarah,Loukkos,2009-08-01,2009,8,0.017824580645161292,0.0477413568
LOUK_05,Boufarah,Loukkos,2009-09-01,2009,9,0.0580458,0.15045471359999998
LOUK_05,Boufarah,Loukkos,2009-10-01,2009,10,0.19441390322580646,0.5207181984
LOUK_05,Boufarah,Loukkos,2009-11-01,2009,11,0.0838259,0.2172767328
LOUK_05,Boufarah,Loukkos,2009-12-01,2009,12,32.579986387096774,87.26223553919999
LOUK_05,Boufarah,Loukkos,2010-01-01,2010,1,43.56845738709677,116.6937562656
LOUK_05,Boufarah,Loukkos,2010-02-01,2010,2,47.08569035714286,113.909702112
LOUK_05,Boufarah,Loukkos,2010-03-01,2010,3,27.476388032258065,73.5927577056
LOUK_05,Boufarah,Loukkos,2010-04-01,2010,4,1.4473735,3.751592112
LOUK_05,Boufarah,Loukkos,2010-05-01,2010,5,0.3311458387096774,0.8869410144
LOUK_05,Boufarah,Loukkos,2010-06-01,2010,6,0.06368156666666666,0.16506262079999998
LOUK_05,Boufarah,Loukkos,2010-07-01,2010,7,0.0070839032258064516,0.0189735264
LOUK_05,Boufarah,Loukkos,2010-08-01,2010,8,0.001848225806451613,0.004950288
LOUK_05,Boufarah,Loukkos,2010-09-01,2010,9,0.0018215333333333333,0.0047214143999999994
LOUK_05,Boufarah,Loukkos,2010-10-01,2010,10,1.0484777096774194,2.8082426976
LOUK_05,Boufarah,Loukkos,2010-11-01,2010,11,14.752571266666667,38.2386647232
LOUK_05,Boufarah,Loukkos,2010-12-01,2010,12,20.642734548387097,55.28950021439999
LOUK_05,Boufarah,Loukkos,2011-01-01,2011,1,8.426121161290322,22.568522918399996
LOUK_05,Boufarah,Loukkos,2011-02-01,2011,2,10.456886607142858,25.29730008
LOUK_05,Boufarah,Loukkos,2011-03-01,2011,3,4.792746225806452,12.836891491200001
LOUK_05,Boufarah,Loukkos,2011-04-01,2011,4,1.3882388333333333,3.5983150559999997
LOUK_05,Boufarah,Loukkos,2011-05-01,2011,5,6.62039135483871,17.732056204800003
LOUK_05,Boufarah,Loukkos,2011-06-01,2011,6,0.1520636,0.3941488512
LOUK_05,Boufarah,Loukkos,2011-07-01,2011,7,0.001994967741935484,0.005343321599999999
LOUK_05,Boufarah,Loukkos,2011-08-01,2011,8,0.0017673225806451613,0.0047335968
LOUK_05,Boufarah,Loukkos,2011-09-01,2011,9,0.0046499,0.0120525408
LOUK_05,Boufarah,Loukkos,2011-10-01,2011,10,0.025904129032258066,0.0693816192
LOUK_05,Boufarah,Loukkos,2011-11-01,2011,11,0.14212666666666668,0.36839232000000005
LOUK_05,Boufarah,Loukkos,2011-12-01,2011,12,0.18927445161290324,0.5069526912000001
LOUK_05,Boufarah,Loukkos,2012-01-01,2012,1,0.9834975161290322,2.6341997472000003
LOUK_05,Boufarah,Loukkos,2012-02-01,2012,2,0.06325603448275863,0.15849432
LOUK_05,Boufarah,Loukkos,2012-03-01,2012,3,0.019231709677419356,0.0515102112
LOUK_05,Boufarah,Loukkos,2012-04-01,2012,4,0.4548311666666667,1.178922384
LOUK_05,Boufarah,Loukkos,2012-05-01,2012,5,0.18047448387096773,0.4833828576
LOUK_05,Boufarah,Loukkos,2012-06-01,2012,6,0.0015524666666666667,0.0040239936
LOUK_05,Boufarah,Loukkos,2012-07-01,2012,7,0.0007029677419354838,0.0018828288
LOUK_05,Boufarah,Loukkos,2012-08-01,2012,8,0.0007317096774193549,0.0019598112
LOUK_05,Boufarah,Loukkos,2012-09-01,2012,9,0.007557633333333333,0.019589385600000002
LOUK_05,Boufarah,Loukkos,2012-10-01,2012,10,0.49314370967741933,1.320836112
LOUK_05,Boufarah,Loukkos,2012-11-01,2012,11,10.0912084,26.156412172799996
LOUK_05,Boufarah,Loukkos,2012-12-01,2012,12,4.389842225806452,11.757753417599998
LOUK_05,Boufarah,Loukkos,2013-01-01,2013,1,18.250598967741936,48.88240427520001
LOUK_05,Boufarah,Loukkos,2013-02-01,2013,2,6.433896214285714,15.564881721599999
LOUK_05,Boufarah,Loukkos,2013-03-01,2013,3,36.94416380645161,98.9512483392
LOUK_05,Boufarah,Loukkos,2013-04-01,2013,4,11.9400818,30.948692025599996
LOUK_05,Boufarah,Loukkos,2013-05-01,2013,5,29.912749483870968,80.1183082176
LOUK_05,Boufarah,Loukkos,2013-06-01,2013,6,0.0800228,0.20741909760000002
LOUK_05,Boufarah,Loukkos,2013-07-01,2013,7,0.0013381290322580645,0.0035840447999999996
LOUK_05,Boufarah,Loukkos,2013-08-01,2013,8,0.0009659354838709677,0.0025871616
LOUK_05,Boufarah,Loukkos,2013-09-01,2013,9,0.0010360666666666667,0.0026854848
LOUK_05,Boufarah,Loukkos,2013-10-01,2013,10,0.0012662580645161291,0.0033915456000000004
LOUK_05,Boufarah,Loukkos,2013-11-01,2013,11,0.009648566666666667,0.0250090848
LOUK_05,Boufarah,Loukkos,2013-12-01,2013,12,4.317943935483871,11.5651810368
LOUK_05,Boufarah,Loukkos,2014-01-01,2014,1,7.231957580645162,19.370075184
LOUK_05,Boufarah,Loukkos,2014-02-01,2014,2,14.982946857142856,36.2467450368
LOUK_05,Boufarah,Loukkos,2014-03-01,2014,3,9.371898774193548,25.1016936768
LOUK_05,Boufarah,Loukkos,2014-04-01,2014,4,7.666189933333333,19.870764307199998
LOUK_05,Boufarah,Loukkos,2014-05-01,2014,5,1.2656216129032258,3.3898409280000004
LOUK_05,Boufarah,Loukkos,2014-06-01,2014,6,0.3572312,0.9259432704
LOUK_05,Boufarah,Loukkos,2014-07-01,2014,7,0.19540506451612905,0.5233729248
LOUK_05,Boufarah,Loukkos,2014-08-01,2014,8,0.15588306451612904,0.4175172000000001
LOUK_05,Boufarah,Loukkos,2014-09-01,2014,9,0.14897246666666666,0.3861366336
LOUK_05,Boufarah,Loukkos,2014-10-01,2014,10,0.18317248387096774,0.4906091808
LOUK_05,Boufarah,Loukkos,2014-11-01,2014,11,7.261018333333333,18.82055952
LOUK_05,Boufarah,Loukkos,2014-12-01,2014,12,14.470905451612904,38.7588731616
LOUK_05,Boufarah,Loukkos,2015-01-01,2015,1,8.798232193548387,23.565185107199998
LOUK_05,Boufarah,Loukkos,2015-02-01,2015,2,13.188464071428571,31.9055322816
LOUK_05,Boufarah,Loukkos,2015-03-01,2015,3,5.962204290322581,15.969167971200001
LOUK_05,Boufarah,Loukkos,2015-04-01,2015,4,3.0654826666666666,7.945731072
LOUK_05,Boufarah,Loukkos,2015-05-01,2015,5,0.36228309677419357,0.9703390464
LOUK_05,Boufarah,Loukkos,2015-06-01,2015,6,0.1639617,0.42498872639999996
LOUK_05,Boufarah,Loukkos,2015-07-01,2015,7,0.07898270967741935,0.2115472896
LOUK_05,Boufarah,Loukkos,2015-08-01,2015,8,0.06326890322580646,0.1694594304
LOUK_05,Boufarah,Loukkos,2015-09-01,2015,9,0.056,0.145152
LOUK_05,Boufarah,Loukkos,2015-10-01,2015,10,0.08502803225806452,0.2277390816
LOUK_05,Boufarah,Loukkos,2015-11-01,2015,11,0.1127388,0.2922189696
LOUK_05,Boufarah,Loukkos,2015-12-01,2015,12,0.11053512903225807,0.2960572896
LOUK_05,Boufarah,Loukkos,2016-01-01,2016,1,0.5207523548387096,1.3947831071999999
LOUK_05,Boufarah,Loukkos,2016-02-01,2016,2,2.502789275862069,6.2709888096
LOUK_05,Boufarah,Loukkos,2016-03-01,2016,3,1.7006640322580646,4.5550585439999995
LOUK_05,Boufarah,Loukkos,2016-04-01,2016,4,1.2949117333333333,3.3564112128
LOUK_05,Boufarah,Loukkos,2016-05-01,2016,5,2.0718107741935485,5.5491379776
LOUK_05,Boufarah,Loukkos,2016-06-01,2016,6,0.09554946666666667,0.2476642176
LOUK_05,Boufarah,Loukkos,2016-07-01,2016,7,0.03457722580645161,0.09261164159999999
LOUK_05,Boufarah,Loukkos,2016-08-01,2016,8,0.015228612903225806,0.0407883168
LOUK_05,Boufarah,Loukkos,2016-09-01,2016,9,0.028105266666666667,0.0728488512
LOUK_05,Boufarah,Loukkos,2016-10-01,2016,10,0.15362648387096775,0.4114731744000001
LOUK_05,Boufarah,Loukkos,2016-11-01,2016,11,6.905641,17.899421472
LOUK_05,Boufarah,Loukkos,2016-12-01,2016,12,9.721067838709677,26.036908099199998
LOUK_05,Boufarah,Loukkos,2017-01-01,2017,1,1.9869833548387097,5.3219362176
LOUK_05,Boufarah,Loukkos,2017-02-01,2017,2,4.680946928571428,11.3241468096
LOUK_05,Boufarah,Loukkos,2017-03-01,2017,3,1.3819334516129032,3.7013705567999997
LOUK_05,Boufarah,Loukkos,2017-04-01,2017,4,0.35614986666666665,0.9231404543999999
LOUK_05,Boufarah,Loukkos,2017-05-01,2017,5,0.14782125806451613,0.3959244576
LOUK_05,Boufarah,Loukkos,2017-06-01,2017,6,0.06366526666666666,0.1650203712
LOUK_05,Boufarah,Loukkos,2017-07-01,2017,7,0.04543641935483871,0.12169690560000002
LOUK_05,Boufarah,Loukkos,2017-08-01,2017,8,0.02790258064516129,0.07473427199999999
LOUK_05,Boufarah,Loukkos,2017-09-01,2017,9,0.023023066666666668,0.05967578880000001
LOUK_05,Boufarah,Loukkos,2017-10-01,2017,10,0.9930516774193549,2.6597896127999996
LOUK_05,Boufarah,Loukkos,2017-11-01,2017,11,1.0000292,2.5920756864
LOUK_05,Boufarah,Loukkos,2017-12-01,2017,12,4.223258774193549,11.3115763008
LOUK_05,Boufarah,Loukkos,2018-01-01,2018,1,6.376869838709678,17.079808176000004
LOUK_05,Boufarah,Loukkos,2018-02-01,2018,2,2.9164857142857143,7.05556224
LOUK_05,Boufarah,Loukkos,2018-03-01,2018,3,52.61303106451613,140.9187424032
LOUK_05,Boufarah,Loukkos,2018-04-01,2018,4,20.505578766666666,53.1504601632
LOUK_05,Boufarah,Loukkos,2018-05-01,2018,5,1.8880803870967742,5.0570345088
LOUK_05,Boufarah,Loukkos,2018-06-01,2018,6,0.6003505,1.556108496
LOUK_05,Boufarah,Loukkos,2018-07-01,2018,7,0.2616551935483871,0.7008172704000001
LOUK_05,Boufarah,Loukkos,2018-08-01,2018,8,0.11532622580645162,0.3088897632
LOUK_05,Boufarah,Loukkos,2018-09-01,2018,9,0.10008436666666666,0.2594186784
LOUK_05,Boufarah,Loukkos,2018-10-01,2018,10,1.8523065161290322,4.9612177727999995
LOUK_05,Boufarah,Loukkos,2018-11-01,2018,11,5.7807596,14.9837288832
LOUK_05,Boufarah,Loukkos,2018-12-01,2018,12,1.9921701612903226,5.3358285599999995
LOUK_05,Boufarah,Loukkos,2019-01-01,2019,1,3.249146,8.7025126464
LOUK_05,Boufarah,Loukkos,2019-02-01,2019,2,5.846412964285714,14.1436422432
LOUK_05,Boufarah,Loukkos,2019-03-01,2019,3,0.6943790967741935,1.8598249728
LOUK_05,Boufarah,Loukkos,2019-04-01,2019,4,2.150633733333333,5.5744426368
LOUK_05,Boufarah,Loukkos,2019-05-01,2019,5,0.5703481935483871,1.5276206016
LOUK_05,Boufarah,Loukkos,2019-06-01,2019,6,0.130954,0.339432768
LOUK_05,Boufarah,Loukkos,2019-07-01,2019,7,0.06497932258064516,0.17404061760000003
LOUK_05,Boufarah,Loukkos,2019-08-01,2019,8,0.21756912903225806,0.5827371552
LOUK_05,Boufarah,Loukkos,2019-09-01,2019,9,0.6131632,1.5893190144
LOUK_05,Boufarah,Loukkos,2019-10-01,2019,10,0.05256467741935484,0.140789232
LOUK_05,Boufarah,Loukkos,2019-11-01,2019,11,4.0265561,10.436833411199999
LOUK_05,Boufarah,Loukkos,2019-12-01,2019,12,8.524499741935484,22.832020108800002
LOUK_05,Boufarah,Loukkos,2020-01-01,2020,1,1.295864935483871,3.4708446432
LOUK_05,Boufarah,Loukkos,2020-02-01,2020,2,0.531197551724138,1.3309685856000002
LOUK_05,Boufarah,Loukkos,2020-03-01,2020,3,2.074642322580645,5.5567219967999995
LOUK_05,Boufarah,Loukkos,2020-04-01,2020,4,5.687159333333334,14.741116992
LOUK_05,Boufarah,Loukkos,2020-05-01,2020,5,1.7447215806451613,4.673062281599999
LOUK_05,Boufarah,Loukkos,2020-06-01,2020,6,0.5095370666666666,1.3207200768
LOUK_05,Boufarah,Loukkos,2020-07-01,2020,7,0.05784987096774193,0.1549450944
LOUK_05,Boufarah,Loukkos,2020-08-01,2020,8,0.028589774193548387,0.0765748512
LOUK_05,Boufarah,Loukkos,2020-09-01,2020,9,0.024763133333333333,0.0641860416
LOUK_05,Boufarah,Loukkos,2020-10-01,2020,10,0.02786064516129032,0.074621952
LOUK_05,Boufarah,Loukkos,2020-11-01,2020,11,0.09241773333333334,0.2395467648
LOUK_05,Boufarah,Loukkos,2020-12-01,2020,12,4.101592387096774,10.9857050496
LOUK_05,Boufarah,Loukkos,2021-01-01,2021,1,17.15733435483871,45.954204336000004
LOUK_05,Boufarah,Loukkos,2021-02-01,2021,2,9.934050785714286,24.0324556608
LOUK_05,Boufarah,Loukkos,2021-03-01,2021,3,1.7246242258064517,4.6192335263999995
LOUK_05,Boufarah,Loukkos,2021-04-01,2021,4,0.8123474333333334,2.1056045472000005
LOUK_05,Boufarah,Loukkos,2021-05-01,2021,5,0.403289935483871,1.0801717632
LOUK_05,Boufarah,Loukkos,2021-06-01,2021,6,0.10330963333333333,0.26777856959999996
LOUK_05,Boufarah,Loukkos,2021-07-01,2021,7,0.04804493548387097,0.1286835552
LOUK_05,Boufarah,Loukkos,2021-08-01,2021,8,0.043733,0.1171344672
LOUK_05,Boufarah,Loukkos,2021-09-01,2021,9,0.04844073333333333,0.1255583808
LOUK_05,Boufarah,Loukkos,2021-10-01,2021,10,0.05267112903225806,0.141074352
LOUK_05,Boufarah,Loukkos,2021-11-01,2021,11,0.08830286666666666,0.22888103039999996
LOUK_05,Boufarah,Loukkos,2021-12-01,2021,12,0.8984964838709677,2.4065329824
LOUK_05,Boufarah,Loukkos,2022-01-01,2022,1,0.4669105806451613,1.2505732992
LOUK_05,Boufarah,Loukkos,2022-02-01,2022,2,0.22192582142857142,0.5368829472
LOUK_05,Boufarah,Loukkos,2022-03-01,2022,3,1.1877693548387096,3.18132144
LOUK_05,Boufarah,Loukkos,2022-04-01,2022,4,1.9539276333333333,5.0645804256
LOUK_05,Boufarah,Loukkos,2022-05-01,2022,5,0.7340763548387097,1.9661501088
LOUK_05,Boufarah,Loukkos,2022-06-01,2022,6,0.11840746666666667,0.3069121536
LOUK_05,Boufarah,Loukkos,2022-07-01,2022,7,0.08341116129032258,0.22340845439999998
LOUK_05,Boufarah,Loukkos,2022-08-01,2022,8,0.053484032258064515,0.143251632
LOUK_05,Boufarah,Loukkos,2022-09-01,2022,9,0.07001266666666667,0.181472832
LOUK_05,Boufarah,Loukkos,2022-10-01,2022,10,0.11718477419354839,0.3138676992
LOUK_05,Boufarah,Loukkos,2022-11-01,2022,11,0.13875616666666668,0.35965598400000004
LOUK_05,Boufarah,Loukkos,2022-12-01,2022,12,24.798425741935485,66.4201035072
LOUK_05,Boufarah,Loukkos,2023-01-01,2023,1,3.4138052258064517,9.1435359168
LOUK_05,Boufarah,Loukkos,2023-02-01,2023,2,1.9862567857142857,4.805152416
LOUK_05,Boufarah,Loukkos,2023-03-01,2023,3,1.3685628064516129,3.6655586207999997
LOUK_05,Boufarah,Loukkos,2023-04-01,2023,4,0.4743462333333333,1.2295054367999998
LOUK_05,Boufarah,Loukkos,2023-05-01,2023,5,0.40623077419354836,1.0880485055999998
LOUK_05,Boufarah,Loukkos,2023-06-01,2023,6,0.26316606666666664,0.6821264448
LOUK_05,Boufarah,Loukkos,2023-07-01,2023,7,0.114665,0.30711873600000006
LOUK_05,Boufarah,Loukkos,2023-08-01,2023,8,0.11,0.294624
OER_01,Addammaghène,Oum Er Rbia,1973-10-01,1973,10,4.53533333333333,12.14743679999999
OER_01,Addammaghène,Oum Er Rbia,1973-11-01,1973,11,4.907,12.718944
OER_01,Addammaghène,Oum Er Rbia,1973-12-01,1973,12,4.96129032258064,13.288319999999986
OER_01,Addammaghène,Oum Er Rbia,1974-01-01,1974,1,5.14096774193548,13.76956799999999
OER_01,Addammaghène,Oum Er Rbia,1974-02-01,1974,2,5.79464285714286,14.018400000000007
OER_01,Addammaghène,Oum Er Rbia,1974-03-01,1974,3,12.4767741935484,33.417792000000034
OER_01,Addammaghène,Oum Er Rbia,1974-04-01,1974,4,17.0133333333333,44.09855999999992
OER_01,Addammaghène,Oum Er Rbia,1974-05-01,1974,5,24.6935483870968,66.13920000000007
OER_01,Addammaghène,Oum Er Rbia,1974-06-01,1974,6,12.095,31.350240000000003
OER_01,Addammaghène,Oum Er Rbia,1974-07-01,1974,7,8.03129032258065,21.511008000000015
OER_01,Addammaghène,Oum Er Rbia,1974-08-01,1974,8,6.11709677419355,16.384032000000005
OER_01,Addammaghène,Oum Er Rbia,1974-09-01,1974,9,5.26866666666667,13.656384000000008
OER_01,Addammaghène,Oum Er Rbia,1974-10-01,1974,10,5.15483870967742,13.806720000000002
OER_01,Addammaghène,Oum Er Rbia,1974-11-01,1974,11,4.64666666666667,12.044160000000007
OER_01,Addammaghène,Oum Er Rbia,1974-12-01,1974,12,4.26,11.409984
OER_01,Addammaghène,Oum Er Rbia,1975-01-01,1975,1,3.94129032258065,10.556352000000013
OER_01,Addammaghène,Oum Er Rbia,1975-02-01,1975,2,3.77107142857143,9.122976000000001
OER_01,Addammaghène,Oum Er Rbia,1975-03-01,1975,3,3.36516129032258,9.013247999999997
OER_01,Addammaghène,Oum Er Rbia,1975-04-01,1975,4,7.33266666666667,19.006272000000006
OER_01,Addammaghène,Oum Er Rbia,1975-05-01,1975,5,6.13225806451613,16.424640000000004
OER_01,Addammaghène,Oum Er Rbia,1975-06-01,1975,6,3.93766666666667,10.206432000000007
OER_01,Addammaghène,Oum Er Rbia,1975-07-01,1975,7,2.55129032258065,6.833376000000013
OER_01,Addammaghène,Oum Er Rbia,1975-08-01,1975,8,2.24806451612903,6.021215999999994
OER_01,Addammaghène,Oum Er Rbia,1975-09-01,1975,9,1.891,4.901472
OER_01,Addammaghène,Oum Er Rbia,1975-10-01,1975,10,2.25774193548387,6.047135999999998
OER_01,Addammaghène,Oum Er Rbia,1975-11-01,1975,11,2.34233333333333,6.0713279999999905
OER_01,Addammaghène,Oum Er Rbia,1975-12-01,1975,12,2.7,7.23168
OER_01,Addammaghène,Oum Er Rbia,1976-01-01,1976,1,2.52451612903226,6.761664000000006
OER_01,Addammaghène,Oum Er Rbia,1976-02-01,1976,2,2.88379310344828,7.22563200000001
OER_01,Addammaghène,Oum Er Rbia,1976-03-01,1976,3,4.96032258064516,13.285727999999997
OER_01,Addammaghène,Oum Er Rbia,1976-04-01,1976,4,7.21766666666667,18.708192000000007
OER_01,Addammaghène,Oum Er Rbia,1976-05-01,1976,5,15.2567741935484,40.86374400000004
OER_01,Addammaghène,Oum Er Rbia,1976-06-01,1976,6,10.2086666666667,26.46086400000009
OER_01,Addammaghène,Oum Er Rbia,1976-07-01,1976,7,7.08258064516129,18.969983999999997
OER_01,Addammaghène,Oum Er Rbia,1976-08-01,1976,8,6.37516129032258,17.075231999999996
OER_01,Addammaghène,Oum Er Rbia,1976-09-01,1976,9,4.794,12.426048
OER_01,Addammaghène,Oum Er Rbia,1976-10-01,1976,10,4.4658064516129,11.961215999999991
OER_01,Addammaghène,Oum Er Rbia,1976-11-01,1976,11,5.22466666666667,13.542336000000011
OER_01,Addammaghène,Oum Er Rbia,1976-12-01,1976,12,4.51806451612903,12.101183999999995
OER_01,Addammaghène,Oum Er Rbia,1977-01-01,1977,1,6.96064516129032,18.64339199999999
OER_01,Addammaghène,Oum Er Rbia,1977-02-01,1977,2,9.71928571428571,23.512895999999987
OER_01,Addammaghène,Oum Er Rbia,1977-03-01,1977,3,9.00870967741935,24.128927999999988
OER_01,Addammaghène,Oum Er Rbia,1977-04-01,1977,4,11.754,30.466368
OER_01,Addammaghène,Oum Er Rbia,1977-05-01,1977,5,7.89516129032258,21.146399999999996
OER_01,Addammaghène,Oum Er Rbia,1977-06-01,1977,6,5.41933333333333,14.04691199999999
OER_01,Addammaghène,Oum Er Rbia,1977-07-01,1977,7,3.90483870967742,10.458720000000001
OER_01,Addammaghène,Oum Er Rbia,1977-08-01,1977,8,2.76354838709677,7.401887999999988
OER_01,Addammaghène,Oum Er Rbia,1977-09-01,1977,9,3.602,9.336384
OER_01,Addammaghène,Oum Er Rbia,1977-10-01,1977,10,3.43258064516129,9.193823999999998
OER_01,Addammaghène,Oum Er Rbia,1977-11-01,1977,11,3.12766666666667,8.106912000000008
OER_01,Addammaghène,Oum Er Rbia,1977-12-01,1977,12,3.68451612903226,9.868608000000005
OER_01,Addammaghène,Oum Er Rbia,1978-01-01,1978,1,5.18064516129032,13.875839999999993
OER_01,Addammaghène,Oum Er Rbia,1978-02-01,1978,2,7.12,17.224704
OER_01,Addammaghène,Oum Er Rbia,1978-03-01,1978,3,6.10193548387097,16.343424000000006
OER_01,Addammaghène,Oum Er Rbia,1978-04-01,1978,4,7.79133333333333,20.19513599999999
OER_01,Addammaghène,Oum Er Rbia,1978-05-01,1978,5,8.57064516129032,22.955615999999996
OER_01,Addammaghène,Oum Er Rbia,1978-06-01,1978,6,6.84233333333333,17.735327999999992
OER_01,Addammaghène,Oum Er Rbia,1978-07-01,1978,7,4.12483870967742,11.047968000000004
OER_01,Addammaghène,Oum Er Rbia,1978-08-01,1978,8,3.64548387096774,9.764063999999996
OER_01,Addammaghène,Oum Er Rbia,1978-09-01,1978,9,3.22766666666667,8.366112000000008
OER_01,Addammaghène,Oum Er Rbia,1978-10-01,1978,10,4.11,11.008224000000002
OER_01,Addammaghène,Oum Er Rbia,1978-11-01,1978,11,3.646,9.450432
OER_01,Addammaghène,Oum Er Rbia,1978-12-01,1978,12,3.65935483870968,9.801216000000007
OER_01,Addammaghène,Oum Er Rbia,1979-01-01,1979,1,4.96677419354839,13.303008000000007
OER_01,Addammaghène,Oum Er Rbia,1979-02-01,1979,2,8.4225,20.375712
OER_01,Addammaghène,Oum Er Rbia,1979-03-01,1979,3,11.3777419354839,30.474144000000077
OER_01,Addammaghène,Oum Er Rbia,1979-04-01,1979,4,11.674,30.259007999999998
OER_01,Addammaghène,Oum Er Rbia,1979-05-01,1979,5,10.2370967741935,27.41903999999987
OER_01,Addammaghène,Oum Er Rbia,1979-06-01,1979,6,7.50933333333333,19.46419199999999
OER_01,Addammaghène,Oum Er Rbia,1979-07-01,1979,7,4.63451612903226,12.413088000000005
OER_01,Addammaghène,Oum Er Rbia,1979-08-01,1979,8,3.46354838709677,9.276767999999988
OER_01,Addammaghène,Oum Er Rbia,1979-09-01,1979,9,4.04698023333333,10.48977276479999
OER_01,Addammaghène,Oum Er Rbia,1979-10-01,1979,10,4.64452383870968,12.439892649600006
OER_01,Addammaghène,Oum Er Rbia,1979-11-01,1979,11,3.58483233333333,9.29188540799999
OER_01,Addammaghène,Oum Er Rbia,1979-12-01,1979,12,3.93589919354839,10.541912400000006
OER_01,Addammaghène,Oum Er Rbia,1980-01-01,1980,1,2.38623661290323,6.391296144000012
OER_01,Addammaghène,Oum Er Rbia,1980-02-01,1980,2,2.78884096551724,6.987719923199997
OER_01,Addammaghène,Oum Er Rbia,1980-03-01,1980,3,6.98624132258065,18.711948758400013
OER_01,Addammaghène,Oum Er Rbia,1980-04-01,1980,4,8.62712323333333,22.36150342079999
OER_01,Addammaghène,Oum Er Rbia,1980-05-01,1980,5,8.49609170967742,22.7559320352
OER_01,Addammaghène,Oum Er Rbia,1980-06-01,1980,6,4.8202755,12.494154096
OER_01,Addammaghène,Oum Er Rbia,1980-07-01,1980,7,2.23387774193548,5.983218143999988
OER_01,Addammaghène,Oum Er Rbia,1980-08-01,1980,8,2.74852948387097,7.361661369600006
OER_01,Addammaghène,Oum Er Rbia,1980-09-01,1980,9,2.12943486666667,5.519495174400008
OER_01,Addammaghène,Oum Er Rbia,1980-10-01,1980,10,3.19539190322581,8.558537673600009
OER_01,Addammaghène,Oum Er Rbia,1980-11-01,1980,11,4.891464,12.678674688000001
OER_01,Addammaghène,Oum Er Rbia,1980-12-01,1980,12,3.52496841935484,9.441275414400003
OER_01,Addammaghène,Oum Er Rbia,1981-01-01,1981,1,2.96195683870968,7.933305196800007
OER_01,Addammaghène,Oum Er Rbia,1981-02-01,1981,2,3.25987685714286,7.886294092800007
OER_01,Addammaghène,Oum Er Rbia,1981-03-01,1981,3,4.09319687096774,10.963218499199996
OER_01,Addammaghène,Oum Er Rbia,1981-04-01,1981,4,6.76346043333333,17.530889443199992
OER_01,Addammaghène,Oum Er Rbia,1981-05-01,1981,5,4.50554277419355,12.067645766400005
OER_01,Addammaghène,Oum Er Rbia,1981-06-01,1981,6,2.89660186666667,7.507992038400008
OER_01,Addammaghène,Oum Er Rbia,1981-07-01,1981,7,2.35642916129032,6.311459865599994
OER_01,Addammaghène,Oum Er Rbia,1981-08-01,1981,8,2.09373590322581,5.607862243200009
OER_01,Addammaghène,Oum Er Rbia,1981-09-01,1981,9,2.01750906666667,5.229383500800009
OER_01,Addammaghène,Oum Er Rbia,1981-10-01,1981,10,2.02078335483871,5.412466137600001
OER_01,Addammaghène,Oum Er Rbia,1981-11-01,1981,11,2.30612316666667,5.977471248000009
OER_01,Addammaghène,Oum Er Rbia,1981-12-01,1981,12,2.41208251612903,6.460521811199994
OER_01,Addammaghène,Oum Er Rbia,1982-01-01,1982,1,2.68104883870968,7.180921209600006
OER_01,Addammaghène,Oum Er Rbia,1982-02-01,1982,2,2.86949010714286,6.9418704672000064
OER_01,Addammaghène,Oum Er Rbia,1982-03-01,1982,3,2.71954590322581,7.284031747200009
OER_01,Addammaghène,Oum Er Rbia,1982-04-01,1982,4,4.17142853333333,10.812342758399991
OER_01,Addammaghène,Oum Er Rbia,1982-05-01,1982,5,10.6282122580645,28.46660371199996
OER_01,Addammaghène,Oum Er Rbia,1982-06-01,1982,6,4.6033038,11.931763449599998
OER_01,Addammaghène,Oum Er Rbia,1982-07-01,1982,7,2.18858229032258,5.8618988063999975
OER_01,Addammaghène,Oum Er Rbia,1982-08-01,1982,8,2.71230890322581,7.2646481664000095
OER_01,Addammaghène,Oum Er Rbia,1982-09-01,1982,9,2.56954943333333,6.660272131199991
OER_01,Addammaghène,Oum Er Rbia,1982-10-01,1982,10,1.89694058064516,5.080765651199997
OER_01,Addammaghène,Oum Er Rbia,1982-11-01,1982,11,2.0392574,5.285755180799999
OER_01,Addammaghène,Oum Er Rbia,1982-12-01,1982,12,2.04095832258065,5.466502771200013
OER_01,Addammaghène,Oum Er Rbia,1983-01-01,1983,1,2.01774174193548,5.40431948159999
OER_01,Addammaghène,Oum Er Rbia,1983-02-01,1983,2,2.10336342857143,5.0884568064000035
OER_01,Addammaghène,Oum Er Rbia,1983-03-01,1983,3,1.99134883870968,5.333628729600007
OER_01,Addammaghène,Oum Er Rbia,1983-04-01,1983,4,1.71183863333333,4.4370857375999915
OER_01,Addammaghène,Oum Er Rbia,1983-05-01,1983,5,2.75123648387097,7.368911798400006
OER_01,Addammaghène,Oum Er Rbia,1983-06-01,1983,6,1.33895546666667,3.470572569600009
OER_01,Addammaghène,Oum Er Rbia,1983-07-01,1983,7,1.17406674193548,3.1446203615999897
OER_01,Addammaghène,Oum Er Rbia,1983-08-01,1983,8,0.915082451612903,2.4509568383999993
OER_01,Addammaghène,Oum Er Rbia,1983-09-01,1983,9,1.13365316666667,2.938429008000009
OER_01,Addammaghène,Oum Er Rbia,1983-10-01,1983,10,1.73976283870968,4.659780787200007
OER_01,Addammaghène,Oum Er Rbia,1983-11-01,1983,11,3.18021303333333,8.24311218239999
OER_01,Addammaghène,Oum Er Rbia,1983-12-01,1983,12,2.17039348387097,5.813181907200007
OER_01,Addammaghène,Oum Er Rbia,1984-01-01,1984,1,1.92677251612903,5.160667507199994
OER_01,Addammaghène,Oum Er Rbia,1984-02-01,1984,2,1.61598044827586,4.049000611199995
OER_01,Addammaghène,Oum Er Rbia,1984-03-01,1984,3,1.96605706451613,5.265887241600002
OER_01,Addammaghène,Oum Er Rbia,1984-04-01,1984,4,1.95097183333333,5.056918991999991
OER_01,Addammaghène,Oum Er Rbia,1984-05-01,1984,5,5.28026667741935,14.142666268799987
OER_01,Addammaghène,Oum Er Rbia,1984-06-01,1984,6,2.80525896666667,7.271231241600009
OER_01,Addammaghène,Oum Er Rbia,1984-07-01,1984,7,2.10643048387097,5.641863408000006
OER_01,Addammaghène,Oum Er Rbia,1984-08-01,1984,8,1.82899577419355,4.898782281600004
OER_01,Addammaghène,Oum Er Rbia,1984-09-01,1984,9,1.76966666666667,4.58697600000001
OER_01,Addammaghène,Oum Er Rbia,1984-10-01,1984,10,2.02096774193548,5.412959999999989
OER_01,Addammaghène,Oum Er Rbia,1984-11-01,1984,11,2.74033333333333,7.102943999999991
OER_01,Addammaghène,Oum Er Rbia,1984-12-01,1984,12,2.7458064516129,7.35436799999999
OER_01,Addammaghène,Oum Er Rbia,1985-01-01,1985,1,4.67903225806452,12.532320000000011
OER_01,Addammaghène,Oum Er Rbia,1985-02-01,1985,2,4.95357142857143,11.983680000000003
OER_01,Addammaghène,Oum Er Rbia,1985-03-01,1985,3,4.40193548387097,11.790144000000005
OER_01,Addammaghène,Oum Er Rbia,1985-04-01,1985,4,5.48333333333333,14.21279999999999
OER_01,Addammaghène,Oum Er Rbia,1985-05-01,1985,5,6.50935483870968,17.434656000000007
OER_01,Addammaghène,Oum Er Rbia,1985-06-01,1985,6,3.765,9.75888
OER_01,Addammaghène,Oum Er Rbia,1985-07-01,1985,7,2.70064516129032,7.233407999999993
OER_01,Addammaghène,Oum Er Rbia,1985-08-01,1985,8,1.39645161290323,3.7402560000000116
OER_01,Addammaghène,Oum Er Rbia,1985-09-01,1985,9,1.70533333333333,4.420223999999991
OER_01,Addammaghène,Oum Er Rbia,1985-10-01,1985,10,2.23838709677419,5.995295999999991
OER_01,Addammaghène,Oum Er Rbia,1985-11-01,1985,11,1.997,5.176224
OER_01,Addammaghène,Oum Er Rbia,1985-12-01,1985,12,2.07161290322581,5.5486080000000095
OER_01,Addammaghène,Oum Er Rbia,1986-01-01,1986,1,2.35064516129032,6.295967999999993
OER_01,Addammaghène,Oum Er Rbia,1986-02-01,1986,2,4.13142857142857,9.994751999999997
OER_01,Addammaghène,Oum Er Rbia,1986-03-01,1986,3,5.48290322580645,14.685407999999999
OER_01,Addammaghène,Oum Er Rbia,1986-04-01,1986,4,5.41533333333333,14.03654399999999
OER_01,Addammaghène,Oum Er Rbia,1986-05-01,1986,5,5.39161290322581,14.44089600000001
OER_01,Addammaghène,Oum Er Rbia,1986-06-01,1986,6,4.01833333333333,10.41551999999999
OER_01,Addammaghène,Oum Er Rbia,1986-07-01,1986,7,1.82935483870968,4.899744000000006
OER_01,Addammaghène,Oum Er Rbia,1986-08-01,1986,8,1.54548387096774,4.139423999999995
OER_01,Addammaghène,Oum Er Rbia,1986-09-01,1986,9,2.96866666666667,7.694784000000008
OER_01,Addammaghène,Oum Er Rbia,1986-10-01,1986,10,16.6048387096774,44.47439999999994
OER_01,Addammaghène,Oum Er Rbia,1986-11-01,1986,11,21.6933333333333,56.22911999999992
OER_01,Addammaghène,Oum Er Rbia,1986-12-01,1986,12,21.5290322580645,57.663359999999955
OER_01,Addammaghène,Oum Er Rbia,1987-01-01,1987,1,22.4967741935484,60.25536000000004
OER_01,Addammaghène,Oum Er Rbia,1987-02-01,1987,2,25.0071428571429,60.4972800000001
OER_01,Addammaghène,Oum Er Rbia,1987-03-01,1987,3,18.6548387096774,49.96511999999995
OER_01,Addammaghène,Oum Er Rbia,1987-04-01,1987,4,17.4366666666667,45.19584000000008
OER_01,Addammaghène,Oum Er Rbia,1987-05-01,1987,5,15.8741935483871,42.51744000000001
OER_01,Addammaghène,Oum Er Rbia,1987-06-01,1987,6,13.975,36.2232
OER_01,Addammaghène,Oum Er Rbia,1987-07-01,1987,7,17.7451612903226,47.52864000000005
OER_01,Addammaghène,Oum Er Rbia,1987-08-01,1987,8,16.4258064516129,43.994879999999995
OER_01,Addammaghène,Oum Er Rbia,1987-09-01,1987,9,17.6,45.6192
OER_01,Addammaghène,Oum Er Rbia,1987-10-01,1987,10,16.8548387096774,45.14399999999994
OER_01,Addammaghène,Oum Er Rbia,1987-11-01,1987,11,12.3563333333333,32.02761599999991
OER_01,Addammaghène,Oum Er Rbia,1987-12-01,1987,12,11.0629032258065,29.630880000000126
OER_01,Addammaghène,Oum Er Rbia,1988-01-01,1988,1,10.3303225806452,27.668736000000106
OER_01,Addammaghène,Oum Er Rbia,1988-02-01,1988,2,15.4724137931034,38.76767999999987
OER_01,Addammaghène,Oum Er Rbia,1988-03-01,1988,3,18.2258064516129,48.815999999999995
OER_01,Addammaghène,Oum Er Rbia,1988-04-01,1988,4,17.3766666666667,45.04032000000008
OER_01,Addammaghène,Oum Er Rbia,1988-05-01,1988,5,15.4225806451613,41.30784000000003
OER_01,Addammaghène,Oum Er Rbia,1988-06-01,1988,6,9.332,24.188544000000004
OER_01,Addammaghène,Oum Er Rbia,1988-07-01,1988,7,7.73096774193548,20.706623999999987
OER_01,Addammaghène,Oum Er Rbia,1988-08-01,1988,8,6.82064516129032,18.26841599999999
OER_01,Addammaghène,Oum Er Rbia,1988-09-01,1988,9,5.99626913333333,15.542329593599991
OER_01,Addammaghène,Oum Er Rbia,1988-10-01,1988,10,2.67310887096774,7.159654799999995
OER_01,Addammaghène,Oum Er Rbia,1988-11-01,1988,11,9.3398726,24.208949779199997
OER_01,Addammaghène,Oum Er Rbia,1988-12-01,1988,12,8.60586525806452,23.049949507200015
OER_01,Addammaghène,Oum Er Rbia,1989-01-01,1989,1,5.10840041935484,13.682339683200004
OER_01,Addammaghène,Oum Er Rbia,1989-02-01,1989,2,6.89834375,16.6884732
OER_01,Addammaghène,Oum Er Rbia,1989-03-01,1989,3,12.1596706129032,32.568461769599935
OER_01,Addammaghène,Oum Er Rbia,1989-04-01,1989,4,23.3053027,60.4073445984
OER_01,Addammaghène,Oum Er Rbia,1989-05-01,1989,5,21.7797565483871,58.3348999392
OER_01,Addammaghène,Oum Er Rbia,1989-06-01,1989,6,12.7833714,33.1344986688
OER_01,Addammaghène,Oum Er Rbia,1989-07-01,1989,7,10.4025316451613,27.862140758400027
OER_01,Addammaghène,Oum Er Rbia,1989-08-01,1989,8,9.71907577419355,26.031572553600007
OER_01,Addammaghène,Oum Er Rbia,1989-09-01,1989,9,15.3068348666667,39.675315974400085
OER_01,Addammaghène,Oum Er Rbia,1989-10-01,1989,10,13.3119070967742,35.654611968000026
OER_01,Addammaghène,Oum Er Rbia,1989-11-01,1989,11,11.5757426666667,30.004324992000086
OER_01,Addammaghène,Oum Er Rbia,1989-12-01,1989,12,10.0670852903226,26.963681241600053
OER_01,Addammaghène,Oum Er Rbia,1990-01-01,1990,1,9.15424332258065,24.518725315200008
OER_01,Addammaghène,Oum Er Rbia,1990-02-01,1990,2,9.29824739285714,22.494320092799995
OER_01,Addammaghène,Oum Er Rbia,1990-03-01,1990,3,16.888159516129,45.23324644799992
OER_01,Addammaghène,Oum Er Rbia,1990-04-01,1990,4,13.0691136333333,33.87514253759991
OER_01,Addammaghène,Oum Er Rbia,1990-05-01,1990,5,15.9852709677419,42.814949759999905
OER_01,Addammaghène,Oum Er Rbia,1990-06-01,1990,6,9.86259923333333,25.56385721279999
OER_01,Addammaghène,Oum Er Rbia,1990-07-01,1990,7,6.91774480645161,18.52848768959999
OER_01,Addammaghène,Oum Er Rbia,1990-08-01,1990,8,5.68796987096774,15.234658502399997
OER_01,Addammaghène,Oum Er Rbia,1990-09-01,1990,9,6.7932179,17.608020796799998
OER_01,Addammaghène,Oum Er Rbia,1990-10-01,1990,10,5.16578429032258,13.836036643199996
OER_01,Addammaghène,Oum Er Rbia,1990-11-01,1990,11,4.84753563333333,12.56481236159999
OER_01,Addammaghène,Oum Er Rbia,1990-12-01,1990,12,6.00783725806452,16.091391312000013
OER_01,Addammaghène,Oum Er Rbia,1991-01-01,1991,1,5.37570393548387,14.398285420799997
OER_01,Addammaghène,Oum Er Rbia,1991-02-01,1991,2,7.60677017857143,18.402298416
OER_01,Addammaghène,Oum Er Rbia,1991-03-01,1991,3,16.4818812258065,44.14507067520014
OER_01,Addammaghène,Oum Er Rbia,1991-04-01,1991,4,20.8914011333333,54.150511737599906
OER_01,Addammaghène,Oum Er Rbia,1991-05-01,1991,5,15.4793190322581,41.459808096000096
OER_01,Addammaghène,Oum Er Rbia,1991-06-01,1991,6,10.7885233666667,27.963852566400085
OER_01,Addammaghène,Oum Er Rbia,1991-07-01,1991,7,7.83775487096774,20.992642646399997
OER_01,Addammaghène,Oum Er Rbia,1991-08-01,1991,8,92.1985541290323,246.94460737920014
OER_01,Addammaghène,Oum Er Rbia,1991-09-01,1991,9,119.809156,310.545332352
OER_01,Addammaghène,Oum Er Rbia,1991-10-01,1991,10,82.7565173548387,221.65505608319998
OER_01,Addammaghène,Oum Er Rbia,1991-11-01,1991,11,57.1201848,148.0555190016
OER_01,Addammaghène,Oum Er Rbia,1991-12-01,1991,12,39.4549776451613,105.67621212480003
OER_01,Addammaghène,Oum Er Rbia,1992-01-01,1992,1,27.0778831612903,72.52540225919994
OER_01,Addammaghène,Oum Er Rbia,1992-02-01,1992,2,19.7963433103448,49.601717798399925
OER_01,Addammaghène,Oum Er Rbia,1992-03-01,1992,3,16.9723049677419,45.458621625599896
OER_01,Addammaghène,Oum Er Rbia,1992-04-01,1992,4,18.1481015666667,47.039879260800085
OER_01,Addammaghène,Oum Er Rbia,1992-05-01,1992,5,19.4058299677419,51.97657498559991
OER_01,Addammaghène,Oum Er Rbia,1992-06-01,1992,6,19.4444387,50.399985110399996
OER_01,Addammaghène,Oum Er Rbia,1992-07-01,1992,7,15.9459644193548,42.709671100799895
OER_01,Addammaghène,Oum Er Rbia,1992-08-01,1992,8,27.4584386774194,73.54468215360012
OER_01,Addammaghène,Oum Er Rbia,1992-09-01,1992,9,28.8542326333333,74.7901709855999
OER_01,Addammaghène,Oum Er Rbia,1992-10-01,1992,10,29.7619392580645,79.71437810879995
OER_01,Addammaghène,Oum Er Rbia,1992-11-01,1992,11,30.8945855,80.078765616
OER_01,Addammaghène,Oum Er Rbia,1992-12-01,1992,12,30.4805133225806,81.63900688319987
OER_01,Addammaghène,Oum Er Rbia,1993-01-01,1993,1,29.6308305483871,79.36321654080001
OER_01,Addammaghène,Oum Er Rbia,1993-02-01,1993,2,29.4681426785714,71.28933076799993
OER_01,Addammaghène,Oum Er Rbia,1993-03-01,1993,3,35.9644799677419,96.3272631455999
OER_01,Addammaghène,Oum Er Rbia,1993-04-01,1993,4,33.1972431666667,86.04725428800009
OER_01,Addammaghène,Oum Er Rbia,1993-05-01,1993,5,31.4682357741935,84.28452269759985
OER_01,Addammaghène,Oum Er Rbia,1993-06-01,1993,6,28.1584314666667,72.98665436160009
OER_01,Addammaghène,Oum Er Rbia,1993-07-01,1993,7,25.714590483871,68.87395915200008
OER_01,Addammaghène,Oum Er Rbia,1993-08-01,1993,8,23.7414704516129,63.58915445759999
OER_01,Addammaghène,Oum Er Rbia,1993-09-01,1993,9,23.0836795333333,59.83289735039991
OER_01,Addammaghène,Oum Er Rbia,1993-10-01,1993,10,24.5592829032258,65.77958332799997
OER_01,Addammaghène,Oum Er Rbia,1993-11-01,1993,11,28.1819605333333,73.04764170239991
OER_01,Addammaghène,Oum Er Rbia,1993-12-01,1993,12,27.4668822258065,73.56729735360013
OER_01,Addammaghène,Oum Er Rbia,1994-01-01,1994,1,28.1140281290323,75.30061294080012
OER_01,Addammaghène,Oum Er Rbia,1994-02-01,1994,2,34.6122682142857,83.73399926399995
OER_01,Addammaghène,Oum Er Rbia,1994-03-01,1994,3,39.7871101612903,106.56579585599995
OER_01,Addammaghène,Oum Er Rbia,1994-04-01,1994,4,36.9333409333333,95.73121969919991
OER_01,Addammaghène,Oum Er Rbia,1994-05-01,1994,5,32.2318382258064,86.32975550399986
OER_01,Addammaghène,Oum Er Rbia,1994-06-01,1994,6,23.6350490333333,61.26204709439991
OER_01,Addammaghène,Oum Er Rbia,1994-07-01,1994,7,20.3260311935484,54.441241948800034
OER_01,Addammaghène,Oum Er Rbia,1994-08-01,1994,8,24.4216630645161,65.41098235199992
OER_01,Addammaghène,Oum Er Rbia,1994-09-01,1994,9,21.3257794333333,55.276420291199905
OER_01,Addammaghène,Oum Er Rbia,1994-10-01,1994,10,23.2417259032258,62.250638659199986
OER_01,Addammaghène,Oum Er Rbia,1994-11-01,1994,11,22.4559372,58.2057892224
OER_01,Addammaghène,Oum Er Rbia,1994-12-01,1994,12,22.069166,59.1100542144
OER_01,Addammaghène,Oum Er Rbia,1995-01-01,1995,1,21.2530123225806,56.92406820479987
OER_01,Addammaghène,Oum Er Rbia,1995-02-01,1995,2,22.2648805357143,53.86319899200004
OER_01,Addammaghène,Oum Er Rbia,1995-03-01,1995,3,23.3889542580645,62.64497508479996
OER_01,Addammaghène,Oum Er Rbia,1995-04-01,1995,4,30.5538669333333,79.1956230911999
OER_01,Addammaghène,Oum Er Rbia,1995-05-01,1995,5,28.3262390645161,75.86899871039991
OER_01,Addammaghène,Oum Er Rbia,1995-06-01,1995,6,21.4491429333333,55.59617848319991
OER_01,Addammaghène,Oum Er Rbia,1995-07-01,1995,7,18.6426012903226,49.932343296000056
OER_01,Addammaghène,Oum Er Rbia,1995-08-01,1995,8,20.6538184516129,55.319187340799985
OER_01,Addammaghène,Oum Er Rbia,1995-09-01,1995,9,16.7582851,43.4374749792
OER_01,Addammaghène,Oum Er Rbia,1995-10-01,1995,10,17.4736857741935,46.80151997759986
OER_01,Addammaghène,Oum Er Rbia,1995-11-01,1995,11,15.5948107666667,40.42174950720008
OER_01,Addammaghène,Oum Er Rbia,1995-12-01,1995,12,18.9206883548387,50.677171689599966
OER_01,Addammaghène,Oum Er Rbia,1996-01-01,1996,1,25.7844338709677,69.06102767999988
OER_01,Addammaghène,Oum Er Rbia,1996-02-01,1996,2,27.0603748965517,67.80247534079994
OER_01,Addammaghène,Oum Er Rbia,1996-03-01,1996,3,39.3926910967742,105.50938383360003
OER_01,Addammaghène,Oum Er Rbia,1996-04-01,1996,4,24.8663862,64.4536730304
OER_01,Addammaghène,Oum Er Rbia,1996-05-01,1996,5,19.2683274193548,51.6082881599999
OER_01,Addammaghène,Oum Er Rbia,1996-06-01,1996,6,120.179967933333,311.5064768831991
OER_01,Addammaghène,Oum Er Rbia,1996-07-01,1996,7,97.9514159354839,262.35307244160003
OER_01,Addammaghène,Oum Er Rbia,1996-08-01,1996,8,24.9804358064516,66.90759926399996
OER_01,Addammaghène,Oum Er Rbia,1996-09-01,1996,9,6.48153556666667,16.80014018880001
OER_01,Addammaghène,Oum Er Rbia,1996-10-01,1996,10,1.8048835483871,4.834200096000008
OER_01,Addammaghène,Oum Er Rbia,1996-11-01,1996,11,1.29880073333333,3.366491500799991
OER_01,Addammaghène,Oum Er Rbia,1996-12-01,1996,12,2.98801551612903,8.003100758399993
OER_01,Addammaghène,Oum Er Rbia,1997-01-01,1997,1,5.79430748387097,15.519473164800004
OER_01,Addammaghène,Oum Er Rbia,1997-02-01,1997,2,5.23738496428571,12.670281705599992
OER_01,Addammaghène,Oum Er Rbia,1997-03-01,1997,3,4.55337925806452,12.195771004800008
OER_01,Addammaghène,Oum Er Rbia,1997-04-01,1997,4,13.3688147,34.6519677024
OER_01,Addammaghène,Oum Er Rbia,1997-05-01,1997,5,11.1430021612903,29.845416988799936
OER_01,Addammaghène,Oum Er Rbia,1997-06-01,1997,6,5.05678283333333,13.107181103999991
OER_01,Addammaghène,Oum Er Rbia,1997-07-01,1997,7,2.26928825806452,6.07806167040001
OER_01,Addammaghène,Oum Er Rbia,1997-08-01,1997,8,1.74612883870968,4.676831481600007
OER_01,Addammaghène,Oum Er Rbia,1997-09-01,1997,9,5.26166866666667,13.638245184000008
OER_01,Addammaghène,Oum Er Rbia,1997-10-01,1997,10,10.7680610645161,28.841174755199923
OER_01,Addammaghène,Oum Er Rbia,1997-11-01,1997,11,12.172926,31.552224192
OER_01,Addammaghène,Oum Er Rbia,1997-12-01,1997,12,13.6526115806452,36.5671548576001
OER_01,Addammaghène,Oum Er Rbia,1998-01-01,1998,1,12.6007589032258,33.74987264639998
OER_01,Addammaghène,Oum Er Rbia,1998-02-01,1998,2,14.3217840714286,34.647260025600076
OER_01,Addammaghène,Oum Er Rbia,1998-03-01,1998,3,10.4027365483871,27.862689571200008
OER_01,Addammaghène,Oum Er Rbia,1998-04-01,1998,4,11.7964462666667,30.57638872320009
OER_01,Addammaghène,Oum Er Rbia,1998-05-01,1998,5,9.38603619354839,25.13955934080001
OER_01,Addammaghène,Oum Er Rbia,1998-06-01,1998,6,10.0150873666667,25.959106454400086
OER_01,Addammaghène,Oum Er Rbia,1998-07-01,1998,7,5.22566832258065,13.996430035200014
OER_01,Addammaghène,Oum Er Rbia,1998-08-01,1998,8,3.90331364516129,10.454635267199999
OER_01,Addammaghène,Oum Er Rbia,1998-09-01,1998,9,4.31624766666667,11.187713952000008
OER_01,Addammaghène,Oum Er Rbia,1998-10-01,1998,10,8.29223983870968,22.209935184000003
OER_01,Addammaghène,Oum Er Rbia,1998-11-01,1998,11,8.4925681,22.0127365152
OER_01,Addammaghène,Oum Er Rbia,1998-12-01,1998,12,9.18782061290323,24.608658729600013
OER_01,Addammaghène,Oum Er Rbia,1999-01-01,1999,1,11.0001756129032,29.462870361599933
OER_01,Addammaghène,Oum Er Rbia,1999-02-01,1999,2,10.7457672142857,25.99616004479996
OER_01,Addammaghène,Oum Er Rbia,1999-03-01,1999,3,12.5525511290323,33.62075294400012
OER_01,Addammaghène,Oum Er Rbia,1999-04-01,1999,4,12.2512797333333,31.755317068799915
OER_01,Addammaghène,Oum Er Rbia,1999-05-01,1999,5,10.975077483871,29.395647532800087
OER_01,Addammaghène,Oum Er Rbia,1999-06-01,1999,6,9.23876733333333,23.946884927999992
OER_01,Addammaghène,Oum Er Rbia,1999-07-01,1999,7,7.35161809677419,19.690573910399987
OER_01,Addammaghène,Oum Er Rbia,1999-08-01,1999,8,7.23123370967742,19.368136368000005
OER_01,Addammaghène,Oum Er Rbia,1999-09-01,1999,9,8.06226846666667,20.897399865600008
OER_01,Addammaghène,Oum Er Rbia,1999-10-01,1999,10,8.34256067741936,22.344714518400014
OER_01,Addammaghène,Oum Er Rbia,1999-11-01,1999,11,9.26068926666667,24.003706579200006
OER_01,Addammaghène,Oum Er Rbia,1999-12-01,1999,12,7.68759712903226,20.590460150400006
OER_01,Addammaghène,Oum Er Rbia,2000-01-01,2000,1,6.89399390322581,18.46487327040001
OER_01,Addammaghène,Oum Er Rbia,2000-02-01,2000,2,5.399981,13.530192393600002
OER_01,Addammaghène,Oum Er Rbia,2000-03-01,2000,3,4.16630161290323,11.159022240000011
OER_01,Addammaghène,Oum Er Rbia,2000-04-01,2000,4,6.77471096666667,17.56005082560001
OER_01,Addammaghène,Oum Er Rbia,2000-05-01,2000,5,5.08077161290323,13.608338688000012
OER_01,Addammaghène,Oum Er Rbia,2000-06-01,2000,6,3.8021273,9.8551139616
OER_01,Addammaghène,Oum Er Rbia,2000-07-01,2000,7,2.68568670967742,7.193343283200002
OER_01,Addammaghène,Oum Er Rbia,2000-08-01,2000,8,2.40259522580645,6.435111052799995
OER_01,Addammaghène,Oum Er Rbia,2000-09-01,2000,9,2.11899433333333,5.492433311999991
OER_01,Addammaghène,Oum Er Rbia,2000-10-01,2000,10,4.17312996774194,11.177311305600012
OER_01,Addammaghène,Oum Er Rbia,2000-11-01,2000,11,4.6586755,12.075286896
OER_01,Addammaghène,Oum Er Rbia,2000-12-01,2000,12,5.61388867741935,15.036239433599988
OER_01,Addammaghène,Oum Er Rbia,2001-01-01,2001,1,6.9815884516129,18.699486508799993
OER_01,Addammaghène,Oum Er Rbia,2001-02-01,2001,2,6.15574471428571,14.89197761279999
OER_01,Addammaghène,Oum Er Rbia,2001-03-01,2001,3,5.30177996774194,14.200287465600011
OER_01,Addammaghène,Oum Er Rbia,2001-04-01,2001,4,4.14689453333333,10.748750630399991
OER_01,Addammaghène,Oum Er Rbia,2001-05-01,2001,5,3.54318980645161,9.49007957759999
OER_01,Addammaghène,Oum Er Rbia,2001-06-01,2001,6,2.55607103333333,6.625336118399992
OER_01,Addammaghène,Oum Er Rbia,2001-07-01,2001,7,1.87186596774194,5.013605808000012
OER_01,Addammaghène,Oum Er Rbia,2001-08-01,2001,8,2.28482248387097,6.119668540800006
OER_01,Addammaghène,Oum Er Rbia,2001-09-01,2001,9,0.909042666666667,2.3562385920000013
OER_01,Addammaghène,Oum Er Rbia,2001-10-01,2001,10,0.716360483870968,1.9186999200000006
OER_01,Addammaghène,Oum Er Rbia,2001-11-01,2001,11,0.992912,2.5736279040000003
OER_01,Addammaghène,Oum Er Rbia,2001-12-01,2001,12,1.18282938709677,3.1680902303999896
OER_01,Addammaghène,Oum Er Rbia,2002-01-01,2002,1,1.08090429032258,2.8950940511999987
OER_01,Addammaghène,Oum Er Rbia,2002-02-01,2002,2,0.826827607142857,2.0002613472
OER_01,Addammaghène,Oum Er Rbia,2002-03-01,2002,3,1.63578325806452,4.38128187840001
OER_01,Addammaghène,Oum Er Rbia,2002-04-01,2002,4,7.35638343333333,19.067745859199988
OER_01,Addammaghène,Oum Er Rbia,2002-05-01,2002,5,4.85277903225806,12.997683359999987
OER_01,Addammaghène,Oum Er Rbia,2002-06-01,2002,6,2.24512306666667,5.8193589888000075
OER_01,Addammaghène,Oum Er Rbia,2002-07-01,2002,7,1.36019274193548,3.64314023999999
OER_01,Addammaghène,Oum Er Rbia,2002-08-01,2002,8,1.09713096774194,2.9385555840000124
OER_01,Addammaghène,Oum Er Rbia,2002-09-01,2002,9,1.6850935,4.367762352
OER_01,Addammaghène,Oum Er Rbia,2002-10-01,2002,10,1.25375580645161,3.3580595519999927
OER_01,Addammaghène,Oum Er Rbia,2002-11-01,2002,11,3.63167386666667,9.41329866240001
OER_01,Addammaghène,Oum Er Rbia,2002-12-01,2002,12,3.3431644516129,8.954331667199991
OER_01,Addammaghène,Oum Er Rbia,2003-01-01,2003,1,3.1754844516129,8.505217555199991
OER_01,Addammaghène,Oum Er Rbia,2003-02-01,2003,2,2.95467767857143,7.147956240000004
OER_01,Addammaghène,Oum Er Rbia,2003-03-01,2003,3,4.95052441935484,13.259484604800004
OER_01,Addammaghène,Oum Er Rbia,2003-04-01,2003,4,5.79296286666667,15.015359750400009
OER_01,Addammaghène,Oum Er Rbia,2003-05-01,2003,5,4.72646483870968,12.659363424000007
OER_01,Addammaghène,Oum Er Rbia,2003-06-01,2003,6,2.56420596666667,6.64642186560001
OER_01,Addammaghène,Oum Er Rbia,2003-07-01,2003,7,1.163047,3.1151050847999997
OER_01,Addammaghène,Oum Er Rbia,2003-08-01,2003,8,1.90371825806452,5.0989189824000105
OER_01,Addammaghène,Oum Er Rbia,2003-09-01,2003,9,2.39113283333333,6.197816303999992
OER_01,Addammaghène,Oum Er Rbia,2003-10-01,2003,10,2.90733387096774,7.787003039999996
OER_01,Addammaghène,Oum Er Rbia,2003-11-01,2003,11,8.84461526666667,22.925242771200008
OER_01,Addammaghène,Oum Er Rbia,2003-12-01,2003,12,12.175136,32.6098842624
OER_01,Addammaghène,Oum Er Rbia,2004-01-01,2004,1,8.00298796774194,21.435202972800013
OER_01,Addammaghène,Oum Er Rbia,2004-02-01,2004,2,7.34173337931034,18.39544715519999
OER_01,Addammaghène,Oum Er Rbia,2004-03-01,2004,3,11.5735541935484,30.99860755200004
OER_01,Addammaghène,Oum Er Rbia,2004-04-01,2004,4,11.0012031,28.515118435199998
OER_01,Addammaghène,Oum Er Rbia,2004-05-01,2004,5,20.3443019354839,54.49017830400008
OER_01,Addammaghène,Oum Er Rbia,2004-06-01,2004,6,11.3363871666667,29.38391553600009
OER_01,Addammaghène,Oum Er Rbia,2004-07-01,2004,7,3.53709896774194,9.473765875200012
OER_01,Addammaghène,Oum Er Rbia,2004-08-01,2004,8,4.44022648387097,11.892702614400006
OER_01,Addammaghène,Oum Er Rbia,2004-09-01,2004,9,2.4755625,6.416658
OER_01,Addammaghène,Oum Er Rbia,2004-10-01,2004,10,3.89971129032258,10.44498672
OER_01,Addammaghène,Oum Er Rbia,2004-11-01,2004,11,4.67673533333333,12.122097983999991
OER_01,Addammaghène,Oum Er Rbia,2004-12-01,2004,12,4.897143,13.1165078112
OER_01,Addammaghène,Oum Er Rbia,2005-01-01,2005,1,5.08992896774194,13.632865747200013
OER_01,Addammaghène,Oum Er Rbia,2005-02-01,2005,2,4.05025978571429,9.79838847360001
OER_01,Addammaghène,Oum Er Rbia,2005-03-01,2005,3,11.7522543548387,31.47723806399997
OER_01,Addammaghène,Oum Er Rbia,2005-04-01,2005,4,7.68131906666667,19.909979020800005
OER_01,Addammaghène,Oum Er Rbia,2005-05-01,2005,5,4.8983005483871,13.119608188800006
OER_01,Addammaghène,Oum Er Rbia,2005-06-01,2005,6,9.0544469,23.4691263648
OER_01,Addammaghène,Oum Er Rbia,2005-07-01,2005,7,5.72006529032258,15.3206228736
OER_01,Addammaghène,Oum Er Rbia,2005-08-01,2005,8,6.77866596774194,18.15597892800001
OER_01,Addammaghène,Oum Er Rbia,2005-09-01,2005,9,4.69819533333333,12.17772230399999
OER_01,Addammaghène,Oum Er Rbia,2005-10-01,2005,10,4.85951193548387,13.015716767999997
OER_01,Addammaghène,Oum Er Rbia,2005-11-01,2005,11,3.8325733,9.9340299936
OER_01,Addammaghène,Oum Er Rbia,2005-12-01,2005,12,3.92738248387097,10.519101244800007
OER_01,Addammaghène,Oum Er Rbia,2006-01-01,2006,1,4.05125641935484,10.850885193600005
OER_01,Addammaghène,Oum Er Rbia,2006-02-01,2006,2,5.51390014285714,13.339227225599993
OER_01,Addammaghène,Oum Er Rbia,2006-03-01,2006,3,10.1017295806452,27.056472508800105
OER_01,Addammaghène,Oum Er Rbia,2006-04-01,2006,4,12.3296471,31.958445283200003
OER_01,Addammaghène,Oum Er Rbia,2006-05-01,2006,5,5.85728777419355,15.688159574400004
OER_01,Addammaghène,Oum Er Rbia,2006-06-01,2006,6,4.1340347,10.715417942399998
OER_01,Addammaghène,Oum Er Rbia,2006-07-01,2006,7,4.44311061290323,11.900427465600012
OER_01,Addammaghène,Oum Er Rbia,2006-08-01,2006,8,3.47579612903226,9.309572352000005
OER_01,Addammaghène,Oum Er Rbia,2006-09-01,2006,9,3.0133717,7.8106594464
OER_01,Addammaghène,Oum Er Rbia,2006-10-01,2006,10,9.78058964516129,26.1963313056
OER_01,Addammaghène,Oum Er Rbia,2006-11-01,2006,11,3.85013516666667,9.97955035200001
OER_01,Addammaghène,Oum Er Rbia,2006-12-01,2006,12,3.47221774193548,9.299987999999988
OER_01,Addammaghène,Oum Er Rbia,2007-01-01,2007,1,3.40630987096774,9.123460358399994
OER_01,Addammaghène,Oum Er Rbia,2007-02-01,2007,2,3.35498728571429,8.11638524160001
OER_01,Addammaghène,Oum Er Rbia,2007-03-01,2007,3,3.09697761290323,8.294944838400012
OER_01,Addammaghène,Oum Er Rbia,2007-04-01,2007,4,4.69191623333333,12.161446876799992
OER_01,Addammaghène,Oum Er Rbia,2007-05-01,2007,5,4.42308093548387,11.846779977599995
OER_01,Addammaghène,Oum Er Rbia,2007-06-01,2007,6,2.9716236,7.7024483712
OER_01,Addammaghène,Oum Er Rbia,2007-07-01,2007,7,2.83994206451613,7.606500825600003
OER_01,Addammaghène,Oum Er Rbia,2007-08-01,2007,8,2.74045558064516,7.340036227199996
OER_01,Addammaghène,Oum Er Rbia,2007-09-01,2007,9,2.76585656666667,7.169100220800009
OER_01,Addammaghène,Oum Er Rbia,2007-10-01,2007,10,3.23517970967742,8.665105334400002
OER_01,Addammaghène,Oum Er Rbia,2007-11-01,2007,11,4.14423276666667,10.741851331200008
OER_01,Addammaghène,Oum Er Rbia,2007-12-01,2007,12,3.23694238709677,8.66982648959999
OER_01,Addammaghène,Oum Er Rbia,2008-01-01,2008,1,9.89432496774194,26.500959993600006
OER_01,Addammaghène,Oum Er Rbia,2008-02-01,2008,2,7.90782882758621,19.813855910400008
OER_01,Addammaghène,Oum Er Rbia,2008-03-01,2008,3,4.95634796774194,13.275082396800011
OER_01,Addammaghène,Oum Er Rbia,2008-04-01,2008,4,3.1330248,8.1208002816
OER_01,Addammaghène,Oum Er Rbia,2008-05-01,2008,5,1.92352858064516,5.151978950399997
OER_01,Addammaghène,Oum Er Rbia,2008-06-01,2008,6,1.46816883333333,3.8054936159999917
OER_01,Addammaghène,Oum Er Rbia,2008-07-01,2008,7,1.28897777419355,3.452398070400004
OER_01,Addammaghène,Oum Er Rbia,2008-08-01,2008,8,2.62181451612903,7.022267999999993
OER_01,Addammaghène,Oum Er Rbia,2008-09-01,2008,9,6.4958555,16.837257456
OER_01,Addammaghène,Oum Er Rbia,2008-10-01,2008,10,12.6405555806452,33.85646406720011
OER_01,Addammaghène,Oum Er Rbia,2008-11-01,2008,11,9.33099846666667,24.185948025600013
OER_01,Addammaghène,Oum Er Rbia,2008-12-01,2008,12,7.31277438709677,19.58653491839999
OER_01,Addammaghène,Oum Er Rbia,2009-01-01,2009,1,10.1480614193548,27.180567705599895
OER_01,Addammaghène,Oum Er Rbia,2009-02-01,2009,2,30.7812957142857,74.46611059199996
OER_01,Addammaghène,Oum Er Rbia,2009-03-01,2009,3,43.2388719032258,115.81099450559998
OER_01,Addammaghène,Oum Er Rbia,2009-04-01,2009,4,30.7636185333333,79.73929923839991
OER_01,Addammaghène,Oum Er Rbia,2009-05-01,2009,5,24.7555189354839,66.30518191680008
OER_01,Addammaghène,Oum Er Rbia,2009-06-01,2009,6,15.7007324333333,40.69629846719992
OER_01,Addammaghène,Oum Er Rbia,2009-07-01,2009,7,4.09647832258065,10.972007539200012
OER_01,Addammaghène,Oum Er Rbia,2009-08-01,2009,8,3.03461848387097,8.127922147200007
OER_01,Addammaghène,Oum Er Rbia,2009-09-01,2009,9,20.1507801666667,52.23082219200008
OER_01,Addammaghène,Oum Er Rbia,2009-10-01,2009,10,5.66212964516129,15.1654480416
OER_01,Addammaghène,Oum Er Rbia,2009-11-01,2009,11,3.27577533333333,8.490809663999991
OER_01,Addammaghène,Oum Er Rbia,2009-12-01,2009,12,7.09744238709677,19.009789689599987
OER_01,Addammaghène,Oum Er Rbia,2010-01-01,2010,1,9.79510790322581,26.23521700800001
OER_01,Addammaghène,Oum Er Rbia,2010-02-01,2010,2,10.7353924285714,25.97106136319993
OER_01,Addammaghène,Oum Er Rbia,2010-03-01,2010,3,39.5819723548387,106.01635475519997
OER_01,Addammaghène,Oum Er Rbia,2010-04-01,2010,4,30.2563581333333,78.42448028159991
OER_01,Addammaghène,Oum Er Rbia,2010-05-01,2010,5,21.6972487741935,58.11391111679987
OER_01,Addammaghène,Oum Er Rbia,2010-06-01,2010,6,9.1840022,23.8049337024
OER_01,Addammaghène,Oum Er Rbia,2010-07-01,2010,7,5.60579661290323,15.014565648000014
OER_01,Addammaghène,Oum Er Rbia,2010-08-01,2010,8,8.25013725806452,22.097167632000012
OER_01,Addammaghène,Oum Er Rbia,2010-09-01,2010,9,40.6559968333333,105.38034379199989
OER_01,Addammaghène,Oum Er Rbia,2010-10-01,2010,10,33.4874025483871,89.6926589856
OER_01,Addammaghène,Oum Er Rbia,2010-11-01,2010,11,3.31210643333333,8.584979875199993
OER_01,Addammaghène,Oum Er Rbia,2010-12-01,2010,12,10.1906588709677,27.29466071999989
OER_01,Addammaghène,Oum Er Rbia,2011-01-01,2011,1,8.17239283870968,21.888936979200004
OER_01,Addammaghène,Oum Er Rbia,2011-02-01,2011,2,6.62173860714286,16.019310038400008
OER_01,Addammaghène,Oum Er Rbia,2011-03-01,2011,3,4.74680241935484,12.713835600000003
OER_01,Addammaghène,Oum Er Rbia,2011-04-01,2011,4,2.98228803333333,7.73009058239999
OER_01,Addammaghène,Oum Er Rbia,2011-05-01,2011,5,41.6787441935484,111.63234844800002
OER_01,Addammaghène,Oum Er Rbia,2011-06-01,2011,6,35.4216861333333,91.81301045759993
OER_01,Addammaghène,Oum Er Rbia,2011-07-01,2011,7,38.1445144193548,102.16626742079988
OER_01,Addammaghène,Oum Er Rbia,2011-08-01,2011,8,15.7498908387097,42.18450762240006
OER_01,Addammaghène,Oum Er Rbia,2011-09-01,2011,9,2.0085458,5.2061507136
OER_01,Addammaghène,Oum Er Rbia,2011-10-01,2011,10,2.45533216129032,6.576361660799994
OER_01,Addammaghène,Oum Er Rbia,2011-11-01,2011,11,3.8193909,9.8998612128
OER_01,Addammaghène,Oum Er Rbia,2011-12-01,2011,12,4.47865670967742,11.995634131200003
OER_01,Addammaghène,Oum Er Rbia,2012-01-01,2012,1,3.79001506451613,10.151176348800004
OER_01,Addammaghène,Oum Er Rbia,2012-02-01,2012,2,4.01670448275862,10.064254751999998
OER_01,Addammaghène,Oum Er Rbia,2012-03-01,2012,3,3.97441103225806,10.645062508799988
OER_01,Addammaghène,Oum Er Rbia,2012-04-01,2012,4,8.32371833333333,21.57507791999999
OER_01,Addammaghène,Oum Er Rbia,2012-05-01,2012,5,6.67874958064516,17.8883628768
OER_01,Addammaghène,Oum Er Rbia,2012-06-01,2012,6,2.04060596666667,5.289250665600008
OER_01,Addammaghène,Oum Er Rbia,2012-07-01,2012,7,1.31828787096774,3.5309022335999947
OER_01,Addammaghène,Oum Er Rbia,2012-08-01,2012,8,1.35765609677419,3.63634608959999
OER_01,Addammaghène,Oum Er Rbia,2012-09-01,2012,9,2.1697256,5.623928755200001
OER_01,Addammaghène,Oum Er Rbia,2012-10-01,2012,10,4.32449283870968,11.582721619200006
OER_01,Addammaghène,Oum Er Rbia,2012-11-01,2012,11,7.41338266666667,19.215487872000008
OER_01,Addammaghène,Oum Er Rbia,2012-12-01,2012,12,6.58197435483871,17.629160112000005
OER_01,Addammaghène,Oum Er Rbia,2013-01-01,2013,1,6.47829858064516,17.351474918399997
OER_01,Addammaghène,Oum Er Rbia,2013-02-01,2013,2,5.666356,13.7080484352
OER_01,Addammaghène,Oum Er Rbia,2013-03-01,2013,3,6.19126680645161,16.582689014399993
OER_01,Addammaghène,Oum Er Rbia,2013-04-01,2013,4,9.23790993333333,23.944662547199993
OER_01,Addammaghène,Oum Er Rbia,2013-05-01,2013,5,7.39160841935484,19.797683990400007
OER_01,Addammaghène,Oum Er Rbia,2013-06-01,2013,6,5.63303466666667,14.600825856000007
OER_01,Addammaghène,Oum Er Rbia,2013-07-01,2013,7,5.09962929032258,13.6588470912
OER_01,Addammaghène,Oum Er Rbia,2013-08-01,2013,8,2.96450651612903,7.940134252799993
OER_01,Addammaghène,Oum Er Rbia,2013-09-01,2013,9,26.3663416333333,68.34155751359991
OER_01,Addammaghène,Oum Er Rbia,2013-10-01,2013,10,2.72705719354839,7.304149987200008
OER_01,Addammaghène,Oum Er Rbia,2013-11-01,2013,11,3.10193413333333,8.040213273599992
OER_01,Addammaghène,Oum Er Rbia,2013-12-01,2013,12,3.06802006451613,8.217384940800002
OER_01,Addammaghène,Oum Er Rbia,2014-01-01,2014,1,3.379811,9.052485782400002
OER_01,Addammaghène,Oum Er Rbia,2014-02-01,2014,2,4.47178010714286,10.818130435200006
OER_01,Addammaghène,Oum Er Rbia,2014-03-01,2014,3,5.5256265483871,14.799838147200008
OER_01,Addammaghène,Oum Er Rbia,2014-04-01,2014,4,9.0020008,23.3331860736
OER_01,Addammaghène,Oum Er Rbia,2014-05-01,2014,5,3.28882251612903,8.808782227199995
OER_01,Addammaghène,Oum Er Rbia,2014-06-01,2014,6,2.1691307,5.622386774400002
OER_01,Addammaghène,Oum Er Rbia,2014-07-01,2014,7,1.99501761290323,5.343455174400011
OER_01,Addammaghène,Oum Er Rbia,2014-08-01,2014,8,2.20048858064516,5.8937886143999965
OER_01,Addammaghène,Oum Er Rbia,2014-09-01,2014,9,4.2063912,10.9029659904
OER_01,Addammaghène,Oum Er Rbia,2014-10-01,2014,10,1.55298580645161,4.159517183999992
OER_01,Addammaghène,Oum Er Rbia,2014-11-01,2014,11,23.5995745,61.17009710399999
OER_01,Addammaghène,Oum Er Rbia,2014-12-01,2014,12,16.3464729677419,43.7823931967999
OER_01,Addammaghène,Oum Er Rbia,2015-01-01,2015,1,12.3719118709677,33.13692875519989
OER_01,Addammaghène,Oum Er Rbia,2015-02-01,2015,2,13.6830477142857,33.10202903039997
OER_01,Addammaghène,Oum Er Rbia,2015-03-01,2015,3,21.1537592580645,56.65822879679996
OER_01,Addammaghène,Oum Er Rbia,2015-04-01,2015,4,32.3066916333333,83.73894471359992
OER_01,Addammaghène,Oum Er Rbia,2015-05-01,2015,5,24.7619694516129,66.32245897919998
OER_01,Addammaghène,Oum Er Rbia,2015-06-01,2015,6,6.86935546666667,17.805369369600008
OER_01,Addammaghène,Oum Er Rbia,2015-07-01,2015,7,4.89933535483871,13.1223798144
OER_01,Addammaghène,Oum Er Rbia,2015-08-01,2015,8,12.6183093225806,33.796879689599876
OER_01,Addammaghène,Oum Er Rbia,2015-09-01,2015,9,3.8974424,10.1021707008
OER_01,Addammaghène,Oum Er Rbia,2015-10-01,2015,10,4.43378519354839,11.875450262400006
OER_01,Addammaghène,Oum Er Rbia,2015-11-01,2015,11,3.75445733333333,9.731553407999993
OER_01,Addammaghène,Oum Er Rbia,2015-12-01,2015,12,3.60790012903226,9.663399705600005
OER_01,Addammaghène,Oum Er Rbia,2016-01-01,2016,1,3.69496367741935,9.896590713599988
OER_01,Addammaghène,Oum Er Rbia,2016-02-01,2016,2,3.64784920689655,9.140050972799996
OER_01,Addammaghène,Oum Er Rbia,2016-03-01,2016,3,3.14647083870968,8.427507494400007
OER_01,Addammaghène,Oum Er Rbia,2016-04-01,2016,4,4.44050846666667,11.509797945600008
OER_01,Addammaghène,Oum Er Rbia,2016-05-01,2016,5,2.68376332258065,7.188191683200014
OER_01,Addammaghène,Oum Er Rbia,2016-06-01,2016,6,2.32840016666667,6.035213232000009
OER_01,Addammaghène,Oum Er Rbia,2016-07-01,2016,7,2.11417387096774,5.662603295999994
OER_01,Addammaghène,Oum Er Rbia,2016-08-01,2016,8,2.40805629032258,6.449737967999998
OER_01,Addammaghène,Oum Er Rbia,2016-09-01,2016,9,0.820531766666667,2.126818339200001
OER_01,Addammaghène,Oum Er Rbia,2016-10-01,2016,10,3.90168793548387,10.450280966399998
OER_01,Addammaghène,Oum Er Rbia,2016-11-01,2016,11,5.13039923333333,13.29799481279999
OER_01,Addammaghène,Oum Er Rbia,2016-12-01,2016,12,4.3911295483871,11.761201382400007
OER_01,Addammaghène,Oum Er Rbia,2017-01-01,2017,1,3.26601641935484,8.747698377600003
OER_01,Addammaghène,Oum Er Rbia,2017-02-01,2017,2,3.15149739285714,7.6241024927999925
OER_01,Addammaghène,Oum Er Rbia,2017-03-01,2017,3,3.30009170967742,8.838965635200001
OER_01,Addammaghène,Oum Er Rbia,2017-04-01,2017,4,5.73371083333333,14.86177847999999
OER_01,Addammaghène,Oum Er Rbia,2017-05-01,2017,5,3.72610909677419,9.98001060479999
OER_01,Addammaghène,Oum Er Rbia,2017-06-01,2017,6,4.29301246666667,11.12748831360001
OER_01,Addammaghène,Oum Er Rbia,2017-07-01,2017,7,2.0409064516129,5.466363839999992
OER_01,Addammaghène,Oum Er Rbia,2017-08-01,2017,8,1.55064864516129,4.153257331199999
OER_01,Addammaghène,Oum Er Rbia,2017-09-01,2017,9,1.29541426666667,3.3577137792000085
OER_01,Addammaghène,Oum Er Rbia,2017-10-01,2017,10,1.16844987096774,3.129576134399995
OER_01,Addammaghène,Oum Er Rbia,2017-11-01,2017,11,1.46349566666667,3.793380768000009
OER_01,Addammaghène,Oum Er Rbia,2017-12-01,2017,12,1.86101609677419,4.98454551359999
OER_01,Addammaghène,Oum Er Rbia,2018-01-01,2018,1,2.77473183870968,7.431841756800006
OER_01,Addammaghène,Oum Er Rbia,2018-02-01,2018,2,3.65137967857143,8.833417718400003
OER_01,Addammaghène,Oum Er Rbia,2018-03-01,2018,3,24.923119516129,66.75408331199992
OER_01,Addammaghène,Oum Er Rbia,2018-04-01,2018,4,26.2208028,67.9643208576
OER_01,Addammaghène,Oum Er Rbia,2018-05-01,2018,5,32.8330498709677,87.94004077439989
OER_01,Addammaghène,Oum Er Rbia,2018-06-01,2018,6,16.4660831666667,42.68008756800008
OER_01,Addammaghène,Oum Er Rbia,2018-07-01,2018,7,7.4067094516129,19.838130595199992
OER_01,Addammaghène,Oum Er Rbia,2018-08-01,2018,8,2.66117151612903,7.127681788799995
OER_01,Addammaghène,Oum Er Rbia,2018-09-01,2018,9,1.43811336666667,3.7275898464000083
OER_01,Addammaghène,Oum Er Rbia,2018-10-01,2018,10,2.44247158064516,6.541915881599996
OER_01,Addammaghène,Oum Er Rbia,2018-11-01,2018,11,4.87749966666667,12.64247913600001
OER_01,Addammaghène,Oum Er Rbia,2018-12-01,2018,12,3.68710274193548,9.87553598399999
OER_01,Addammaghène,Oum Er Rbia,2019-01-01,2019,1,3.49494722580645,9.360866649599995
OER_01,Addammaghène,Oum Er Rbia,2019-02-01,2019,2,3.12557353571429,7.561387497600011
OER_01,Addammaghène,Oum Er Rbia,2019-03-01,2019,3,2.62617887096774,7.033957487999995
OER_01,Addammaghène,Oum Er Rbia,2019-04-01,2019,4,3.93080306666667,10.188641548800009
OER_01,Addammaghène,Oum Er Rbia,2019-05-01,2019,5,4.36498106451613,11.691165283200004
OER_01,Addammaghène,Oum Er Rbia,2019-06-01,2019,6,2.5345069,6.5694418848
OER_01,Addammaghène,Oum Er Rbia,2019-07-01,2019,7,2.31270658064516,6.194353305599996
OER_01,Addammaghène,Oum Er Rbia,2019-08-01,2019,8,2.68442903225806,7.189974719999988
OER_01,Addammaghène,Oum Er Rbia,2019-09-01,2019,9,3.03050256666667,7.855062652800009
OER_01,Addammaghène,Oum Er Rbia,2019-10-01,2019,10,1.81871903225806,4.871257055999988
OER_01,Addammaghène,Oum Er Rbia,2019-11-01,2019,11,2.17828946666667,5.646126297600009
OER_01,Addammaghène,Oum Er Rbia,2019-12-01,2019,12,2.64259283870968,7.077920659200007
OER_01,Addammaghène,Oum Er Rbia,2020-01-01,2020,1,2.45651058064516,6.579517939199997
OER_01,Addammaghène,Oum Er Rbia,2020-02-01,2020,2,2.07847210344828,5.20781970240001
OER_01,Addammaghène,Oum Er Rbia,2020-03-01,2020,3,2.22916222580645,5.970588105599996
OER_01,Addammaghène,Oum Er Rbia,2020-04-01,2020,4,2.73288853333333,7.0836470783999905
OER_01,Addammaghène,Oum Er Rbia,2020-05-01,2020,5,1.83733277419355,4.921112102400004
OER_01,Addammaghène,Oum Er Rbia,2020-06-01,2020,6,1.7330079,4.4919564768
OER_01,Addammaghène,Oum Er Rbia,2020-07-01,2020,7,1.66542435483871,4.460672592
OER_01,Addammaghène,Oum Er Rbia,2020-08-01,2020,8,1.51589077419355,4.060161849600004
OER_02,Sgatt,Oum Er Rbia,1984-09-01,1984,9,0.00992026666666667,0.02571333120000001
OER_02,Sgatt,Oum Er Rbia,1984-10-01,1984,10,0.009074,0.024303801599999997
OER_02,Sgatt,Oum Er Rbia,1984-11-01,1984,11,0.0891240666666667,0.23100958080000009
OER_02,Sgatt,Oum Er Rbia,1984-12-01,1984,12,0.0110102580645161,0.029489875199999918
OER_02,Sgatt,Oum Er Rbia,1985-01-01,1985,1,4.009714,10.739617977599998
OER_02,Sgatt,Oum Er Rbia,1985-02-01,1985,2,1.53341260714286,3.7096317792000066
OER_02,Sgatt,Oum Er Rbia,1985-03-01,1985,3,0.530890451612903,1.4219369855999993
OER_02,Sgatt,Oum Er Rbia,1985-04-01,1985,4,0.1792149,0.4645250208000001
OER_02,Sgatt,Oum Er Rbia,1985-05-01,1985,5,0.700574774193548,1.8764194751999987
OER_02,Sgatt,Oum Er Rbia,1985-06-01,1985,6,0.0735537,0.19065119040000003
OER_02,Sgatt,Oum Er Rbia,1985-07-01,1985,7,0.000971870967741936,0.0026030592000000014
OER_02,Sgatt,Oum Er Rbia,1985-08-01,1985,8,0.0,0.0
OER_02,Sgatt,Oum Er Rbia,1985-09-01,1985,9,0.0,0.0
OER_02,Sgatt,Oum Er Rbia,1985-10-01,1985,10,0.0,0.0
OER_02,Sgatt,Oum Er Rbia,1985-11-01,1985,11,0.00229276666666667,0.0059428512000000095
OER_02,Sgatt,Oum Er Rbia,1985-12-01,1985,12,0.265367451612903,0.7107601823999994
OER_02,Sgatt,Oum Er Rbia,1986-01-01,1986,1,1.03159167741935,2.7630151487999877
OER_02,Sgatt,Oum Er Rbia,1986-02-01,1986,2,4.62412864285714,11.186692012799993
OER_02,Sgatt,Oum Er Rbia,1986-03-01,1986,3,4.30790667741935,11.538297244799988
OER_02,Sgatt,Oum Er Rbia,1986-04-01,1986,4,1.77732426666667,4.606824499200009
OER_02,Sgatt,Oum Er Rbia,1986-05-01,1986,5,0.179542225806452,0.48088589760000094
OER_02,Sgatt,Oum Er Rbia,1986-06-01,1986,6,2.03278436666667,5.268977078400009
OER_02,Sgatt,Oum Er Rbia,1986-07-01,1986,7,0.0330284516129032,0.08846340479999995
OER_02,Sgatt,Oum Er Rbia,1986-08-01,1986,8,0.260184387096774,0.6968778623999994
OER_02,Sgatt,Oum Er Rbia,1986-09-01,1986,9,0.0304279,0.0788691168
OER_02,Sgatt,Oum Er Rbia,1986-10-01,1986,10,0.430900193548387,1.1541230783999998
OER_02,Sgatt,Oum Er Rbia,1986-11-01,1986,11,0.169832933333333,0.44020696319999914
OER_02,Sgatt,Oum Er Rbia,1986-12-01,1986,12,0.0569332580645161,0.15249003839999994
OER_02,Sgatt,Oum Er Rbia,1987-01-01,1987,1,1.91963125806452,5.14154036160001
OER_02,Sgatt,Oum Er Rbia,1987-02-01,1987,2,21.3358832857143,51.61576884480004
OER_02,Sgatt,Oum Er Rbia,1987-03-01,1987,3,2.87597816129032,7.703019907199994
OER_02,Sgatt,Oum Er Rbia,1987-04-01,1987,4,0.448694966666667,1.1630173536000008
OER_02,Sgatt,Oum Er Rbia,1987-05-01,1987,5,0.09,0.241056
OER_02,Sgatt,Oum Er Rbia,1987-06-01,1987,6,12.0509174,31.2359779008
OER_02,Sgatt,Oum Er Rbia,1987-07-01,1987,7,0.101368548387097,0.2715055200000006
OER_02,Sgatt,Oum Er Rbia,1987-08-01,1987,8,0.277348451612903,0.7428500927999994
OER_02,Sgatt,Oum Er Rbia,1987-09-01,1987,9,0.384081866666667,0.9955401984000009
OER_02,Sgatt,Oum Er Rbia,1987-10-01,1987,10,0.474277032258065,1.2703036032000012
OER_02,Sgatt,Oum Er Rbia,1987-11-01,1987,11,0.383898566666667,0.9950650848000009
OER_02,Sgatt,Oum Er Rbia,1987-12-01,1987,12,0.331171870967742,0.8870107392000001
OER_02,Sgatt,Oum Er Rbia,1988-01-01,1988,1,4.49447235483871,12.037994755200002
OER_02,Sgatt,Oum Er Rbia,1988-02-01,1988,2,3.25133827586207,8.146553184000004
OER_02,Sgatt,Oum Er Rbia,1988-03-01,1988,3,1.30349306451613,3.4912758240000024
OER_02,Sgatt,Oum Er Rbia,1988-04-01,1988,4,0.0221568,0.05743042560000001
OER_02,Sgatt,Oum Er Rbia,1988-05-01,1988,5,0.00671861290322581,0.01799513280000001
OER_02,Sgatt,Oum Er Rbia,1988-06-01,1988,6,0.0042,0.0108864
OER_02,Sgatt,Oum Er Rbia,1988-07-01,1988,7,0.162169612903226,0.4343550912000005
OER_02,Sgatt,Oum Er Rbia,1988-08-01,1988,8,0.570252516129032,1.5273643391999996
OER_02,Sgatt,Oum Er Rbia,1988-09-01,1988,9,0.336940586206897,0.8733499994482771
OER_02,Sgatt,Oum Er Rbia,1988-10-01,1988,10,0.0334105806451613,0.08948689920000004
OER_02,Sgatt,Oum Er Rbia,1988-11-01,1988,11,5.1783618,13.422313785599998
OER_02,Sgatt,Oum Er Rbia,1988-12-01,1988,12,0.00707054838709677,0.01893775679999999
OER_02,Sgatt,Oum Er Rbia,1989-01-01,1989,1,0.00645,0.01727568
OER_02,Sgatt,Oum Er Rbia,1989-02-01,1989,2,0.136745785714286,0.3308154048000007
OER_02,Sgatt,Oum Er Rbia,1989-03-01,1989,3,0.79505664516129,2.1294797183999994
OER_02,Sgatt,Oum Er Rbia,1989-04-01,1989,4,9.0655772,23.4979761024
OER_02,Sgatt,Oum Er Rbia,1989-05-01,1989,5,0.416203580645161,1.1147596703999993
OER_02,Sgatt,Oum Er Rbia,1989-06-01,1989,6,0.0292947333333333,0.07593194879999991
OER_02,Sgatt,Oum Er Rbia,1989-07-01,1989,7,0.0451418709677419,0.12090798719999991
OER_02,Sgatt,Oum Er Rbia,1989-08-01,1989,8,4.51368548387097,12.089455200000005
OER_02,Sgatt,Oum Er Rbia,1989-09-01,1989,9,0.0103128666666667,0.026730950400000085
OER_02,Sgatt,Oum Er Rbia,1989-10-01,1989,10,0.135552258064516,0.36306316799999966
OER_02,Sgatt,Oum Er Rbia,1989-11-01,1989,11,0.161980033333333,0.4198522463999991
OER_02,Sgatt,Oum Er Rbia,1989-12-01,1989,12,0.0498217096774194,0.1334424672000001
OER_02,Sgatt,Oum Er Rbia,1990-01-01,1990,1,1.18902383870968,3.1846814496000073
OER_02,Sgatt,Oum Er Rbia,1990-02-01,1990,2,0.0888,0.21482496
OER_02,Sgatt,Oum Er Rbia,1990-03-01,1990,3,0.262150709677419,0.702144460799999
OER_02,Sgatt,Oum Er Rbia,1990-04-01,1990,4,0.133991366666667,0.3473056224000009
OER_02,Sgatt,Oum Er Rbia,1990-05-01,1990,5,0.0601742580645161,0.1611707327999999
OER_02,Sgatt,Oum Er Rbia,1990-06-01,1990,6,0.0111111333333333,0.028800057599999915
OER_02,Sgatt,Oum Er Rbia,1990-07-01,1990,7,0.0168052258064516,0.045011116799999966
OER_02,Sgatt,Oum Er Rbia,1990-08-01,1990,8,0.306284129032258,0.8203514111999998
OER_02,Sgatt,Oum Er Rbia,1990-09-01,1990,9,0.564969766666667,1.4644016352000009
OER_02,Sgatt,Oum Er Rbia,1990-10-01,1990,10,0.00816687096774193,0.021874147199999985
OER_02,Sgatt,Oum Er Rbia,1990-11-01,1990,11,0.00220443333333333,0.005713891199999991
OER_02,Sgatt,Oum Er Rbia,1990-12-01,1990,12,0.32710364516129,0.876114403199999
OER_02,Sgatt,Oum Er Rbia,1991-01-01,1991,1,0.0182782580645161,0.04895648639999992
OER_02,Sgatt,Oum Er Rbia,1991-02-01,1991,2,0.326541464285714,0.7899691103999993
OER_02,Sgatt,Oum Er Rbia,1991-03-01,1991,3,7.42287990322581,19.881441532800007
OER_02,Sgatt,Oum Er Rbia,1991-04-01,1991,4,2.27780223333333,5.90406338879999
OER_02,Sgatt,Oum Er Rbia,1991-05-01,1991,5,0.0232184193548387,0.062188214399999976
OER_02,Sgatt,Oum Er Rbia,1991-06-01,1991,6,0.00701423333333333,0.01818089279999999
OER_02,Sgatt,Oum Er Rbia,1991-07-01,1991,7,0.0272457741935484,0.07297508160000003
OER_02,Sgatt,Oum Er Rbia,1991-08-01,1991,8,2.89449193548387,7.752607199999997
OER_02,Sgatt,Oum Er Rbia,1991-09-01,1991,9,8.81151266666667,22.83944083200001
OER_02,Sgatt,Oum Er Rbia,1991-10-01,1991,10,0.197071677419355,0.5278367808000004
OER_02,Sgatt,Oum Er Rbia,1991-11-01,1991,11,0.1175708,0.3047435136
OER_02,Sgatt,Oum Er Rbia,1991-12-01,1991,12,0.107021225806452,0.2866456512000011
OER_02,Sgatt,Oum Er Rbia,1992-01-01,1992,1,0.1176,0.31497983999999996
OER_02,Sgatt,Oum Er Rbia,1992-02-01,1992,2,0.0817284482758621,0.2047788000000001
OER_02,Sgatt,Oum Er Rbia,1992-03-01,1992,3,0.185901096774194,0.49791749760000115
OER_02,Sgatt,Oum Er Rbia,1992-04-01,1992,4,2.38660253333333,6.186073766399991
OER_02,Sgatt,Oum Er Rbia,1992-05-01,1992,5,6.17883287096774,16.549385961599995
OER_02,Sgatt,Oum Er Rbia,1992-06-01,1992,6,0.00962883333333333,0.02495793599999999
OER_02,Sgatt,Oum Er Rbia,1992-07-01,1992,7,0.0638679032258064,0.17106379199999988
OER_02,Sgatt,Oum Er Rbia,1992-08-01,1992,8,3.7189554516129,9.960850281599994
OER_02,Sgatt,Oum Er Rbia,1992-09-01,1992,9,0.0746167333333333,0.19340657279999987
OER_02,Sgatt,Oum Er Rbia,1992-10-01,1992,10,0.0584165161290323,0.15646279680000014
OER_02,Sgatt,Oum Er Rbia,1992-11-01,1992,11,0.2698772,0.6995217024
OER_02,Sgatt,Oum Er Rbia,1992-12-01,1992,12,0.114037064516129,0.3054368735999999
OER_02,Sgatt,Oum Er Rbia,1993-01-01,1993,1,0.102145419354839,0.2735862912000008
OER_02,Sgatt,Oum Er Rbia,1993-02-01,1993,2,0.0891857142857143,0.21575808000000002
OER_02,Sgatt,Oum Er Rbia,1993-03-01,1993,3,4.3632115483871,11.686425811200008
OER_02,Sgatt,Oum Er Rbia,1993-04-01,1993,4,0.343641266666667,0.8907181632000007
OER_02,Sgatt,Oum Er Rbia,1993-05-01,1993,5,0.121989741935484,0.32673732480000034
OER_02,Sgatt,Oum Er Rbia,1993-06-01,1993,6,0.0389168666666667,0.10087251840000008
OER_02,Sgatt,Oum Er Rbia,1993-07-01,1993,7,0.034267,0.0917807328
OER_02,Sgatt,Oum Er Rbia,1993-08-01,1993,8,0.034267,0.0917807328
OER_02,Sgatt,Oum Er Rbia,1993-09-01,1993,9,0.034267,0.08882006399999999
OER_02,Sgatt,Oum Er Rbia,1993-10-01,1993,10,0.034267,0.0917807328
OER_02,Sgatt,Oum Er Rbia,1993-11-01,1993,11,0.967540833333333,2.507865839999999
OER_02,Sgatt,Oum Er Rbia,1993-12-01,1993,12,0.377582225806452,1.011316233600001
OER_02,Sgatt,Oum Er Rbia,1994-01-01,1994,1,0.937149741935484,2.5100618688000003
OER_02,Sgatt,Oum Er Rbia,1994-02-01,1994,2,10.8433743571429,26.232291244800106
OER_02,Sgatt,Oum Er Rbia,1994-03-01,1994,3,8.32620306451613,22.300902288000007
OER_02,Sgatt,Oum Er Rbia,1994-04-01,1994,4,0.6804176,1.7636424192
OER_02,Sgatt,Oum Er Rbia,1994-05-01,1994,5,0.0447315483870968,0.1198089792000001
OER_02,Sgatt,Oum Er Rbia,1994-06-01,1994,6,0.0236268333333333,0.061240751999999905
OER_02,Sgatt,Oum Er Rbia,1994-07-01,1994,7,0.021667,0.05803289279999999
OER_02,Sgatt,Oum Er Rbia,1994-08-01,1994,8,2.38521274193548,6.3885538079999895
OER_02,Sgatt,Oum Er Rbia,1994-09-01,1994,9,0.0383335333333333,0.09936051839999992
OER_02,Sgatt,Oum Er Rbia,1994-10-01,1994,10,0.0333355806451613,0.08928601920000002
OER_02,Sgatt,Oum Er Rbia,1994-11-01,1994,11,0.0285268,0.07394146559999999
OER_02,Sgatt,Oum Er Rbia,1994-12-01,1994,12,0.0168968387096774,0.04525649279999995
OER_02,Sgatt,Oum Er Rbia,1995-01-01,1995,1,0.111624096774194,0.29897398080000126
OER_02,Sgatt,Oum Er Rbia,1995-02-01,1995,2,0.360715607142857,0.8726431967999997
OER_02,Sgatt,Oum Er Rbia,1995-03-01,1995,3,0.556064419354839,1.4893629408000006
OER_02,Sgatt,Oum Er Rbia,1995-04-01,1995,4,3.44186123333333,8.921304316799992
OER_02,Sgatt,Oum Er Rbia,1995-05-01,1995,5,0.0900311935483871,0.2411395488
OER_02,Sgatt,Oum Er Rbia,1995-06-01,1995,6,0.0086717,0.022477046399999995
OER_02,Sgatt,Oum Er Rbia,1995-07-01,1995,7,0.00502690322580645,0.013464057599999994
OER_02,Sgatt,Oum Er Rbia,1995-08-01,1995,8,0.0626202258064516,0.16772201279999996
OER_02,Sgatt,Oum Er Rbia,1995-09-01,1995,9,0.0121473666666667,0.03148597440000009
OER_02,Sgatt,Oum Er Rbia,1995-10-01,1995,10,0.143307903225806,0.38383588799999874
OER_02,Sgatt,Oum Er Rbia,1995-11-01,1995,11,0.0191823666666667,0.04972069440000008
OER_02,Sgatt,Oum Er Rbia,1995-12-01,1995,12,1.56371712903226,4.188259958400005
OER_02,Sgatt,Oum Er Rbia,1996-01-01,1996,1,7.937276,21.2592000384
OER_02,Sgatt,Oum Er Rbia,1996-02-01,1996,2,12.1085975862069,30.339302112000006
OER_02,Sgatt,Oum Er Rbia,1996-03-01,1996,3,26.3736586451613,70.63920731520003
OER_02,Sgatt,Oum Er Rbia,1996-04-01,1996,4,0.8679978,2.2498502976
OER_02,Sgatt,Oum Er Rbia,1996-05-01,1996,5,0.445557516129032,1.1933812511999993
OER_02,Sgatt,Oum Er Rbia,1996-06-01,1996,6,20.5554074333333,53.27961606719992
OER_02,Sgatt,Oum Er Rbia,1996-07-01,1996,7,0.727754096774194,1.949216572800001
OER_02,Sgatt,Oum Er Rbia,1996-08-01,1996,8,0.241934419354839,0.6479971488000008
OER_02,Sgatt,Oum Er Rbia,1996-09-01,1996,9,0.2444,0.6334848
OER_02,Sgatt,Oum Er Rbia,1996-10-01,1996,10,0.271942548387097,0.7283709216000007
OER_02,Sgatt,Oum Er Rbia,1996-11-01,1996,11,2.16856633333333,5.620923935999992
OER_02,Sgatt,Oum Er Rbia,1996-12-01,1996,12,2.23171887096774,5.977435823999995
OER_02,Sgatt,Oum Er Rbia,1997-01-01,1997,1,6.09470532258065,16.324058736000012
OER_02,Sgatt,Oum Er Rbia,1997-02-01,1997,2,1.26348153571429,3.0566145312000104
OER_02,Sgatt,Oum Er Rbia,1997-03-01,1997,3,0.265744387096774,0.7117697663999994
OER_02,Sgatt,Oum Er Rbia,1997-04-01,1997,4,9.60007553333333,24.883395782399994
OER_02,Sgatt,Oum Er Rbia,1997-05-01,1997,5,0.445319612903226,1.1927440512000005
OER_02,Sgatt,Oum Er Rbia,1997-06-01,1997,6,0.0136148,0.0352895616
OER_02,Sgatt,Oum Er Rbia,1997-07-01,1997,7,0.00501390322580645,0.013429238399999996
OER_02,Sgatt,Oum Er Rbia,1997-08-01,1997,8,0.315963677419355,0.8462771136000005
OER_02,Sgatt,Oum Er Rbia,1997-09-01,1997,9,11.2671064666667,29.204339961600088
OER_02,Sgatt,Oum Er Rbia,1997-10-01,1997,10,0.168855064516129,0.4522614047999999
OER_02,Sgatt,Oum Er Rbia,1997-11-01,1997,11,2.32946506666667,6.037973452800008
OER_02,Sgatt,Oum Er Rbia,1997-12-01,1997,12,3.71134883870968,9.940476729600007
OER_02,Sgatt,Oum Er Rbia,1998-01-01,1998,1,1.43526132258065,3.8442039264000134
OER_02,Sgatt,Oum Er Rbia,1998-02-01,1998,2,1.61308560714286,3.902376700800007
OER_02,Sgatt,Oum Er Rbia,1998-03-01,1998,3,0.175855032258065,0.47101011840000134
OER_02,Sgatt,Oum Er Rbia,1998-04-01,1998,4,0.0675013333333333,0.17496345599999988
OER_02,Sgatt,Oum Er Rbia,1998-05-01,1998,5,0.0559272258064516,0.14979548159999997
OER_02,Sgatt,Oum Er Rbia,1998-06-01,1998,6,0.0896208,0.2322971136
OER_02,Sgatt,Oum Er Rbia,1998-07-01,1998,7,0.0252107741935484,0.06752453760000005
OER_02,Sgatt,Oum Er Rbia,1998-08-01,1998,8,0.0277299677419355,0.07427194560000006
OER_02,Sgatt,Oum Er Rbia,1998-09-01,1998,9,0.0182,0.0471744
OER_02,Sgatt,Oum Er Rbia,1998-10-01,1998,10,0.0295333548387097,0.07910213760000007
OER_02,Sgatt,Oum Er Rbia,1998-11-01,1998,11,0.0182,0.0471744
OER_02,Sgatt,Oum Er Rbia,1998-12-01,1998,12,0.0337726451612903,0.09045665279999994
OER_02,Sgatt,Oum Er Rbia,1999-01-01,1999,1,1.12357838709677,3.0093923519999883
OER_02,Sgatt,Oum Er Rbia,1999-02-01,1999,2,1.03189260714286,2.4963545952000072
OER_02,Sgatt,Oum Er Rbia,1999-03-01,1999,3,3.10828519354839,8.325231062400007
OER_02,Sgatt,Oum Er Rbia,1999-04-01,1999,4,0.6562257,1.7009370144
OER_02,Sgatt,Oum Er Rbia,1999-05-01,1999,5,0.100057935483871,0.2679951744000001
OER_02,Sgatt,Oum Er Rbia,1999-06-01,1999,6,0.0195540333333333,0.05068405439999992
OER_02,Sgatt,Oum Er Rbia,1999-07-01,1999,7,0.0182,0.048746880000000006
OER_02,Sgatt,Oum Er Rbia,1999-08-01,1999,8,0.0356737419354839,0.09554855040000007
OER_02,Sgatt,Oum Er Rbia,1999-09-01,1999,9,0.0183744333333333,0.04762653119999991
OER_02,Sgatt,Oum Er Rbia,1999-10-01,1999,10,0.521681,1.3972703903999997
OER_02,Sgatt,Oum Er Rbia,1999-11-01,1999,11,0.108846366666667,0.28212978240000086
OER_02,Sgatt,Oum Er Rbia,1999-12-01,1999,12,0.533563806451613,1.4290972992000002
OER_02,Sgatt,Oum Er Rbia,2000-01-01,2000,1,0.101628967741935,0.2722030271999987
OER_02,Sgatt,Oum Er Rbia,2000-02-01,2000,2,0.0352781034482759,0.08839281600000011
OER_02,Sgatt,Oum Er Rbia,2000-03-01,2000,3,0.00731916129032258,0.019603641599999996
OER_02,Sgatt,Oum Er Rbia,2000-04-01,2000,4,0.804907166666667,2.086319376000001
OER_02,Sgatt,Oum Er Rbia,2000-05-01,2000,5,0.0159397741935484,0.04269309120000003
OER_02,Sgatt,Oum Er Rbia,2000-06-01,2000,6,0.008675,0.0224856
OER_02,Sgatt,Oum Er Rbia,2000-07-01,2000,7,0.008675,0.02323512
OER_02,Sgatt,Oum Er Rbia,2000-08-01,2000,8,0.0342934838709677,0.09185166719999989
OER_02,Sgatt,Oum Er Rbia,2000-09-01,2000,9,0.0100653666666667,0.02608943040000009
OER_02,Sgatt,Oum Er Rbia,2000-10-01,2000,10,0.184146290322581,0.4932174240000009
OER_02,Sgatt,Oum Er Rbia,2000-11-01,2000,11,0.0550424666666667,0.14267007360000009
OER_02,Sgatt,Oum Er Rbia,2000-12-01,2000,12,2.731469,7.3159665696000005
OER_02,Sgatt,Oum Er Rbia,2001-01-01,2001,1,1.88915516129032,5.059913183999993
OER_02,Sgatt,Oum Er Rbia,2001-02-01,2001,2,0.525845607142857,1.2721256927999995
OER_02,Sgatt,Oum Er Rbia,2001-03-01,2001,3,0.133212516129032,0.3567964031999993
OER_02,Sgatt,Oum Er Rbia,2001-04-01,2001,4,0.0493262333333333,0.1278535967999999
OER_02,Sgatt,Oum Er Rbia,2001-05-01,2001,5,0.029118,0.07798965120000001
OER_02,Sgatt,Oum Er Rbia,2001-06-01,2001,6,0.0182,0.0471744
OER_02,Sgatt,Oum Er Rbia,2001-07-01,2001,7,0.0182,0.048746880000000006
OER_02,Sgatt,Oum Er Rbia,2001-08-01,2001,8,0.267034387096774,0.7152249023999995
OER_02,Sgatt,Oum Er Rbia,2001-09-01,2001,9,0.0405088666666667,0.1049989824000001
OER_02,Sgatt,Oum Er Rbia,2001-10-01,2001,10,0.04,0.107136
OER_02,Sgatt,Oum Er Rbia,2001-11-01,2001,11,0.0418330666666667,0.10843130880000008
OER_02,Sgatt,Oum Er Rbia,2001-12-01,2001,12,0.126541548387097,0.3389288832000006
OER_02,Sgatt,Oum Er Rbia,2002-01-01,2002,1,0.0406646451612903,0.10891618559999995
OER_02,Sgatt,Oum Er Rbia,2002-02-01,2002,2,0.0480355714285714,0.11620765439999993
OER_02,Sgatt,Oum Er Rbia,2002-03-01,2002,3,0.464215612903226,1.2433550976000005
OER_02,Sgatt,Oum Er Rbia,2002-04-01,2002,4,5.94375503333333,15.406213046399992
OER_02,Sgatt,Oum Er Rbia,2002-05-01,2002,5,0.395397,1.0590313248
OER_02,Sgatt,Oum Er Rbia,2002-06-01,2002,6,0.0502094333333333,0.13014285119999994
OER_02,Sgatt,Oum Er Rbia,2002-07-01,2002,7,0.0301900322580645,0.08086098239999995
OER_02,Sgatt,Oum Er Rbia,2002-08-01,2002,8,0.0985721290322581,0.2640155904000001
OER_02,Sgatt,Oum Er Rbia,2002-09-01,2002,9,0.293028466666667,0.7595297856000008
OER_02,Sgatt,Oum Er Rbia,2002-10-01,2002,10,0.0683646451612903,0.18310786559999992
OER_02,Sgatt,Oum Er Rbia,2002-11-01,2002,11,8.46034086666667,21.929203526400006
OER_02,Sgatt,Oum Er Rbia,2002-12-01,2002,12,0.26775,0.7171415999999999
OER_02,Sgatt,Oum Er Rbia,2003-01-01,2003,1,0.904166709677419,2.421720115199999
OER_02,Sgatt,Oum Er Rbia,2003-02-01,2003,2,0.297691678571429,0.720175708800001
OER_02,Sgatt,Oum Er Rbia,2003-03-01,2003,3,0.706948096774194,1.8934897824000012
OER_02,Sgatt,Oum Er Rbia,2003-04-01,2003,4,0.352416566666667,0.9134637408000008
OER_02,Sgatt,Oum Er Rbia,2003-05-01,2003,5,0.106542935483871,0.28536459840000006
OER_02,Sgatt,Oum Er Rbia,2003-06-01,2003,6,0.181829566666667,0.4713022368000009
OER_02,Sgatt,Oum Er Rbia,2003-07-01,2003,7,0.0922,0.24694848
OER_02,Sgatt,Oum Er Rbia,2003-08-01,2003,8,0.0920437096774194,0.24652987200000012
OER_02,Sgatt,Oum Er Rbia,2003-09-01,2003,9,0.0809332333333333,0.20977894079999992
OER_02,Sgatt,Oum Er Rbia,2003-10-01,2003,10,0.198451580645161,0.5315327135999992
OER_02,Sgatt,Oum Er Rbia,2003-11-01,2003,11,9.0770955,23.527831535999997
OER_02,Sgatt,Oum Er Rbia,2003-12-01,2003,12,6.79620661290323,18.202959792000012
OER_02,Sgatt,Oum Er Rbia,2004-01-01,2004,1,0.166010612903226,0.4446428256000005
OER_02,Sgatt,Oum Er Rbia,2004-02-01,2004,2,0.386232103448276,0.9677431584000005
OER_02,Sgatt,Oum Er Rbia,2004-03-01,2004,3,2.26953519354839,6.078723062400008
OER_02,Sgatt,Oum Er Rbia,2004-04-01,2004,4,0.294705166666667,0.763875792000001
OER_02,Sgatt,Oum Er Rbia,2004-05-01,2004,5,7.65867616129032,20.512998230399994
OER_02,Sgatt,Oum Er Rbia,2004-06-01,2004,6,0.701959466666667,1.8194789376000007
OER_02,Sgatt,Oum Er Rbia,2004-07-01,2004,7,0.0703690322580645,0.18847641599999995
OER_02,Sgatt,Oum Er Rbia,2004-08-01,2004,8,0.0732974193548387,0.19631980799999998
OER_02,Sgatt,Oum Er Rbia,2004-09-01,2004,9,0.0278,0.07205759999999999
OER_02,Sgatt,Oum Er Rbia,2004-10-01,2004,10,0.127264935483871,0.34086640320000006
OER_02,Sgatt,Oum Er Rbia,2004-11-01,2004,11,0.239701366666667,0.6213059424000009
OER_02,Sgatt,Oum Er Rbia,2004-12-01,2004,12,0.829778806451613,2.2224795551999996
OER_02,Sgatt,Oum Er Rbia,2005-01-01,2005,1,1.18166135483871,3.164961772800001
OER_02,Sgatt,Oum Er Rbia,2005-02-01,2005,2,0.973115892857143,2.3541619680000005
OER_02,Sgatt,Oum Er Rbia,2005-03-01,2005,3,4.15892719354839,11.13927059520001
OER_02,Sgatt,Oum Er Rbia,2005-04-01,2005,4,0.100452633333333,0.26037322559999915
OER_02,Sgatt,Oum Er Rbia,2005-05-01,2005,5,0.0239174838709677,0.06406058879999989
OER_02,Sgatt,Oum Er Rbia,2005-06-01,2005,6,0.4249903,1.1015748576
OER_02,Sgatt,Oum Er Rbia,2005-07-01,2005,7,0.0114377096774194,0.030634761600000122
OER_02,Sgatt,Oum Er Rbia,2005-08-01,2005,8,8.0312914516129,21.511011023999988
OER_02,Sgatt,Oum Er Rbia,2005-09-01,2005,9,1.4583623,3.7800750815999997
OER_02,Sgatt,Oum Er Rbia,2005-10-01,2005,10,0.816615838709677,2.187223862399999
OER_02,Sgatt,Oum Er Rbia,2005-11-01,2005,11,0.4092758,1.0608428736
OER_02,Sgatt,Oum Er Rbia,2005-12-01,2005,12,0.255135967741935,0.6833561759999986
OER_02,Sgatt,Oum Er Rbia,2006-01-01,2006,1,1.52938377419355,4.0963015008000045
OER_02,Sgatt,Oum Er Rbia,2006-02-01,2006,2,5.41264585714286,13.094272857600007
OER_02,Sgatt,Oum Er Rbia,2006-03-01,2006,3,4.56724438709677,12.23290736639999
OER_02,Sgatt,Oum Er Rbia,2006-04-01,2006,4,1.30255496666667,3.376222473600009
OER_02,Sgatt,Oum Er Rbia,2006-05-01,2006,5,0.898374838709677,2.406207167999999
OER_02,Sgatt,Oum Er Rbia,2006-06-01,2006,6,0.195444066666667,0.5065910208000008
OER_02,Sgatt,Oum Er Rbia,2006-07-01,2006,7,1.40754661290323,3.7699728480000108
OER_02,Sgatt,Oum Er Rbia,2006-08-01,2006,8,1.36087025806452,3.6449548992000103
OER_02,Sgatt,Oum Er Rbia,2006-09-01,2006,9,0.580317666666667,1.5041833920000007
OER_02,Sgatt,Oum Er Rbia,2006-10-01,2006,10,0.514092806451613,1.3769461728000003
OER_02,Sgatt,Oum Er Rbia,2006-11-01,2006,11,1.748306,4.531609152
OER_02,Sgatt,Oum Er Rbia,2006-12-01,2006,12,0.297315709677419,0.7963303967999991
OER_02,Sgatt,Oum Er Rbia,2007-01-01,2007,1,0.281511451612903,0.7540002719999993
OER_02,Sgatt,Oum Er Rbia,2007-02-01,2007,2,0.264573714285714,0.6400567295999994
OER_02,Sgatt,Oum Er Rbia,2007-03-01,2007,3,0.0713036451612903,0.19097968319999992
OER_02,Sgatt,Oum Er Rbia,2007-04-01,2007,4,1.36505433333333,3.5382208319999915
OER_02,Sgatt,Oum Er Rbia,2007-05-01,2007,5,0.300399290322581,0.804589459200001
OER_02,Sgatt,Oum Er Rbia,2007-06-01,2007,6,0.0593395666666667,0.1538081568000001
OER_02,Sgatt,Oum Er Rbia,2007-07-01,2007,7,0.0548,0.14677632000000002
OER_02,Sgatt,Oum Er Rbia,2007-08-01,2007,8,1.7569534516129,4.7058241247999915
OER_02,Sgatt,Oum Er Rbia,2007-09-01,2007,9,0.0865702666666667,0.22439013120000006
OER_02,Sgatt,Oum Er Rbia,2007-10-01,2007,10,0.192284129032258,0.5150138111999999
OER_02,Sgatt,Oum Er Rbia,2007-11-01,2007,11,0.6806424,1.7642251007999998
OER_02,Sgatt,Oum Er Rbia,2007-12-01,2007,12,0.540592709677419,1.447923513599999
OER_02,Sgatt,Oum Er Rbia,2008-01-01,2008,1,3.46157558064516,9.271484035199997
OER_02,Sgatt,Oum Er Rbia,2008-02-01,2008,2,0.430002586206897,1.0774144800000012
OER_02,Sgatt,Oum Er Rbia,2008-03-01,2008,3,0.152081032258065,0.40733383680000135
OER_02,Sgatt,Oum Er Rbia,2008-04-01,2008,4,0.0486449666666667,0.12608775360000007
OER_02,Sgatt,Oum Er Rbia,2008-05-01,2008,5,0.0350942580645161,0.09399646079999992
OER_02,Sgatt,Oum Er Rbia,2008-06-01,2008,6,0.0300009333333333,0.0777624191999999
OER_02,Sgatt,Oum Er Rbia,2008-07-01,2008,7,0.0621925806451613,0.16657660800000001
OER_02,Sgatt,Oum Er Rbia,2008-08-01,2008,8,0.147826064516129,0.39593733119999996
OER_02,Sgatt,Oum Er Rbia,2008-09-01,2008,9,1.75826773333333,4.557429964799992
OER_02,Sgatt,Oum Er Rbia,2008-10-01,2008,10,4.43746538709677,11.885307292799988
OER_02,Sgatt,Oum Er Rbia,2008-11-01,2008,11,7.05447983333333,18.285211727999993
OER_02,Sgatt,Oum Er Rbia,2008-12-01,2008,12,3.70800877419355,9.931530700800005
OER_02,Sgatt,Oum Er Rbia,2009-01-01,2009,1,1.56955564516129,4.203897839999999
OER_02,Sgatt,Oum Er Rbia,2009-02-01,2009,2,10.0120860357143,24.22123853760003
OER_02,Sgatt,Oum Er Rbia,2009-03-01,2009,3,0.796952580645161,2.134557791999999
OER_02,Sgatt,Oum Er Rbia,2009-04-01,2009,4,0.0472039666666667,0.12235268160000008
OER_02,Sgatt,Oum Er Rbia,2009-05-01,2009,5,0.00653158064516129,0.0174941856
OER_02,Sgatt,Oum Er Rbia,2009-06-01,2009,6,0.00702723333333333,0.01821458879999999
OER_02,Sgatt,Oum Er Rbia,2009-07-01,2009,7,0.00505109677419355,0.013528857600000005
OER_02,Sgatt,Oum Er Rbia,2009-08-01,2009,8,0.00919054838709677,0.024615964799999987
OER_02,Sgatt,Oum Er Rbia,2009-09-01,2009,9,3.25953496666667,8.448714633600009
OER_02,Sgatt,Oum Er Rbia,2009-10-01,2009,10,1.67409641935484,4.483899849600003
OER_02,Sgatt,Oum Er Rbia,2009-11-01,2009,11,0.0545644333333333,0.14143101119999993
OER_02,Sgatt,Oum Er Rbia,2009-12-01,2009,12,0.866752161290323,2.321508988800001
OER_02,Sgatt,Oum Er Rbia,2010-01-01,2010,1,5.09416616129032,13.644214646399993
OER_02,Sgatt,Oum Er Rbia,2010-02-01,2010,2,8.07122378571429,19.52590458240001
OER_02,Sgatt,Oum Er Rbia,2010-03-01,2010,3,13.1671405483871,35.2668692448
OER_02,Sgatt,Oum Er Rbia,2010-04-01,2010,4,1.24368156666667,3.223622620800009
OER_02,Sgatt,Oum Er Rbia,2010-05-01,2010,5,0.0230809032258065,0.06181989120000013
OER_02,Sgatt,Oum Er Rbia,2010-06-01,2010,6,0.009283,0.024061536
OER_02,Sgatt,Oum Er Rbia,2010-07-01,2010,7,0.00894,0.023944896
OER_02,Sgatt,Oum Er Rbia,2010-08-01,2010,8,0.0334526129032258,0.08959947839999997
OER_02,Sgatt,Oum Er Rbia,2010-09-01,2010,9,0.00844693333333333,0.02189445119999999
OER_02,Sgatt,Oum Er Rbia,2010-10-01,2010,10,1.27257132258065,3.408455030400013
OER_02,Sgatt,Oum Er Rbia,2010-11-01,2010,11,0.592433566666667,1.535587804800001
OER_02,Sgatt,Oum Er Rbia,2010-12-01,2010,12,1.2752294516129,3.415574563199991
OER_02,Sgatt,Oum Er Rbia,2011-01-01,2011,1,0.0661816774193548,0.1772610047999999
OER_02,Sgatt,Oum Er Rbia,2011-02-01,2011,2,0.239010285714286,0.5782136832000008
OER_02,Sgatt,Oum Er Rbia,2011-03-01,2011,3,0.950697709677419,2.5463487455999987
OER_02,Sgatt,Oum Er Rbia,2011-04-01,2011,4,0.0918546,0.23808712319999997
OER_02,Sgatt,Oum Er Rbia,2011-05-01,2011,5,5.58322832258064,14.954118739199984
OER_02,Sgatt,Oum Er Rbia,2011-06-01,2011,6,4.2634752,11.0509277184
OER_02,Sgatt,Oum Er Rbia,2011-07-01,2011,7,0.489098870967742,1.3100024160000001
OER_02,Sgatt,Oum Er Rbia,2011-08-01,2011,8,5.76203174193548,15.433025817599988
OER_02,Sgatt,Oum Er Rbia,2011-09-01,2011,9,0.0147536333333333,0.03824141759999991
OER_02,Sgatt,Oum Er Rbia,2011-10-01,2011,10,15.478197516129,41.45680422719991
OER_02,Sgatt,Oum Er Rbia,2011-11-01,2011,11,12.6191593333333,32.70886099199991
OER_02,Sgatt,Oum Er Rbia,2011-12-01,2011,12,0.402792870967742,1.0788404256000002
OER_02,Sgatt,Oum Er Rbia,2012-01-01,2012,1,0.394722,1.0572234048000002
OER_02,Sgatt,Oum Er Rbia,2012-02-01,2012,2,0.989651103448276,2.4796698048
OER_02,Sgatt,Oum Er Rbia,2012-03-01,2012,3,0.731865903225806,1.9602296351999988
OER_02,Sgatt,Oum Er Rbia,2012-04-01,2012,4,5.6039991,14.5255656672
OER_02,Sgatt,Oum Er Rbia,2012-05-01,2012,5,0.150922774193548,0.4042315583999989
OER_02,Sgatt,Oum Er Rbia,2012-06-01,2012,6,0.0314156,0.0814292352
OER_02,Sgatt,Oum Er Rbia,2012-07-01,2012,7,0.0135645161290323,0.036331200000000105
OER_02,Sgatt,Oum Er Rbia,2012-08-01,2012,8,0.244892548387097,0.6559202016000006
OER_02,Sgatt,Oum Er Rbia,2012-09-01,2012,9,0.1073404,0.27822631680000004
OER_02,Sgatt,Oum Er Rbia,2012-10-01,2012,10,0.857365483870968,2.296367712000001
OER_02,Sgatt,Oum Er Rbia,2012-11-01,2012,11,14.1961824,36.7965047808
OER_02,Sgatt,Oum Er Rbia,2012-12-01,2012,12,12.4607651935484,33.37491349440003
OER_02,Sgatt,Oum Er Rbia,2013-01-01,2013,1,11.5035127419355,30.811008528000045
OER_02,Sgatt,Oum Er Rbia,2013-02-01,2013,2,12.2651263214286,29.67179359680007
OER_02,Sgatt,Oum Er Rbia,2013-03-01,2013,3,14.3291862258065,38.37929238720013
OER_02,Sgatt,Oum Er Rbia,2013-04-01,2013,4,11.4580496,29.6992645632
OER_02,Sgatt,Oum Er Rbia,2013-05-01,2013,5,0.199418129032258,0.5341215167999998
OER_02,Sgatt,Oum Er Rbia,2013-06-01,2013,6,0.0714935,0.18531115199999998
OER_02,Sgatt,Oum Er Rbia,2013-07-01,2013,7,0.166796967741935,0.4467489983999987
OER_02,Sgatt,Oum Er Rbia,2013-08-01,2013,8,0.179358387096774,0.4803935039999995
OER_02,Sgatt,Oum Er Rbia,2013-09-01,2013,9,11.9153736333333,30.884648457599912
OER_02,Sgatt,Oum Er Rbia,2013-10-01,2013,10,0.0482656774193548,0.1292747903999999
OER_02,Sgatt,Oum Er Rbia,2013-11-01,2013,11,0.0163697,0.04243026240000001
OER_02,Sgatt,Oum Er Rbia,2013-12-01,2013,12,0.0291464193548387,0.07806576959999997
OER_02,Sgatt,Oum Er Rbia,2014-01-01,2014,1,0.157708548387097,0.4224065760000006
OER_02,Sgatt,Oum Er Rbia,2014-02-01,2014,2,1.39708207142857,3.3798209471999967
OER_02,Sgatt,Oum Er Rbia,2014-03-01,2014,3,0.500031193548387,1.3392835487999994
OER_02,Sgatt,Oum Er Rbia,2014-04-01,2014,4,1.37846886666667,3.5729913024000086
OER_02,Sgatt,Oum Er Rbia,2014-05-01,2014,5,0.0147753870967742,0.03957439680000002
OER_02,Sgatt,Oum Er Rbia,2014-06-01,2014,6,0.0051328,0.0133042176
OER_02,Sgatt,Oum Er Rbia,2014-07-01,2014,7,0.00712777419354839,0.019091030400000007
OER_02,Sgatt,Oum Er Rbia,2014-08-01,2014,8,0.008,0.0214272
OER_02,Sgatt,Oum Er Rbia,2014-09-01,2014,9,0.008,0.020736
OER_02,Sgatt,Oum Er Rbia,2014-10-01,2014,10,0.008,0.0214272
OER_02,Sgatt,Oum Er Rbia,2014-11-01,2014,11,7.930759,20.556527328
OER_02,Sgatt,Oum Er Rbia,2014-12-01,2014,12,4.70054164516129,12.5899307424
OER_02,Sgatt,Oum Er Rbia,2015-01-01,2015,1,2.74063451612903,7.340515487999994
OER_02,Sgatt,Oum Er Rbia,2015-02-01,2015,2,1.34908,3.263694336
OER_02,Sgatt,Oum Er Rbia,2015-03-01,2015,3,10.0860204193548,27.014397091199896
OER_02,Sgatt,Oum Er Rbia,2015-04-01,2015,4,3.87337556666667,10.039789468800008
OER_02,Sgatt,Oum Er Rbia,2015-05-01,2015,5,4.57094203225806,12.242811139199986
OER_02,Sgatt,Oum Er Rbia,2015-06-01,2015,6,0.256187433333333,0.6640378271999992
OER_02,Sgatt,Oum Er Rbia,2015-07-01,2015,7,0.882599612903226,2.3639548032000004
OER_02,Sgatt,Oum Er Rbia,2015-08-01,2015,8,2.8336005483871,7.5895157088000085
OER_02,Sgatt,Oum Er Rbia,2015-09-01,2015,9,1.5831515,4.103528688
OER_02,Sgatt,Oum Er Rbia,2015-10-01,2015,10,2.86436977419355,7.671928003200005
OER_02,Sgatt,Oum Er Rbia,2015-11-01,2015,11,0.124102266666667,0.3216730752000009
OER_02,Sgatt,Oum Er Rbia,2015-12-01,2015,12,0.0834786451612903,0.22358920319999995
OER_02,Sgatt,Oum Er Rbia,2016-01-01,2016,1,0.11670035483871,0.3125702304000008
OER_02,Sgatt,Oum Er Rbia,2016-02-01,2016,2,0.0883827586206897,0.22145184000000012
OER_02,Sgatt,Oum Er Rbia,2016-03-01,2016,3,4.59996719354839,12.320552131200008
OER_02,Sgatt,Oum Er Rbia,2016-04-01,2016,4,1.36876706666667,3.5478442368000085
OER_02,Sgatt,Oum Er Rbia,2016-05-01,2016,5,0.272122903225806,0.7288539839999988
OER_02,Sgatt,Oum Er Rbia,2016-06-01,2016,6,0.0484486666666667,0.12557894400000008
OER_02,Sgatt,Oum Er Rbia,2016-07-01,2016,7,0.0371176774193548,0.0994159871999999
OER_02,Sgatt,Oum Er Rbia,2016-08-01,2016,8,2.29322903225806,6.142184639999988
OER_02,Sgatt,Oum Er Rbia,2016-09-01,2016,9,0.094509,0.244967328
OER_02,Sgatt,Oum Er Rbia,2016-10-01,2016,10,0.198089709677419,0.5305634783999991
OER_02,Sgatt,Oum Er Rbia,2016-11-01,2016,11,0.720731533333333,1.868136134399999
OER_02,Sgatt,Oum Er Rbia,2016-12-01,2016,12,1.38731483870968,3.7157840640000073
OER_02,Sgatt,Oum Er Rbia,2017-01-01,2017,1,0.244249967741935,0.6541991135999986
OER_02,Sgatt,Oum Er Rbia,2017-02-01,2017,2,0.294891428571429,0.7134013440000012
OER_02,Sgatt,Oum Er Rbia,2017-03-01,2017,3,0.375648225806452,1.0061362080000011
OER_02,Sgatt,Oum Er Rbia,2017-04-01,2017,4,0.754192266666667,1.954866355200001
OER_02,Sgatt,Oum Er Rbia,2017-05-01,2017,5,0.0652458709677419,0.1747545407999999
OER_02,Sgatt,Oum Er Rbia,2017-06-01,2017,6,0.0347890666666667,0.09017326080000009
OER_02,Sgatt,Oum Er Rbia,2017-07-01,2017,7,1.62250812903226,4.345725772800005
OER_02,Sgatt,Oum Er Rbia,2017-08-01,2017,8,1.84489038709677,4.941354412799988
OER_02,Sgatt,Oum Er Rbia,2017-09-01,2017,9,0.0040187,0.0104164704
OER_02,Sgatt,Oum Er Rbia,2017-10-01,2017,10,0.0363350322580645,0.09731975039999995
OER_02,Sgatt,Oum Er Rbia,2017-11-01,2017,11,0.183506166666667,0.47564798400000086
OER_02,Sgatt,Oum Er Rbia,2017-12-01,2017,12,0.0334573548387097,0.08961217920000007
OER_02,Sgatt,Oum Er Rbia,2018-01-01,2018,1,0.240442967741935,0.6440024447999987
OER_02,Sgatt,Oum Er Rbia,2018-02-01,2018,2,2.73721696428571,6.621875279999989
OER_02,Sgatt,Oum Er Rbia,2018-03-01,2018,3,12.0820445483871,32.36054811840001
OER_02,Sgatt,Oum Er Rbia,2018-04-01,2018,4,1.1403767,2.9558564063999997
OER_02,Sgatt,Oum Er Rbia,2018-05-01,2018,5,2.85483793548387,7.646397926399997
OER_02,Sgatt,Oum Er Rbia,2018-06-01,2018,6,0.2297336,0.5954694912
OER_02,Sgatt,Oum Er Rbia,2018-07-01,2018,7,0.0730523548387097,0.19566342720000007
OER_02,Sgatt,Oum Er Rbia,2018-08-01,2018,8,0.556588161290323,1.490765731200001
OER_02,Sgatt,Oum Er Rbia,2018-09-01,2018,9,4.4360054,11.4981259968
OER_02,Sgatt,Oum Er Rbia,2018-10-01,2018,10,8.78446232258064,23.528303884799993
OER_02,Sgatt,Oum Er Rbia,2018-11-01,2018,11,2.57115923333333,6.664444732799991
OER_02,Sgatt,Oum Er Rbia,2018-12-01,2018,12,0.459935516129032,1.2318912863999991
OER_02,Sgatt,Oum Er Rbia,2019-01-01,2019,1,0.0495632903225806,0.13275031679999985
OER_02,Sgatt,Oum Er Rbia,2019-02-01,2019,2,0.0324550357142857,0.07851522239999997
OER_02,Sgatt,Oum Er Rbia,2019-03-01,2019,3,0.0271610322580645,0.07274810879999995
OER_02,Sgatt,Oum Er Rbia,2019-04-01,2019,4,1.19091453333333,3.086850470399991
OER_02,Sgatt,Oum Er Rbia,2019-05-01,2019,5,0.518379258064516,1.3884270047999996
OER_02,Sgatt,Oum Er Rbia,2019-06-01,2019,6,0.0675420333333333,0.17506895039999992
OER_02,Sgatt,Oum Er Rbia,2019-07-01,2019,7,0.103756967741935,0.27790266239999867
OER_02,Sgatt,Oum Er Rbia,2019-08-01,2019,8,0.229513032258065,0.6147277056000012
OER_02,Sgatt,Oum Er Rbia,2019-09-01,2019,9,0.176112333333333,0.4564831679999991
OER_02,Sgatt,Oum Er Rbia,2019-10-01,2019,10,0.178445290322581,0.47794786560000097
OER_02,Sgatt,Oum Er Rbia,2019-11-01,2019,11,0.1808091,0.46865718720000005
OER_02,Sgatt,Oum Er Rbia,2019-12-01,2019,12,0.183204258064516,0.49069428479999966
OER_02,Sgatt,Oum Er Rbia,2020-01-01,2020,1,0.185671258064516,0.4973018975999997
OER_02,Sgatt,Oum Er Rbia,2020-02-01,2020,2,0.188090068965517,0.47127847679999935
OER_02,Sgatt,Oum Er Rbia,2020-03-01,2020,3,0.190540774193548,0.5103444095999989
OER_02,Sgatt,Oum Er Rbia,2020-04-01,2020,4,0.193064766666667,0.5004238752000009
OER_02,Sgatt,Oum Er Rbia,2020-05-01,2020,5,0.19562235483871,0.5239549152000008
OER_02,Sgatt,Oum Er Rbia,2020-06-01,2020,6,0.198213533333333,0.5137694783999992
OER_02,Sgatt,Oum Er Rbia,2020-07-01,2020,7,0.200839451612903,0.5379283871999995
OER_02,Sgatt,Oum Er Rbia,2020-08-01,2020,8,0.203543806451613,0.5451717312000003
OER_02,Sgatt,Oum Er Rbia,2020-09-01,2020,9,0.0955284,0.24760961279999996
OER_02,Sgatt,Oum Er Rbia,2020-10-01,2020,10,0.0294342903225806,0.07883680319999987
OER_02,Sgatt,Oum Er Rbia,2020-11-01,2020,11,0.0424981333333333,0.1101551615999999
OER_02,Sgatt,Oum Er Rbia,2020-12-01,2020,12,0.174417225806452,0.467159097600001
OER_02,Sgatt,Oum Er Rbia,2021-01-01,2021,1,1.8324654516129,4.908075465599992
OER_02,Sgatt,Oum Er Rbia,2021-02-01,2021,2,1.21532878571429,2.9401233984000106
OER_02,Sgatt,Oum Er Rbia,2021-03-01,2021,3,3.81436570967742,10.216397116800001
OER_02,Sgatt,Oum Er Rbia,2021-04-01,2021,4,0.419962233333333,1.0885421087999991
OER_02,Sgatt,Oum Er Rbia,2021-05-01,2021,5,0.0441831290322581,0.1183400928000001
OER_02,Sgatt,Oum Er Rbia,2021-06-01,2021,6,0.0196388666666667,0.05090394240000008
OER_02,Sgatt,Oum Er Rbia,2021-07-01,2021,7,0.0184449032258065,0.04940282880000013
OER_02,Sgatt,Oum Er Rbia,2021-08-01,2021,8,0.0158832903225806,0.042541804799999874
OER_02,Sgatt,Oum Er Rbia,2021-09-01,2021,9,0.0156182,0.0404823744
OER_02,Sgatt,Oum Er Rbia,2021-10-01,2021,10,0.0156901290322581,0.042024441600000094
OER_02,Sgatt,Oum Er Rbia,2021-11-01,2021,11,0.0165517333333333,0.042902092799999916
OER_02,Sgatt,Oum Er Rbia,2021-12-01,2021,12,0.0152976129032258,0.04097312639999998
OER_02,Sgatt,Oum Er Rbia,2022-01-01,2022,1,0.015,0.040176
OER_02,Sgatt,Oum Er Rbia,2022-02-01,2022,2,0.0150010714285714,0.036290591999999934
OER_02,Sgatt,Oum Er Rbia,2022-03-01,2022,3,0.142300838709677,0.3811385663999988
OER_02,Sgatt,Oum Er Rbia,2022-04-01,2022,4,0.228765233333333,0.5929594847999992
OER_02,Sgatt,Oum Er Rbia,2022-05-01,2022,5,0.0156939032258065,0.042034550400000134
OER_02,Sgatt,Oum Er Rbia,2022-06-01,2022,6,0.0181461,0.04703469119999999
OER_02,Sgatt,Oum Er Rbia,2022-07-01,2022,7,0.0606122580645161,0.16234387199999994
OER_02,Sgatt,Oum Er Rbia,2022-08-01,2022,8,0.263428451612903,0.7055667647999995
OER_03,Zaouit Ahançal,Oum Er Rbia,1976-08-01,1976,8,1.86266666666667,4.988966400000009
OER_03,Zaouit Ahançal,Oum Er Rbia,1976-09-01,1976,9,1.88833333333333,4.894559999999991
OER_03,Zaouit Ahançal,Oum Er Rbia,1976-10-01,1976,10,2.0758064516129,5.559839999999991
OER_03,Zaouit Ahançal,Oum Er Rbia,1976-11-01,1976,11,3.53866666666667,9.172224000000007
OER_03,Zaouit Ahançal,Oum Er Rbia,1976-12-01,1976,12,2.97451612903226,7.966944000000006
OER_03,Zaouit Ahançal,Oum Er Rbia,1977-01-01,1977,1,3.60677419354839,9.660384000000008
OER_03,Zaouit Ahançal,Oum Er Rbia,1977-02-01,1977,2,5.46678571428571,13.225247999999988
OER_03,Zaouit Ahançal,Oum Er Rbia,1977-03-01,1977,3,8.03709677419355,21.526560000000003
OER_03,Zaouit Ahançal,Oum Er Rbia,1977-04-01,1977,4,11.2586666666667,29.18246400000009
OER_03,Zaouit Ahançal,Oum Er Rbia,1977-05-01,1977,5,5.82516129032258,15.602111999999998
OER_03,Zaouit Ahançal,Oum Er Rbia,1977-06-01,1977,6,3.12833333333333,8.10863999999999
OER_03,Zaouit Ahançal,Oum Er Rbia,1977-07-01,1977,7,1.93967741935484,5.195232000000003
OER_03,Zaouit Ahançal,Oum Er Rbia,1977-08-01,1977,8,1.52548387096774,4.085855999999995
OER_03,Zaouit Ahançal,Oum Er Rbia,1977-09-01,1977,9,1.38866666666667,3.599424000000009
OER_03,Zaouit Ahançal,Oum Er Rbia,1977-10-01,1977,10,0.954296451612903,2.5559876159999995
OER_03,Zaouit Ahançal,Oum Er Rbia,1977-11-01,1977,11,0.444666666666667,1.152576000000001
OER_03,Zaouit Ahançal,Oum Er Rbia,1977-12-01,1977,12,1.98548387096774,5.317919999999995
OER_03,Zaouit Ahançal,Oum Er Rbia,1978-01-01,1978,1,2.23387096774194,5.9832000000000125
OER_03,Zaouit Ahançal,Oum Er Rbia,1978-02-01,1978,2,4.08071428571429,9.87206400000001
OER_03,Zaouit Ahançal,Oum Er Rbia,1978-03-01,1978,3,5.7341935483871,15.358464000000007
OER_03,Zaouit Ahançal,Oum Er Rbia,1978-04-01,1978,4,8.68566666666667,22.513248000000008
OER_03,Zaouit Ahançal,Oum Er Rbia,1978-05-01,1978,5,7.00387096774194,18.75916800000001
OER_03,Zaouit Ahançal,Oum Er Rbia,1978-06-01,1978,6,3.78133333333333,9.801215999999991
OER_03,Zaouit Ahançal,Oum Er Rbia,1978-07-01,1978,7,2.22387096774194,5.956416000000012
OER_03,Zaouit Ahançal,Oum Er Rbia,1978-08-01,1978,8,1.75612903225806,4.703615999999988
OER_03,Zaouit Ahançal,Oum Er Rbia,1978-09-01,1978,9,1.582,4.100544
OER_03,Zaouit Ahançal,Oum Er Rbia,1978-10-01,1978,10,1.58387096774194,4.242240000000012
OER_03,Zaouit Ahançal,Oum Er Rbia,1978-11-01,1978,11,1.59766666666667,4.141152000000009
OER_03,Zaouit Ahançal,Oum Er Rbia,1978-12-01,1978,12,1.47483870967742,3.9502080000000017
OER_03,Zaouit Ahançal,Oum Er Rbia,1979-01-01,1979,1,2.16,5.785344000000001
OER_03,Zaouit Ahançal,Oum Er Rbia,1979-02-01,1979,2,4.34321428571429,10.50710400000001
OER_03,Zaouit Ahançal,Oum Er Rbia,1979-03-01,1979,3,8.33645161290323,22.328352000000017
OER_03,Zaouit Ahançal,Oum Er Rbia,1979-04-01,1979,4,14.22,36.85824
OER_03,Zaouit Ahançal,Oum Er Rbia,1979-05-01,1979,5,11.6945161290323,31.32259200000011
OER_03,Zaouit Ahançal,Oum Er Rbia,1979-06-01,1979,6,5.36833333333333,13.91471999999999
OER_03,Zaouit Ahançal,Oum Er Rbia,1979-07-01,1979,7,2.63774193548387,7.064927999999997
OER_03,Zaouit Ahançal,Oum Er Rbia,1979-08-01,1979,8,1.94935483870968,5.221152000000006
OER_03,Zaouit Ahançal,Oum Er Rbia,1979-09-01,1979,9,1.95633333333333,5.070815999999992
OER_03,Zaouit Ahançal,Oum Er Rbia,1979-10-01,1979,10,4.47516129032258,11.986272
OER_03,Zaouit Ahançal,Oum Er Rbia,1979-11-01,1979,11,2.58333333333333,6.695999999999992
OER_03,Zaouit Ahançal,Oum Er Rbia,1979-12-01,1979,12,1.6241935483871,4.350240000000008
OER_03,Zaouit Ahançal,Oum Er Rbia,1980-01-01,1980,1,1.55645161290323,4.168800000000012
OER_03,Zaouit Ahançal,Oum Er Rbia,1980-02-01,1980,2,2.21379310344828,5.5468800000000105
OER_03,Zaouit Ahançal,Oum Er Rbia,1980-03-01,1980,3,6.11064516129032,16.36675199999999
OER_03,Zaouit Ahançal,Oum Er Rbia,1980-04-01,1980,4,15.8933333333333,41.19551999999992
OER_03,Zaouit Ahançal,Oum Er Rbia,1980-05-01,1980,5,12.1267741935484,32.48035200000003
OER_03,Zaouit Ahançal,Oum Er Rbia,1980-06-01,1980,6,5.23233333333333,13.562207999999993
OER_03,Zaouit Ahançal,Oum Er Rbia,1980-07-01,1980,7,2.52806451612903,6.771167999999993
OER_03,Zaouit Ahançal,Oum Er Rbia,1980-08-01,1980,8,1.77225806451613,4.746816000000003
OER_03,Zaouit Ahançal,Oum Er Rbia,1980-09-01,1980,9,1.668,4.323456
OER_03,Zaouit Ahançal,Oum Er Rbia,1980-10-01,1980,10,2.35677419354839,6.312384000000008
OER_03,Zaouit Ahançal,Oum Er Rbia,1980-11-01,1980,11,2.498,6.474816000000001
OER_03,Zaouit Ahançal,Oum Er Rbia,1980-12-01,1980,12,1.93258064516129,5.1762239999999995
OER_03,Zaouit Ahançal,Oum Er Rbia,1981-01-01,1981,1,1.76645161290323,4.731264000000011
OER_03,Zaouit Ahançal,Oum Er Rbia,1981-02-01,1981,2,2.42714285714286,5.871744000000007
OER_03,Zaouit Ahançal,Oum Er Rbia,1981-03-01,1981,3,4.61516129032258,12.361247999999996
OER_03,Zaouit Ahançal,Oum Er Rbia,1981-04-01,1981,4,5.36433333333333,13.90435199999999
OER_03,Zaouit Ahançal,Oum Er Rbia,1981-05-01,1981,5,3.16161290322581,8.468064000000009
OER_03,Zaouit Ahançal,Oum Er Rbia,1981-06-01,1981,6,1.83466666666667,4.755456000000009
OER_03,Zaouit Ahançal,Oum Er Rbia,1981-07-01,1981,7,1.36161290322581,3.6469440000000093
OER_03,Zaouit Ahançal,Oum Er Rbia,1981-08-01,1981,8,1.19064516129032,3.189023999999993
OER_03,Zaouit Ahançal,Oum Er Rbia,1981-09-01,1981,9,1.09093333333333,2.827699199999991
OER_03,Zaouit Ahançal,Oum Er Rbia,1981-10-01,1981,10,0.992483870967742,2.6582688
OER_03,Zaouit Ahançal,Oum Er Rbia,1981-11-01,1981,11,0.977166666666667,2.532816000000001
OER_03,Zaouit Ahançal,Oum Er Rbia,1981-12-01,1981,12,0.888,2.3784191999999997
OER_03,Zaouit Ahançal,Oum Er Rbia,1982-01-01,1982,1,0.857838709677419,2.2976351999999993
OER_03,Zaouit Ahançal,Oum Er Rbia,1982-02-01,1982,2,1.10664285714286,2.677190400000007
OER_03,Zaouit Ahançal,Oum Er Rbia,1982-03-01,1982,3,1.85290322580645,4.962815999999996
OER_03,Zaouit Ahançal,Oum Er Rbia,1982-04-01,1982,4,3.792,9.828864
OER_03,Zaouit Ahançal,Oum Er Rbia,1982-05-01,1982,5,15.2738709677419,40.9095359999999
OER_03,Zaouit Ahançal,Oum Er Rbia,1982-06-01,1982,6,14.8503333333333,38.492063999999914
OER_03,Zaouit Ahançal,Oum Er Rbia,1982-07-01,1982,7,4.03161290322581,10.79827200000001
OER_03,Zaouit Ahançal,Oum Er Rbia,1982-08-01,1982,8,1.78806451612903,4.789151999999993
OER_03,Zaouit Ahançal,Oum Er Rbia,1982-09-01,1982,9,1.47533333333333,3.824063999999991
OER_03,Zaouit Ahançal,Oum Er Rbia,1982-10-01,1982,10,1.70387096774194,4.563648000000012
OER_03,Zaouit Ahançal,Oum Er Rbia,1982-11-01,1982,11,1.95133333333333,5.057855999999991
OER_03,Zaouit Ahançal,Oum Er Rbia,1982-12-01,1982,12,1.85387096774194,4.9654080000000125
OER_03,Zaouit Ahançal,Oum Er Rbia,1983-01-01,1983,1,1.63387096774194,4.376160000000012
OER_03,Zaouit Ahançal,Oum Er Rbia,1983-02-01,1983,2,1.92464285714286,4.656096000000007
OER_03,Zaouit Ahançal,Oum Er Rbia,1983-03-01,1983,3,2.20548387096774,5.907167999999994
OER_03,Zaouit Ahançal,Oum Er Rbia,1983-04-01,1983,4,2.14833333333333,5.568479999999991
OER_03,Zaouit Ahançal,Oum Er Rbia,1983-05-01,1983,5,2.6841935483871,7.189344000000008
OER_03,Zaouit Ahançal,Oum Er Rbia,1983-06-01,1983,6,1.47366666666667,3.819744000000009
OER_03,Zaouit Ahançal,Oum Er Rbia,1983-07-01,1983,7,1.22225806451613,3.2736960000000024
OER_03,Zaouit Ahançal,Oum Er Rbia,1983-08-01,1983,8,1.10096774193548,2.9488319999999897
OER_03,Zaouit Ahançal,Oum Er Rbia,1983-09-01,1983,9,1.04703333333333,2.713910399999991
OER_03,Zaouit Ahançal,Oum Er Rbia,1983-10-01,1983,10,1.0158064516129,2.720735999999991
OER_03,Zaouit Ahançal,Oum Er Rbia,1983-11-01,1983,11,2.999,7.773408
OER_03,Zaouit Ahançal,Oum Er Rbia,1983-12-01,1983,12,1.7558064516129,4.702751999999991
OER_03,Zaouit Ahançal,Oum Er Rbia,1984-01-01,1984,1,1.48064516129032,3.965759999999993
OER_03,Zaouit Ahançal,Oum Er Rbia,1984-02-01,1984,2,1.40655172413793,3.5242559999999976
OER_03,Zaouit Ahançal,Oum Er Rbia,1984-03-01,1984,3,2.14387096774194,5.742144000000012
OER_03,Zaouit Ahançal,Oum Er Rbia,1984-04-01,1984,4,2.00033333333333,5.184863999999991
OER_03,Zaouit Ahançal,Oum Er Rbia,1984-05-01,1984,5,2.72612903225806,7.301663999999988
OER_03,Zaouit Ahançal,Oum Er Rbia,1984-06-01,1984,6,1.56666666666667,4.060800000000008
OER_03,Zaouit Ahançal,Oum Er Rbia,1984-07-01,1984,7,1.05912903225806,2.8367711999999874
OER_03,Zaouit Ahançal,Oum Er Rbia,1984-08-01,1984,8,0.879774193548387,2.3563872000000003
OER_03,Zaouit Ahançal,Oum Er Rbia,1984-09-01,1984,9,0.856166666666667,2.2191840000000007
OER_03,Zaouit Ahançal,Oum Er Rbia,1984-10-01,1984,10,0.677838709677419,1.815523199999999
OER_03,Zaouit Ahançal,Oum Er Rbia,1984-11-01,1984,11,0.719666666666667,1.865376000000001
OER_03,Zaouit Ahançal,Oum Er Rbia,1984-12-01,1984,12,0.760903225806452,2.0380032000000012
OER_03,Zaouit Ahançal,Oum Er Rbia,1985-01-01,1985,1,1.08770967741935,2.913321599999987
OER_03,Zaouit Ahançal,Oum Er Rbia,1985-02-01,1985,2,2.56321428571429,6.20092800000001
OER_03,Zaouit Ahançal,Oum Er Rbia,1985-03-01,1985,3,3.31806451612903,8.887103999999994
OER_03,Zaouit Ahançal,Oum Er Rbia,1985-04-01,1985,4,6.849,17.752608
OER_03,Zaouit Ahançal,Oum Er Rbia,1985-05-01,1985,5,6.15387096774194,16.482528000000013
OER_03,Zaouit Ahançal,Oum Er Rbia,1985-06-01,1985,6,3.25966666666667,8.44905600000001
OER_03,Zaouit Ahançal,Oum Er Rbia,1985-07-01,1985,7,2.37774193548387,6.368543999999997
OER_03,Zaouit Ahançal,Oum Er Rbia,1985-08-01,1985,8,1.32735483870968,3.5551872000000073
OER_03,Zaouit Ahançal,Oum Er Rbia,1985-09-01,1985,9,0.787366666666667,2.0408544000000006
OER_03,Zaouit Ahançal,Oum Er Rbia,1985-10-01,1985,10,1.00135483870968,2.682028800000007
OER_03,Zaouit Ahançal,Oum Er Rbia,1985-11-01,1985,11,1.08186666666667,2.8041984000000086
OER_03,Zaouit Ahançal,Oum Er Rbia,1985-12-01,1985,12,1.35387096774194,3.626208000000012
OER_03,Zaouit Ahançal,Oum Er Rbia,1986-01-01,1986,1,1.70322580645161,4.561919999999992
OER_03,Zaouit Ahançal,Oum Er Rbia,1986-02-01,1986,2,2.19892857142857,5.3196479999999955
OER_03,Zaouit Ahançal,Oum Er Rbia,1986-03-01,1986,3,4.70806451612903,12.610079999999995
OER_03,Zaouit Ahançal,Oum Er Rbia,1986-04-01,1986,4,9.05133333333333,23.461055999999992
OER_03,Zaouit Ahançal,Oum Er Rbia,1986-05-01,1986,5,7.45032258064516,19.954944
OER_03,Zaouit Ahançal,Oum Er Rbia,1986-06-01,1986,6,3.618,9.377856
OER_03,Zaouit Ahançal,Oum Er Rbia,1986-07-01,1986,7,2.39935483870968,6.426432000000006
OER_03,Zaouit Ahançal,Oum Er Rbia,1986-08-01,1986,8,1.99838709677419,5.352479999999991
OER_03,Zaouit Ahançal,Oum Er Rbia,1986-09-01,1986,9,1.73333333333333,4.492799999999992
OER_03,Zaouit Ahançal,Oum Er Rbia,1986-10-01,1986,10,2.31225806451613,6.193152000000003
OER_03,Zaouit Ahançal,Oum Er Rbia,1986-11-01,1986,11,1.624,4.209408000000001
OER_03,Zaouit Ahançal,Oum Er Rbia,1986-12-01,1986,12,1.56451612903226,4.190400000000005
OER_03,Zaouit Ahançal,Oum Er Rbia,1987-01-01,1987,1,1.55225806451613,4.157568000000002
OER_03,Zaouit Ahançal,Oum Er Rbia,1987-02-01,1987,2,9.0525,21.899808
OER_03,Zaouit Ahançal,Oum Er Rbia,1987-03-01,1987,3,8.72225806451613,23.361696
OER_03,Zaouit Ahançal,Oum Er Rbia,1987-04-01,1987,4,6.181,16.021152
OER_03,Zaouit Ahançal,Oum Er Rbia,1987-05-01,1987,5,3.56516129032258,9.548927999999998
OER_03,Zaouit Ahançal,Oum Er Rbia,1987-06-01,1987,6,8.868,22.985856
OER_03,Zaouit Ahançal,Oum Er Rbia,1987-07-01,1987,7,1.85064516129032,4.956767999999993
OER_03,Zaouit Ahançal,Oum Er Rbia,1987-08-01,1987,8,1.34806451612903,3.6106559999999943
OER_03,Zaouit Ahançal,Oum Er Rbia,1987-09-01,1987,9,6.52166666666667,16.904160000000008
OER_03,Zaouit Ahançal,Oum Er Rbia,1987-10-01,1987,10,19.2932258064516,51.674975999999965
OER_03,Zaouit Ahançal,Oum Er Rbia,1987-11-01,1987,11,4.109,10.650528
OER_03,Zaouit Ahançal,Oum Er Rbia,1987-12-01,1987,12,2.93354838709677,7.857215999999989
OER_03,Zaouit Ahançal,Oum Er Rbia,1988-01-01,1988,1,2.31483870967742,6.200064000000002
OER_03,Zaouit Ahançal,Oum Er Rbia,1988-02-01,1988,2,4.71655172413793,11.817791999999999
OER_03,Zaouit Ahançal,Oum Er Rbia,1988-03-01,1988,3,7.15387096774194,19.160928000000016
OER_03,Zaouit Ahançal,Oum Er Rbia,1988-04-01,1988,4,6.32133333333333,16.38489599999999
OER_03,Zaouit Ahançal,Oum Er Rbia,1988-05-01,1988,5,4.23806451612903,11.351231999999992
OER_03,Zaouit Ahançal,Oum Er Rbia,1988-06-01,1988,6,3.16333333333333,8.199359999999992
OER_03,Zaouit Ahançal,Oum Er Rbia,1988-07-01,1988,7,2.28096774193548,6.1093439999999894
OER_03,Zaouit Ahançal,Oum Er Rbia,1988-08-01,1988,8,1.84096774193548,4.9308479999999895
OER_03,Zaouit Ahançal,Oum Er Rbia,1988-09-01,1988,9,1.75566666666667,4.550688000000008
OER_03,Zaouit Ahançal,Oum Er Rbia,1988-10-01,1988,10,1.82354838709677,4.884191999999989
OER_03,Zaouit Ahançal,Oum Er Rbia,1988-11-01,1988,11,2.74066666666667,7.103808000000009
OER_03,Zaouit Ahançal,Oum Er Rbia,1988-12-01,1988,12,2.45645161290323,6.57936000000001
OER_03,Zaouit Ahançal,Oum Er Rbia,1989-01-01,1989,1,1.95322580645161,5.231519999999992
OER_03,Zaouit Ahançal,Oum Er Rbia,1989-02-01,1989,2,2.27964285714286,5.514912000000008
OER_03,Zaouit Ahançal,Oum Er Rbia,1989-03-01,1989,3,4.10064516129032,10.983167999999992
OER_03,Zaouit Ahançal,Oum Er Rbia,1989-04-01,1989,4,9.51666666666667,24.667200000000005
OER_03,Zaouit Ahançal,Oum Er Rbia,1989-05-01,1989,5,9.23548387096774,24.736319999999992
OER_03,Zaouit Ahançal,Oum Er Rbia,1989-06-01,1989,6,5.03633333333333,13.054175999999991
OER_03,Zaouit Ahançal,Oum Er Rbia,1989-07-01,1989,7,4.53516129032258,12.146975999999999
OER_03,Zaouit Ahançal,Oum Er Rbia,1989-08-01,1989,8,36.1716129032258,96.88204799999997
OER_03,Zaouit Ahançal,Oum Er Rbia,1989-09-01,1989,9,4.64570523333333,12.041667964799991
OER_03,Zaouit Ahançal,Oum Er Rbia,1989-10-01,1989,10,5.59427803225806,14.983714281599989
OER_03,Zaouit Ahançal,Oum Er Rbia,1989-11-01,1989,11,7.12597773333333,18.47053428479999
OER_03,Zaouit Ahançal,Oum Er Rbia,1989-12-01,1989,12,7.16597358064516,19.193343638399995
OER_03,Zaouit Ahançal,Oum Er Rbia,1990-01-01,1990,1,4.95561309677419,13.27311411839999
OER_03,Zaouit Ahançal,Oum Er Rbia,1990-02-01,1990,2,5.15858942857143,12.479659545600002
OER_03,Zaouit Ahançal,Oum Er Rbia,1990-03-01,1990,3,13.7260603548387,36.763880054399976
OER_03,Zaouit Ahançal,Oum Er Rbia,1990-04-01,1990,4,9.99021463333333,25.894636329599994
OER_03,Zaouit Ahançal,Oum Er Rbia,1990-05-01,1990,5,16.6691522903226,44.64665749440005
OER_03,Zaouit Ahançal,Oum Er Rbia,1990-06-01,1990,6,5.94262903333333,15.403294454399992
OER_03,Zaouit Ahançal,Oum Er Rbia,1990-07-01,1990,7,4.82343235483871,12.919081219200002
OER_03,Zaouit Ahançal,Oum Er Rbia,1990-08-01,1990,8,4.34072696774194,11.626203110400011
OER_03,Zaouit Ahançal,Oum Er Rbia,1990-09-01,1990,9,3.08043353333333,7.984483718399992
OER_03,Zaouit Ahançal,Oum Er Rbia,1990-10-01,1990,10,3.06882170967742,8.219532067200003
OER_03,Zaouit Ahançal,Oum Er Rbia,1990-11-01,1990,11,2.9903,7.750857600000001
OER_03,Zaouit Ahançal,Oum Er Rbia,1990-12-01,1990,12,3.00036532258065,8.036178480000013
OER_03,Zaouit Ahançal,Oum Er Rbia,1991-01-01,1991,1,3.0211615483871,8.09187909120001
OER_03,Zaouit Ahançal,Oum Er Rbia,1991-02-01,1991,2,3.01716496428571,7.299125481599989
OER_03,Zaouit Ahançal,Oum Er Rbia,1991-03-01,1991,3,3.45042496774194,9.241618233600011
OER_03,Zaouit Ahançal,Oum Er Rbia,1991-04-01,1991,4,3.87348096666667,10.04006266560001
OER_03,Zaouit Ahançal,Oum Er Rbia,1991-05-01,1991,5,4.05418935483871,10.858740767999999
OER_03,Zaouit Ahançal,Oum Er Rbia,1991-06-01,1991,6,3.28152896666667,8.505723081600008
OER_03,Zaouit Ahançal,Oum Er Rbia,1991-07-01,1991,7,3.15393858064516,8.447509094399996
OER_03,Zaouit Ahançal,Oum Er Rbia,1991-08-01,1991,8,3.26728722580645,8.751102105599996
OER_03,Zaouit Ahançal,Oum Er Rbia,1991-09-01,1991,9,2.26407306666667,5.8684773888000095
OER_03,Zaouit Ahançal,Oum Er Rbia,1991-10-01,1991,10,0.756322580645161,2.0257343999999993
OER_03,Zaouit Ahançal,Oum Er Rbia,1991-11-01,1991,11,0.736,1.9077119999999999
OER_03,Zaouit Ahançal,Oum Er Rbia,1991-12-01,1991,12,1.05561290322581,2.8273536000000092
OER_03,Zaouit Ahançal,Oum Er Rbia,1992-01-01,1992,1,1.08887096774194,2.916432000000012
OER_03,Zaouit Ahançal,Oum Er Rbia,1992-02-01,1992,2,0.864068965517241,2.1650111999999995
OER_03,Zaouit Ahançal,Oum Er Rbia,1992-03-01,1992,3,2.91345161290323,7.803388800000012
OER_03,Zaouit Ahançal,Oum Er Rbia,1992-04-01,1992,4,6.02966666666667,15.62889600000001
OER_03,Zaouit Ahançal,Oum Er Rbia,1992-05-01,1992,5,8.05645161290323,21.578400000000013
OER_03,Zaouit Ahançal,Oum Er Rbia,1992-06-01,1992,6,7.04166666666667,18.252000000000006
OER_03,Zaouit Ahançal,Oum Er Rbia,1992-07-01,1992,7,7.1941935483871,19.268928000000006
OER_03,Zaouit Ahançal,Oum Er Rbia,1992-08-01,1992,8,3.73548387096774,10.005119999999994
OER_03,Zaouit Ahançal,Oum Er Rbia,1992-09-01,1992,9,4.46866666666667,11.582784000000009
OER_03,Zaouit Ahançal,Oum Er Rbia,1992-10-01,1992,10,4.31161290322581,11.54822400000001
OER_03,Zaouit Ahançal,Oum Er Rbia,1992-11-01,1992,11,4.51933333333333,11.714111999999991
OER_03,Zaouit Ahançal,Oum Er Rbia,1992-12-01,1992,12,4.81387096774194,12.893472000000012
OER_03,Zaouit Ahançal,Oum Er Rbia,1993-01-01,1993,1,4.38032258064516,11.732255999999996
OER_03,Zaouit Ahançal,Oum Er Rbia,1993-02-01,1993,2,4.54321428571429,10.990944000000011
OER_03,Zaouit Ahançal,Oum Er Rbia,1993-03-01,1993,3,8.67548387096774,23.236415999999995
OER_03,Zaouit Ahançal,Oum Er Rbia,1993-04-01,1993,4,5.77633333333333,14.972255999999993
OER_03,Zaouit Ahançal,Oum Er Rbia,1993-05-01,1993,5,5.43322580645161,14.55235199999999
OER_03,Zaouit Ahançal,Oum Er Rbia,1993-06-01,1993,6,2.762,7.159104
OER_03,Zaouit Ahançal,Oum Er Rbia,1993-07-01,1993,7,1.85935483870968,4.980096000000008
OER_03,Zaouit Ahançal,Oum Er Rbia,1993-08-01,1993,8,1.55516129032258,4.165343999999998
OER_03,Zaouit Ahançal,Oum Er Rbia,1993-09-01,1993,9,1.63276303333333,4.232121782399991
OER_03,Zaouit Ahançal,Oum Er Rbia,1993-10-01,1993,10,1.59706529032258,4.277579673599997
OER_03,Zaouit Ahançal,Oum Er Rbia,1993-11-01,1993,11,2.45306556666667,6.358345948800009
OER_03,Zaouit Ahançal,Oum Er Rbia,1993-12-01,1993,12,3.05090493548387,8.171543779199997
OER_03,Zaouit Ahançal,Oum Er Rbia,1994-01-01,1994,1,2.29052364516129,6.1349385311999995
OER_03,Zaouit Ahançal,Oum Er Rbia,1994-02-01,1994,2,3.55256996428571,8.59437725759999
OER_03,Zaouit Ahançal,Oum Er Rbia,1994-03-01,1994,3,7.46277990322581,19.98830969280001
OER_03,Zaouit Ahançal,Oum Er Rbia,1994-04-01,1994,4,10.6751507333333,27.66999070079991
OER_03,Zaouit Ahançal,Oum Er Rbia,1994-05-01,1994,5,5.00588196774194,13.407754262400012
OER_03,Zaouit Ahançal,Oum Er Rbia,1994-06-01,1994,6,2.23793953333333,5.8007392703999905
OER_03,Zaouit Ahançal,Oum Er Rbia,1994-07-01,1994,7,1.524976,4.0844957184
OER_03,Zaouit Ahançal,Oum Er Rbia,1994-08-01,1994,8,1.30537006451613,3.4963031808000022
OER_03,Zaouit Ahançal,Oum Er Rbia,1994-09-01,1994,9,1.30833333333333,3.3911999999999916
OER_03,Zaouit Ahançal,Oum Er Rbia,1994-10-01,1994,10,1.55838709677419,4.17398399999999
OER_03,Zaouit Ahançal,Oum Er Rbia,1994-11-01,1994,11,0.720666666666667,1.867968000000001
OER_03,Zaouit Ahançal,Oum Er Rbia,1994-12-01,1994,12,1.13835483870968,3.048969600000007
OER_03,Zaouit Ahançal,Oum Er Rbia,1995-01-01,1995,1,0.595451612903226,1.5948576000000005
OER_03,Zaouit Ahançal,Oum Er Rbia,1995-02-01,1995,2,0.597178571428571,1.444694399999999
OER_03,Zaouit Ahançal,Oum Er Rbia,1995-03-01,1995,3,1.20354838709677,3.223583999999989
OER_03,Zaouit Ahançal,Oum Er Rbia,1995-04-01,1995,4,5.69733333333333,14.767487999999991
OER_03,Zaouit Ahançal,Oum Er Rbia,1995-05-01,1995,5,5.22741935483871,14.001120000000002
OER_03,Zaouit Ahançal,Oum Er Rbia,1995-06-01,1995,6,2.63,6.816959999999999
OER_03,Zaouit Ahançal,Oum Er Rbia,1995-07-01,1995,7,2.02677419354839,5.4285120000000076
OER_03,Zaouit Ahançal,Oum Er Rbia,1995-08-01,1995,8,3.52551612903226,9.442742400000006
OER_03,Zaouit Ahançal,Oum Er Rbia,1995-09-01,1995,9,0.9064,2.3493888
OER_03,Zaouit Ahançal,Oum Er Rbia,1995-10-01,1995,10,1.97474193548387,5.289148799999997
OER_03,Zaouit Ahançal,Oum Er Rbia,1995-11-01,1995,11,1.45633333333333,3.774815999999991
OER_03,Zaouit Ahançal,Oum Er Rbia,1995-12-01,1995,12,1.49416129032258,4.001961599999998
OER_03,Zaouit Ahançal,Oum Er Rbia,1996-01-01,1996,1,0.149154838709677,0.39949631999999885
OER_03,Zaouit Ahançal,Oum Er Rbia,1996-02-01,1996,2,0.385241379310345,0.9652608000000005
OER_03,Zaouit Ahançal,Oum Er Rbia,1996-03-01,1996,3,2.22522580645161,5.960044799999992
OER_03,Zaouit Ahançal,Oum Er Rbia,1996-04-01,1996,4,7.762,20.119104
OER_03,Zaouit Ahançal,Oum Er Rbia,1996-05-01,1996,5,3.78903225806452,10.148544000000012
OER_03,Zaouit Ahançal,Oum Er Rbia,1996-06-01,1996,6,5.189,13.449888000000001
OER_03,Zaouit Ahançal,Oum Er Rbia,1996-07-01,1996,7,1.90967741935484,5.114880000000004
OER_03,Zaouit Ahançal,Oum Er Rbia,1996-08-01,1996,8,1.14922580645161,3.0780863999999926
OER_03,Zaouit Ahançal,Oum Er Rbia,1996-09-01,1996,9,0.523666666666667,1.3573440000000008
OER_03,Zaouit Ahançal,Oum Er Rbia,1996-10-01,1996,10,0.285161290322581,0.7637760000000009
OER_03,Zaouit Ahançal,Oum Er Rbia,1996-11-01,1996,11,0.205566666666667,0.5328288000000009
OER_03,Zaouit Ahançal,Oum Er Rbia,1996-12-01,1996,12,0.202032258064516,0.5411231999999996
OER_03,Zaouit Ahançal,Oum Er Rbia,1997-01-01,1997,1,0.301741935483871,0.8081856000000001
OER_03,Zaouit Ahançal,Oum Er Rbia,1997-02-01,1997,2,0.80325,1.9432224
OER_03,Zaouit Ahançal,Oum Er Rbia,1997-03-01,1997,3,0.960258064516129,2.5719552
OER_03,Zaouit Ahançal,Oum Er Rbia,1997-04-01,1997,4,2.58613333333333,6.703257599999991
OER_03,Zaouit Ahançal,Oum Er Rbia,1997-05-01,1997,5,2.46393548387097,6.5994048000000065
OER_03,Zaouit Ahançal,Oum Er Rbia,1997-06-01,1997,6,0.400973333333333,1.0393228799999992
OER_03,Zaouit Ahançal,Oum Er Rbia,1997-07-01,1997,7,0.031128064516129,0.08337340799999991
OER_03,Zaouit Ahançal,Oum Er Rbia,1997-08-01,1997,8,2.44741935483871,6.555168
OER_03,Zaouit Ahançal,Oum Er Rbia,1997-09-01,1997,9,2.2164601,5.745064579199999
OER_03,Zaouit Ahançal,Oum Er Rbia,1997-10-01,1997,10,2.54188251612903,6.808178131199993
OER_03,Zaouit Ahançal,Oum Er Rbia,1997-11-01,1997,11,2.48972046666667,6.453355449600008
OER_03,Zaouit Ahançal,Oum Er Rbia,1997-12-01,1997,12,2.78928558064516,7.470822499199997
OER_03,Zaouit Ahançal,Oum Er Rbia,1998-01-01,1998,1,2.7491705483871,7.363378396800009
OER_03,Zaouit Ahançal,Oum Er Rbia,1998-02-01,1998,2,6.76599257142857,16.3682892288
OER_03,Zaouit Ahançal,Oum Er Rbia,1998-03-01,1998,3,7.03944467741935,18.85444862399999
OER_03,Zaouit Ahançal,Oum Er Rbia,1998-04-01,1998,4,7.3550037,19.0641695904
OER_03,Zaouit Ahançal,Oum Er Rbia,1998-05-01,1998,5,6.68251016129032,17.898435215999996
OER_03,Zaouit Ahançal,Oum Er Rbia,1998-06-01,1998,6,5.53374786666667,14.343474470400007
OER_03,Zaouit Ahançal,Oum Er Rbia,1998-07-01,1998,7,4.37808748387097,11.726269516800008
OER_03,Zaouit Ahançal,Oum Er Rbia,1998-08-01,1998,8,4.32792451612903,11.591913023999993
OER_03,Zaouit Ahançal,Oum Er Rbia,1998-09-01,1998,9,3.87246466666667,10.037428416000008
OER_03,Zaouit Ahançal,Oum Er Rbia,1998-10-01,1998,10,3.15685,8.45530704
OER_03,Zaouit Ahançal,Oum Er Rbia,1998-11-01,1998,11,3.15102986666667,8.167469414400008
OER_03,Zaouit Ahançal,Oum Er Rbia,1998-12-01,1998,12,3.13729787096774,8.402938617599993
OER_03,Zaouit Ahançal,Oum Er Rbia,1999-01-01,1999,1,3.29775358064516,8.832703190399997
OER_03,Zaouit Ahançal,Oum Er Rbia,1999-02-01,1999,2,3.73032992857143,9.024414163200005
OER_03,Zaouit Ahançal,Oum Er Rbia,1999-03-01,1999,3,4.84036632258065,12.964437158400012
OER_03,Zaouit Ahançal,Oum Er Rbia,1999-04-01,1999,4,5.04578426666667,13.078672819200008
OER_03,Zaouit Ahançal,Oum Er Rbia,1999-05-01,1999,5,2.96538222580645,7.942479753599995
OER_03,Zaouit Ahançal,Oum Er Rbia,1999-06-01,1999,6,2.34899806666667,6.088602988800009
OER_03,Zaouit Ahançal,Oum Er Rbia,1999-07-01,1999,7,2.08743561290323,5.590987545600011
OER_03,Zaouit Ahançal,Oum Er Rbia,1999-08-01,1999,8,2.23979838709677,5.999075999999989
OER_03,Zaouit Ahançal,Oum Er Rbia,1999-09-01,1999,9,9.73939283333333,25.244506223999988
OER_03,Zaouit Ahançal,Oum Er Rbia,1999-10-01,1999,10,6.92752367741936,18.554679417600013
OER_03,Zaouit Ahançal,Oum Er Rbia,1999-11-01,1999,11,1.10743183333333,2.8704633119999916
OER_03,Zaouit Ahançal,Oum Er Rbia,1999-12-01,1999,12,1.03415432258065,2.7698789376000135
OER_03,Zaouit Ahançal,Oum Er Rbia,2000-01-01,2000,1,1.00662035483871,2.696131958400001
OER_03,Zaouit Ahançal,Oum Er Rbia,2000-02-01,2000,2,1.0,2.5056
OER_03,Zaouit Ahançal,Oum Er Rbia,2000-03-01,2000,3,0.990681935483871,2.653442496
OER_03,Zaouit Ahançal,Oum Er Rbia,2000-04-01,2000,4,1.067991,2.768232672
OER_03,Zaouit Ahançal,Oum Er Rbia,2000-05-01,2000,5,1.02317809677419,2.7404802143999905
OER_03,Zaouit Ahançal,Oum Er Rbia,2000-06-01,2000,6,1.01728476666667,2.6368021152000085
OER_03,Zaouit Ahançal,Oum Er Rbia,2000-07-01,2000,7,0.999518870967742,2.677111344
OER_03,Zaouit Ahançal,Oum Er Rbia,2000-08-01,2000,8,1.15498738709677,3.093518217599989
OER_03,Zaouit Ahançal,Oum Er Rbia,2000-09-01,2000,9,1.20093386666667,3.1128205824000084
OER_03,Zaouit Ahançal,Oum Er Rbia,2000-10-01,2000,10,1.22458103225806,3.279917836799988
OER_03,Zaouit Ahançal,Oum Er Rbia,2000-11-01,2000,11,1.19113486666667,3.087421574400009
OER_03,Zaouit Ahançal,Oum Er Rbia,2000-12-01,2000,12,1.16709603225806,3.125950012799988
OER_03,Zaouit Ahançal,Oum Er Rbia,2001-01-01,2001,1,1.31933577419355,3.533708937600005
OER_03,Zaouit Ahançal,Oum Er Rbia,2001-02-01,2001,2,1.35679696428571,3.2823632159999896
OER_03,Zaouit Ahançal,Oum Er Rbia,2001-03-01,2001,3,1.4573925483871,3.9034802016000087
OER_03,Zaouit Ahançal,Oum Er Rbia,2001-04-01,2001,4,1.3661651,3.5410999392
OER_03,Zaouit Ahançal,Oum Er Rbia,2001-05-01,2001,5,1.23791161290323,3.3156224640000107
OER_03,Zaouit Ahançal,Oum Er Rbia,2001-06-01,2001,6,1.11063953333333,2.878777670399992
OER_03,Zaouit Ahançal,Oum Er Rbia,2001-07-01,2001,7,1.09869796774194,2.9427526368000114
OER_03,Zaouit Ahançal,Oum Er Rbia,2001-08-01,2001,8,2.08409574193548,5.58204203519999
OER_03,Zaouit Ahançal,Oum Er Rbia,2001-09-01,2001,9,5.70792326666667,14.79493710720001
OER_03,Zaouit Ahançal,Oum Er Rbia,2001-10-01,2001,10,3.4553124516129,9.254708870399991
OER_03,Zaouit Ahançal,Oum Er Rbia,2001-11-01,2001,11,3.05221396666667,7.911338601600008
OER_03,Zaouit Ahançal,Oum Er Rbia,2001-12-01,2001,12,3.23023625806452,8.65186479360001
OER_03,Zaouit Ahançal,Oum Er Rbia,2002-01-01,2002,1,3.20763690322581,8.59133468160001
OER_03,Zaouit Ahançal,Oum Er Rbia,2002-02-01,2002,2,3.15234114285714,7.626143692799994
OER_03,Zaouit Ahançal,Oum Er Rbia,2002-03-01,2002,3,5.1905345483871,13.902327734400007
OER_03,Zaouit Ahançal,Oum Er Rbia,2002-04-01,2002,4,4.5774013,11.864624169599999
OER_03,Zaouit Ahançal,Oum Er Rbia,2002-05-01,2002,5,2.85913216129032,7.6578995807999934
OER_03,Zaouit Ahançal,Oum Er Rbia,2002-06-01,2002,6,1.54675396666667,4.009186281600009
OER_03,Zaouit Ahançal,Oum Er Rbia,2002-07-01,2002,7,1.16982325806452,3.1332546144000104
OER_03,Zaouit Ahançal,Oum Er Rbia,2002-08-01,2002,8,0.978258580645161,2.6201677823999994
OER_03,Zaouit Ahançal,Oum Er Rbia,2002-09-01,2002,9,0.984323,2.551365216
OER_03,Zaouit Ahançal,Oum Er Rbia,2002-10-01,2002,10,0.933881,2.5013068704
OER_03,Zaouit Ahançal,Oum Er Rbia,2002-11-01,2002,11,1.1392532,2.9529442944
OER_03,Zaouit Ahançal,Oum Er Rbia,2002-12-01,2002,12,1.39056716129032,3.7244950847999934
OER_03,Zaouit Ahançal,Oum Er Rbia,2003-01-01,2003,1,1.32531490322581,3.5497234368000097
OER_03,Zaouit Ahançal,Oum Er Rbia,2003-02-01,2003,2,1.56889803571429,3.7954781280000103
OER_03,Zaouit Ahançal,Oum Er Rbia,2003-03-01,2003,3,3.28524041935484,8.799187939200005
OER_03,Zaouit Ahançal,Oum Er Rbia,2003-04-01,2003,4,3.23316076666667,8.380352707200009
OER_03,Zaouit Ahançal,Oum Er Rbia,2003-05-01,2003,5,2.23653338709677,5.990331023999988
OER_03,Zaouit Ahançal,Oum Er Rbia,2003-06-01,2003,6,1.8905292,4.9002516864
OER_03,Zaouit Ahançal,Oum Er Rbia,2003-07-01,2003,7,1.67324670967742,4.481623987200002
OER_03,Zaouit Ahançal,Oum Er Rbia,2003-08-01,2003,8,1.48198296774194,3.9693431808000117
OER_03,Zaouit Ahançal,Oum Er Rbia,2003-09-01,2003,9,1.3046673,3.3816976416
OER_03,Zaouit Ahançal,Oum Er Rbia,2003-10-01,2003,10,1.67449848387097,4.484976739200007
OER_03,Zaouit Ahançal,Oum Er Rbia,2003-11-01,2003,11,2.0529379,5.3212150368
OER_03,Zaouit Ahançal,Oum Er Rbia,2003-12-01,2003,12,3.289476,8.8105325184
OER_03,Zaouit Ahançal,Oum Er Rbia,2004-01-01,2004,1,3.00456238709677,8.04741989759999
OER_03,Zaouit Ahançal,Oum Er Rbia,2004-02-01,2004,2,2.8842105862069,7.226678044800009
OER_03,Zaouit Ahançal,Oum Er Rbia,2004-03-01,2004,3,4.83755332258065,12.956902819200012
OER_03,Zaouit Ahançal,Oum Er Rbia,2004-04-01,2004,4,5.89439023333333,15.278259484799992
OER_03,Zaouit Ahançal,Oum Er Rbia,2004-05-01,2004,5,5.13911651612903,13.764609676799992
OER_03,Zaouit Ahançal,Oum Er Rbia,2004-06-01,2004,6,1.8509864,4.7977567488
OER_03,Zaouit Ahançal,Oum Er Rbia,2004-07-01,2004,7,1.04341380645161,2.7946795391999926
OER_03,Zaouit Ahançal,Oum Er Rbia,2004-08-01,2004,8,0.414022709677419,1.108918425599999
OER_03,Zaouit Ahançal,Oum Er Rbia,2004-09-01,2004,9,0.2577068,0.6679760256
OER_03,Zaouit Ahançal,Oum Er Rbia,2004-10-01,2004,10,0.245178322580645,0.6566856191999996
OER_03,Zaouit Ahançal,Oum Er Rbia,2004-11-01,2004,11,0.359365533333333,0.931475462399999
OER_03,Zaouit Ahançal,Oum Er Rbia,2004-12-01,2004,12,0.287914387096774,0.7711498943999995
OER_03,Zaouit Ahançal,Oum Er Rbia,2005-01-01,2005,1,0.32448535483871,0.8691015744000009
OER_03,Zaouit Ahançal,Oum Er Rbia,2005-02-01,2005,2,0.267503642857143,0.6471448128000004
OER_03,Zaouit Ahançal,Oum Er Rbia,2005-03-01,2005,3,0.565802548387097,1.5154455456000004
OER_03,Zaouit Ahançal,Oum Er Rbia,2005-04-01,2005,4,0.6267503,1.6245367776000001
OER_03,Zaouit Ahançal,Oum Er Rbia,2005-05-01,2005,5,0.497297387096774,1.3319613215999995
OER_03,Zaouit Ahançal,Oum Er Rbia,2005-06-01,2005,6,0.7027013,1.8214017696
OER_03,Zaouit Ahançal,Oum Er Rbia,2005-07-01,2005,7,0.696794096774194,1.866293308800001
OER_03,Zaouit Ahançal,Oum Er Rbia,2005-08-01,2005,8,1.17148874193548,3.13771544639999
OER_03,Zaouit Ahançal,Oum Er Rbia,2005-09-01,2005,9,1.85293516666667,4.802807952000009
OER_03,Zaouit Ahançal,Oum Er Rbia,2005-10-01,2005,10,2.98111977419355,7.984631203200004
OER_03,Zaouit Ahançal,Oum Er Rbia,2005-11-01,2005,11,2.76628493333333,7.17021054719999
OER_03,Zaouit Ahançal,Oum Er Rbia,2005-12-01,2005,12,2.8416304516129,7.611023001599991
OER_03,Zaouit Ahançal,Oum Er Rbia,2006-01-01,2006,1,3.00126212903226,8.038580486400006
OER_03,Zaouit Ahançal,Oum Er Rbia,2006-02-01,2006,2,3.66499096428571,8.86634614079999
OER_03,Zaouit Ahançal,Oum Er Rbia,2006-03-01,2006,3,6.22145096774194,16.663534272000014
OER_03,Zaouit Ahançal,Oum Er Rbia,2006-04-01,2006,4,6.0952735,15.798948912
OER_03,Zaouit Ahançal,Oum Er Rbia,2006-05-01,2006,5,4.23281948387097,11.337183705600006
OER_03,Zaouit Ahançal,Oum Er Rbia,2006-06-01,2006,6,3.82263953333333,9.908281670399992
OER_03,Zaouit Ahançal,Oum Er Rbia,2006-07-01,2006,7,3.10336425806452,8.312050828800011
OER_03,Zaouit Ahançal,Oum Er Rbia,2006-08-01,2006,8,3.00789490322581,8.056345708800011
OER_03,Zaouit Ahançal,Oum Er Rbia,2006-09-01,2006,9,2.62695733333333,6.809073407999991
OER_03,Zaouit Ahançal,Oum Er Rbia,2006-10-01,2006,10,3.00811693548387,8.056940399999998
OER_03,Zaouit Ahançal,Oum Er Rbia,2006-11-01,2006,11,3.13636086666667,8.129447366400008
OER_03,Zaouit Ahançal,Oum Er Rbia,2006-12-01,2006,12,2.29969909677419,6.15951406079999
OER_03,Zaouit Ahançal,Oum Er Rbia,2007-01-01,2007,1,2.04349225806452,5.473289664000011
OER_03,Zaouit Ahançal,Oum Er Rbia,2007-02-01,2007,2,2.29216464285714,5.5452047039999925
OER_03,Zaouit Ahançal,Oum Er Rbia,2007-03-01,2007,3,2.27377003225806,6.0900656543999885
OER_03,Zaouit Ahançal,Oum Er Rbia,2007-04-01,2007,4,2.52261953333333,6.538629830399992
OER_03,Zaouit Ahançal,Oum Er Rbia,2007-05-01,2007,5,2.70929274193548,7.2565696799999895
OER_03,Zaouit Ahançal,Oum Er Rbia,2007-06-01,2007,6,2.1728326,5.6319820992
OER_03,Zaouit Ahançal,Oum Er Rbia,2007-07-01,2007,7,1.65874758064516,4.442789519999995
OER_03,Zaouit Ahançal,Oum Er Rbia,2007-08-01,2007,8,1.44148516129032,3.8608738559999933
OER_03,Zaouit Ahançal,Oum Er Rbia,2007-09-01,2007,9,1.330499,3.448653408
OER_03,Zaouit Ahançal,Oum Er Rbia,2007-10-01,2007,10,2.33579,6.256179935999999
OER_03,Zaouit Ahançal,Oum Er Rbia,2007-11-01,2007,11,2.5457027,6.5984613984000005
OER_03,Zaouit Ahançal,Oum Er Rbia,2007-12-01,2007,12,2.56964119354839,6.882526972800008
OER_03,Zaouit Ahançal,Oum Er Rbia,2008-01-01,2008,1,3.38148538709677,9.056970460799988
OER_03,Zaouit Ahançal,Oum Er Rbia,2008-02-01,2008,2,3.81452679310345,9.557678332800005
OER_03,Zaouit Ahançal,Oum Er Rbia,2008-03-01,2008,3,3.79863693548387,10.174269167999999
OER_03,Zaouit Ahançal,Oum Er Rbia,2008-04-01,2008,4,3.4401001,8.9167394592
OER_03,Zaouit Ahançal,Oum Er Rbia,2008-05-01,2008,5,2.93444429032258,7.859615587199998
OER_03,Zaouit Ahançal,Oum Er Rbia,2008-06-01,2008,6,2.3919254,6.199870636799999
OER_03,Zaouit Ahançal,Oum Er Rbia,2008-07-01,2008,7,2.18371687096774,5.848867267199995
OER_03,Zaouit Ahançal,Oum Er Rbia,2008-08-01,2008,8,2.41372132258065,6.464911190400013
OER_03,Zaouit Ahançal,Oum Er Rbia,2008-09-01,2008,9,2.25270753333333,5.8390179263999915
OER_03,Zaouit Ahançal,Oum Er Rbia,2008-10-01,2008,10,2.55185590322581,6.834890851200009
OER_03,Zaouit Ahançal,Oum Er Rbia,2008-11-01,2008,11,2.90434616666667,7.528065264000009
OER_03,Zaouit Ahançal,Oum Er Rbia,2008-12-01,2008,12,2.52942290322581,6.77480630400001
OER_03,Zaouit Ahançal,Oum Er Rbia,2009-01-01,2009,1,2.54915687096774,6.827661763199996
OER_03,Zaouit Ahançal,Oum Er Rbia,2009-02-01,2009,2,3.13565453571429,7.585775452800009
OER_03,Zaouit Ahançal,Oum Er Rbia,2009-03-01,2009,3,9.13887012903226,24.4775497536
OER_03,Zaouit Ahançal,Oum Er Rbia,2009-04-01,2009,4,9.9009943,25.6633772256
OER_03,Zaouit Ahançal,Oum Er Rbia,2009-05-01,2009,5,8.85976322580645,23.729989823999997
OER_03,Zaouit Ahançal,Oum Er Rbia,2009-06-01,2009,6,8.2877196,21.481769203200002
OER_03,Zaouit Ahançal,Oum Er Rbia,2009-07-01,2009,7,3.79157474193548,10.15535378879999
OER_03,Zaouit Ahançal,Oum Er Rbia,2009-08-01,2009,8,2.49761406451613,6.689609510400004
OER_03,Zaouit Ahançal,Oum Er Rbia,2009-09-01,2009,9,3.3617704,8.7137088768
OER_03,Zaouit Ahançal,Oum Er Rbia,2009-10-01,2009,10,5.94321593548387,15.9183095616
OER_03,Zaouit Ahançal,Oum Er Rbia,2009-11-01,2009,11,5.5632466,14.4199351872
OER_03,Zaouit Ahançal,Oum Er Rbia,2009-12-01,2009,12,1.75984483870968,4.713568416000006
OER_03,Zaouit Ahançal,Oum Er Rbia,2010-01-01,2010,1,9.53266735483871,25.532296243199998
OER_03,Zaouit Ahançal,Oum Er Rbia,2010-02-01,2010,2,21.7394146071429,52.59199181760011
OER_03,Zaouit Ahançal,Oum Er Rbia,2010-03-01,2010,3,16.7371554516129,44.82879716159999
OER_03,Zaouit Ahançal,Oum Er Rbia,2010-04-01,2010,4,22.0560894,57.1693837248
OER_03,Zaouit Ahançal,Oum Er Rbia,2010-05-01,2010,5,16.8112274516129,45.02719160639999
OER_03,Zaouit Ahançal,Oum Er Rbia,2010-06-01,2010,6,4.34428593333333,11.260389139199992
OER_03,Zaouit Ahançal,Oum Er Rbia,2010-07-01,2010,7,1.80847935483871,4.843831104
OER_03,Zaouit Ahançal,Oum Er Rbia,2010-08-01,2010,8,1.32017403225806,3.5359541279999878
OER_03,Zaouit Ahançal,Oum Er Rbia,2010-09-01,2010,9,2.11484866666667,5.481687744000009
OER_03,Zaouit Ahançal,Oum Er Rbia,2010-10-01,2010,10,2.94325825806452,7.883222918400011
OER_03,Zaouit Ahançal,Oum Er Rbia,2010-11-01,2010,11,1.5951674,4.1346739008
OER_03,Zaouit Ahançal,Oum Er Rbia,2010-12-01,2010,12,2.12611293548387,5.694580886399996
OER_03,Zaouit Ahançal,Oum Er Rbia,2011-01-01,2011,1,1.56789632258065,4.199453510400013
OER_03,Zaouit Ahançal,Oum Er Rbia,2011-02-01,2011,2,1.52725814285714,3.694742899199993
OER_03,Zaouit Ahançal,Oum Er Rbia,2011-03-01,2011,3,2.58688664516129,6.9287171904
OER_03,Zaouit Ahançal,Oum Er Rbia,2011-04-01,2011,4,4.05936243333333,10.521867427199991
OER_03,Zaouit Ahançal,Oum Er Rbia,2011-05-01,2011,5,4.91665025806452,13.16875605120001
OER_03,Zaouit Ahançal,Oum Er Rbia,2011-06-01,2011,6,5.32212056666667,13.79493650880001
OER_03,Zaouit Ahançal,Oum Er Rbia,2011-07-01,2011,7,3.48625670967742,9.337589971200002
OER_03,Zaouit Ahançal,Oum Er Rbia,2011-08-01,2011,8,3.572777,9.5693259168
OER_03,Zaouit Ahançal,Oum Er Rbia,2011-09-01,2011,9,89.447631,231.848259552
OER_03,Zaouit Ahançal,Oum Er Rbia,2011-10-01,2011,10,0.760202290322581,2.036125814400001
OER_03,Zaouit Ahançal,Oum Er Rbia,2011-11-01,2011,11,0.195546633333333,0.5068568735999991
OER_03,Zaouit Ahançal,Oum Er Rbia,2011-12-01,2011,12,0.883775677419355,2.3671047744000004
OER_03,Zaouit Ahançal,Oum Er Rbia,2012-01-01,2012,1,1.83239774193548,4.9078941119999895
OER_03,Zaouit Ahançal,Oum Er Rbia,2012-02-01,2012,2,1.75119417241379,4.387792118399992
OER_03,Zaouit Ahançal,Oum Er Rbia,2012-03-01,2012,3,2.7939494516129,7.483314211199992
OER_03,Zaouit Ahançal,Oum Er Rbia,2012-04-01,2012,4,5.49451426666667,14.241780979200007
OER_03,Zaouit Ahançal,Oum Er Rbia,2012-05-01,2012,5,4.501805,12.057634512
OER_03,Zaouit Ahançal,Oum Er Rbia,2012-06-01,2012,6,2.53190753333333,6.562704326399991
OER_03,Zaouit Ahançal,Oum Er Rbia,2012-07-01,2012,7,1.75153664516129,4.691315750399999
OER_03,Zaouit Ahançal,Oum Er Rbia,2012-08-01,2012,8,1.23395251612903,3.305018419199994
OER_03,Zaouit Ahançal,Oum Er Rbia,2012-09-01,2012,9,1.27038633333333,3.2928413759999913
OER_03,Zaouit Ahançal,Oum Er Rbia,2012-10-01,2012,10,2.07688880645161,5.562738979199992
OER_03,Zaouit Ahançal,Oum Er Rbia,2012-11-01,2012,11,5.21144223333333,13.508058268799992
OER_03,Zaouit Ahançal,Oum Er Rbia,2012-12-01,2012,12,4.89984893548387,13.1237553888
OER_03,Zaouit Ahançal,Oum Er Rbia,2013-01-01,2013,1,3.23532638709677,8.665498195199989
OER_03,Zaouit Ahançal,Oum Er Rbia,2013-02-01,2013,2,4.0270505,9.7422405696
OER_03,Zaouit Ahançal,Oum Er Rbia,2013-03-01,2013,3,5.43661716129032,14.561435404799992
OER_03,Zaouit Ahançal,Oum Er Rbia,2013-04-01,2013,4,5.38855573333333,13.967136460799992
OER_03,Zaouit Ahançal,Oum Er Rbia,2013-05-01,2013,5,5.14942283870968,13.792214131200007
OER_03,Zaouit Ahançal,Oum Er Rbia,2013-06-01,2013,6,3.13080456666667,8.115045436800008
OER_03,Zaouit Ahançal,Oum Er Rbia,2013-07-01,2013,7,2.34497693548387,6.280786223999996
OER_03,Zaouit Ahançal,Oum Er Rbia,2013-08-01,2013,8,1.91686635483871,5.134134844800001
OER_03,Zaouit Ahançal,Oum Er Rbia,2013-09-01,2013,9,1.71576196666667,4.447255017600008
OER_03,Zaouit Ahançal,Oum Er Rbia,2013-10-01,2013,10,2.26988509677419,6.07966024319999
OER_03,Zaouit Ahançal,Oum Er Rbia,2013-11-01,2013,11,1.46867106666667,3.8067954048000088
OER_03,Zaouit Ahançal,Oum Er Rbia,2013-12-01,2013,12,1.44074677419355,3.8588961600000045
OER_03,Zaouit Ahançal,Oum Er Rbia,2014-01-01,2014,1,0.00805909677419355,0.021585484800000002
OER_03,Zaouit Ahançal,Oum Er Rbia,2014-02-01,2014,2,0.0,0.0
OER_03,Zaouit Ahançal,Oum Er Rbia,2014-03-01,2014,3,0.0,0.0
OER_03,Zaouit Ahançal,Oum Er Rbia,2014-04-01,2014,4,0.0,0.0
OER_03,Zaouit Ahançal,Oum Er Rbia,2014-05-01,2014,5,0.0,0.0
OER_03,Zaouit Ahançal,Oum Er Rbia,2014-06-01,2014,6,0.011477,0.029748384000000003
OER_03,Zaouit Ahançal,Oum Er Rbia,2014-07-01,2014,7,1.27261990322581,3.40858514880001
OER_03,Zaouit Ahançal,Oum Er Rbia,2014-08-01,2014,8,3.11048319354839,8.331118185600008
OER_03,Zaouit Ahançal,Oum Er Rbia,2014-09-01,2014,9,2.23230263333333,5.7861284255999905
OER_03,Zaouit Ahançal,Oum Er Rbia,2014-10-01,2014,10,1.240153,3.3216257952
OER_03,Zaouit Ahançal,Oum Er Rbia,2014-11-01,2014,11,6.57079203333333,17.03149295039999
OER_03,Zaouit Ahançal,Oum Er Rbia,2014-12-01,2014,12,6.23447487096774,16.698417494399994
OER_03,Zaouit Ahançal,Oum Er Rbia,2015-01-01,2015,1,4.28489983870968,11.476675728000005
OER_03,Zaouit Ahançal,Oum Er Rbia,2015-02-01,2015,2,1.95944875,4.740298416
OER_03,Zaouit Ahançal,Oum Er Rbia,2015-03-01,2015,3,5.99554829032258,16.058476540799997
OER_03,Zaouit Ahançal,Oum Er Rbia,2015-04-01,2015,4,15.0818407666667,39.09213126720009
OER_03,Zaouit Ahançal,Oum Er Rbia,2015-05-01,2015,5,6.03658874193548,16.16839928639999
OER_03,Zaouit Ahançal,Oum Er Rbia,2015-06-01,2015,6,4.36025863333333,11.30179037759999
OER_03,Zaouit Ahançal,Oum Er Rbia,2015-07-01,2015,7,2.91152912903226,7.798239619200004
OER_03,Zaouit Ahançal,Oum Er Rbia,2015-08-01,2015,8,2.16915080645161,5.809853519999992
OER_03,Zaouit Ahançal,Oum Er Rbia,2015-09-01,2015,9,2.03118466666667,5.264830656000009
OER_03,Zaouit Ahançal,Oum Er Rbia,2015-10-01,2015,10,1.89083880645161,5.064422659199992
OER_03,Zaouit Ahançal,Oum Er Rbia,2015-11-01,2015,11,1.7004019,4.4074417248
OER_03,Zaouit Ahançal,Oum Er Rbia,2015-12-01,2015,12,1.4432185483871,3.865516560000009
OER_03,Zaouit Ahançal,Oum Er Rbia,2016-01-01,2016,1,1.12386158064516,3.0101508575999962
OER_03,Zaouit Ahançal,Oum Er Rbia,2016-02-01,2016,2,0.992507413793103,2.486826575999999
OER_03,Zaouit Ahançal,Oum Er Rbia,2016-03-01,2016,3,2.1407375483871,5.733751449600009
OER_03,Zaouit Ahançal,Oum Er Rbia,2016-04-01,2016,4,3.81761686666667,9.895262918400011
OER_03,Zaouit Ahançal,Oum Er Rbia,2016-05-01,2016,5,1.68929729032258,4.524613862399998
OER_03,Zaouit Ahançal,Oum Er Rbia,2016-06-01,2016,6,0.590540133333333,1.530680025599999
OER_03,Zaouit Ahançal,Oum Er Rbia,2016-07-01,2016,7,0.506851935483871,1.357552224
OER_03,Zaouit Ahançal,Oum Er Rbia,2016-08-01,2016,8,0.943012774193548,2.525765414399999
OER_03,Zaouit Ahançal,Oum Er Rbia,2016-09-01,2016,9,1.50677863333333,3.9055702175999913
OER_03,Zaouit Ahançal,Oum Er Rbia,2016-10-01,2016,10,7.33584512903226,19.648327593600005
OER_03,Zaouit Ahançal,Oum Er Rbia,2016-11-01,2016,11,5.4935974,14.2394044608
OER_03,Zaouit Ahançal,Oum Er Rbia,2016-12-01,2016,12,2.43234270967742,6.514786713600003
OER_03,Zaouit Ahançal,Oum Er Rbia,2017-01-01,2017,1,1.82159809677419,4.878968342399991
OER_03,Zaouit Ahançal,Oum Er Rbia,2017-02-01,2017,2,2.10080039285714,5.082256310399993
OER_03,Zaouit Ahançal,Oum Er Rbia,2017-03-01,2017,3,4.4186895483871,11.835018086400007
OER_03,Zaouit Ahançal,Oum Er Rbia,2017-04-01,2017,4,3.52747686666667,9.14322003840001
OER_03,Zaouit Ahançal,Oum Er Rbia,2017-05-01,2017,5,3.21612887096774,8.614079567999994
OER_03,Zaouit Ahançal,Oum Er Rbia,2017-06-01,2017,6,1.34228276666667,3.479196931200008
OER_03,Zaouit Ahançal,Oum Er Rbia,2017-07-01,2017,7,1.0375,2.77884
OER_03,Zaouit Ahançal,Oum Er Rbia,2017-08-01,2017,8,1.08456093548387,2.9048880095999974
OER_03,Zaouit Ahançal,Oum Er Rbia,2017-09-01,2017,9,1.133125,2.93706
OER_03,Zaouit Ahançal,Oum Er Rbia,2017-10-01,2017,10,1.13367851612903,3.0364445375999938
OER_03,Zaouit Ahançal,Oum Er Rbia,2017-11-01,2017,11,1.13549883333333,2.9432129759999914
OER_03,Zaouit Ahançal,Oum Er Rbia,2017-12-01,2017,12,1.38050083870968,3.6975334464000067
OER_03,Zaouit Ahançal,Oum Er Rbia,2018-01-01,2018,1,1.65610825806452,4.43572035840001
OER_03,Zaouit Ahançal,Oum Er Rbia,2018-02-01,2018,2,2.29774717857143,5.558709974400003
OER_03,Zaouit Ahançal,Oum Er Rbia,2018-03-01,2018,3,34.5552416774194,92.55275930880013
OER_03,Zaouit Ahançal,Oum Er Rbia,2018-04-01,2018,4,27.5187332666667,71.3285566272001
OER_03,Zaouit Ahançal,Oum Er Rbia,2018-05-01,2018,5,5.74209783870968,15.379634851200008
OER_03,Zaouit Ahançal,Oum Er Rbia,2018-06-01,2018,6,2.0274877,5.2552481184
OER_03,Zaouit Ahançal,Oum Er Rbia,2018-07-01,2018,7,1.70852070967742,4.576101868800001
OER_03,Zaouit Ahançal,Oum Er Rbia,2018-08-01,2018,8,4.00266712903226,10.720743638400005
OER_03,Zaouit Ahançal,Oum Er Rbia,2018-09-01,2018,9,7.9808726,20.6864217792
OER_03,Zaouit Ahançal,Oum Er Rbia,2018-10-01,2018,10,6.79580403225806,18.20188151999999
OER_03,Zaouit Ahançal,Oum Er Rbia,2018-11-01,2018,11,9.1502814,23.7175293888
OER_03,Zaouit Ahançal,Oum Er Rbia,2018-12-01,2018,12,7.58425329032258,20.313664012799997
OER_03,Zaouit Ahançal,Oum Er Rbia,2019-01-01,2019,1,5.71865274193548,15.31683950399999
OER_03,Zaouit Ahançal,Oum Er Rbia,2019-02-01,2019,2,5.21303557142857,12.611375654399996
OER_03,Zaouit Ahançal,Oum Er Rbia,2019-03-01,2019,3,5.08605258064516,13.622483231999995
OER_03,Zaouit Ahançal,Oum Er Rbia,2019-04-01,2019,4,8.8323844,22.893540364800003
OER_03,Zaouit Ahançal,Oum Er Rbia,2019-05-01,2019,5,11.2651722580645,30.172637375999955
OER_03,Zaouit Ahançal,Oum Er Rbia,2019-06-01,2019,6,6.21270923333333,16.10334233279999
OER_03,Zaouit Ahançal,Oum Er Rbia,2019-07-01,2019,7,5.11261848387097,13.693637347200008
OER_03,Zaouit Ahançal,Oum Er Rbia,2019-08-01,2019,8,4.73070451612903,12.670718975999995
OER_03,Zaouit Ahançal,Oum Er Rbia,2019-09-01,2019,9,2.1480228,5.5676750976
OER_03,Zaouit Ahançal,Oum Er Rbia,2019-10-01,2019,10,1.48415780645161,3.975168268799992
OER_03,Zaouit Ahançal,Oum Er Rbia,2019-11-01,2019,11,1.26905423333333,3.289388572799991
OER_03,Zaouit Ahançal,Oum Er Rbia,2019-12-01,2019,12,1.3569184516129,3.6343703807999916
OER_03,Zaouit Ahançal,Oum Er Rbia,2020-01-01,2020,1,1.21173722580645,3.2455169855999957
OER_03,Zaouit Ahançal,Oum Er Rbia,2020-02-01,2020,2,1.19923989655172,3.0048154847999893
OER_03,Zaouit Ahançal,Oum Er Rbia,2020-03-01,2020,3,1.66144448387097,4.450012905600006
OER_03,Zaouit Ahançal,Oum Er Rbia,2020-04-01,2020,4,2.44854573333333,6.34663054079999
OER_03,Zaouit Ahançal,Oum Er Rbia,2020-05-01,2020,5,1.79752229032258,4.814483702399998
OER_03,Zaouit Ahançal,Oum Er Rbia,2020-06-01,2020,6,1.03169906666667,2.674163980800009
OER_03,Zaouit Ahançal,Oum Er Rbia,2020-07-01,2020,7,0.878348258064516,2.3525679744
OER_03,Zaouit Ahançal,Oum Er Rbia,2020-08-01,2020,8,0.975556225806452,2.612929795200001
OER_03,Zaouit Ahançal,Oum Er Rbia,2020-09-01,2020,9,1.31083446666667,3.397682937600009
OER_03,Zaouit Ahançal,Oum Er Rbia,2020-10-01,2020,10,1.31041970967742,3.5098281504000015
OER_03,Zaouit Ahançal,Oum Er Rbia,2020-11-01,2020,11,1.9925293,5.1646359456
OER_03,Zaouit Ahançal,Oum Er Rbia,2020-12-01,2020,12,2.00664735483871,5.374604275200001
OER_03,Zaouit Ahançal,Oum Er Rbia,2021-01-01,2021,1,2.20626532258065,5.909261040000013
OER_03,Zaouit Ahançal,Oum Er Rbia,2021-02-01,2021,2,2.34266496428571,5.66737508159999
OER_03,Zaouit Ahançal,Oum Er Rbia,2021-03-01,2021,3,4.81532261290323,12.89736008640001
OER_03,Zaouit Ahançal,Oum Er Rbia,2021-04-01,2021,4,4.98238186666667,12.914333798400008
OER_03,Zaouit Ahançal,Oum Er Rbia,2021-05-01,2021,5,2.24491022580645,6.012767548799995
OER_03,Zaouit Ahançal,Oum Er Rbia,2021-06-01,2021,6,1.2062396,3.1265730431999996
OER_03,Zaouit Ahançal,Oum Er Rbia,2021-07-01,2021,7,1.13490190322581,3.03972125760001
OER_03,Zaouit Ahançal,Oum Er Rbia,2021-08-01,2021,8,1.065,2.852496
OER_03,Zaouit Ahançal,Oum Er Rbia,2021-09-01,2021,9,1.14569733333333,2.9696474879999912
OER_03,Zaouit Ahançal,Oum Er Rbia,2021-10-01,2021,10,1.065,2.852496
OER_03,Zaouit Ahançal,Oum Er Rbia,2021-11-01,2021,11,1.04200156666667,2.7008680608000084
OER_03,Zaouit Ahançal,Oum Er Rbia,2021-12-01,2021,12,1.01974280645161,2.731279132799992
OER_03,Zaouit Ahançal,Oum Er Rbia,2022-01-01,2022,1,1.01875,2.72862
OER_03,Zaouit Ahançal,Oum Er Rbia,2022-02-01,2022,2,1.07673517857143,2.6048377440000037
OER_03,Zaouit Ahançal,Oum Er Rbia,2022-03-01,2022,3,1.22221212903226,3.2735729664000055
OER_03,Zaouit Ahançal,Oum Er Rbia,2022-04-01,2022,4,1.80263826666667,4.6724383872000095
OER_03,Zaouit Ahançal,Oum Er Rbia,2022-05-01,2022,5,1.12883335483871,3.0234672576000006
OER_03,Zaouit Ahançal,Oum Er Rbia,2022-06-01,2022,6,0.996888466666667,2.583934905600001
OER_03,Zaouit Ahançal,Oum Er Rbia,2022-07-01,2022,7,1.27231290322581,3.4077628800000097
OER_03,Zaouit Ahançal,Oum Er Rbia,2022-08-01,2022,8,0.934890129032258,2.5040097215999997
OER_04,Tillouguite,Oum Er Rbia,1977-09-01,1977,9,3.34106306666667,8.66003546880001
OER_04,Tillouguite,Oum Er Rbia,1977-10-01,1977,10,2.93186564516129,7.852708943999998
OER_04,Tillouguite,Oum Er Rbia,1977-11-01,1977,11,4.6739391,12.114850147200002
OER_04,Tillouguite,Oum Er Rbia,1977-12-01,1977,12,9.48983029032258,25.4175614496
OER_04,Tillouguite,Oum Er Rbia,1978-01-01,1978,1,9.28610787096774,24.8719113216
OER_04,Tillouguite,Oum Er Rbia,1978-02-01,1978,2,25.72079225,62.2237406112
OER_04,Tillouguite,Oum Er Rbia,1978-03-01,1978,3,20.4582934516129,54.795493180799994
OER_04,Tillouguite,Oum Er Rbia,1978-04-01,1978,4,28.0483137333333,72.7012291967999
OER_04,Tillouguite,Oum Er Rbia,1978-05-01,1978,5,18.2352642580645,48.841331788799955
OER_04,Tillouguite,Oum Er Rbia,1978-06-01,1978,6,8.554716,22.173823872
OER_04,Tillouguite,Oum Er Rbia,1978-07-01,1978,7,4.86341,13.026157344000001
OER_04,Tillouguite,Oum Er Rbia,1978-08-01,1978,8,3.85414148387097,10.322932550400006
OER_04,Tillouguite,Oum Er Rbia,1978-09-01,1978,9,3.233,8.379936
OER_04,Tillouguite,Oum Er Rbia,1978-10-01,1978,10,3.38967741935484,9.078912000000004
OER_04,Tillouguite,Oum Er Rbia,1978-11-01,1978,11,3.58433333333333,9.290591999999991
OER_04,Tillouguite,Oum Er Rbia,1978-12-01,1978,12,3.46064516129032,9.268991999999994
OER_04,Tillouguite,Oum Er Rbia,1979-01-01,1979,1,8.73322580645161,23.391071999999994
OER_04,Tillouguite,Oum Er Rbia,1979-02-01,1979,2,28.2285714285714,68.29055999999993
OER_04,Tillouguite,Oum Er Rbia,1979-03-01,1979,3,54.8193548387097,146.82816000000005
OER_04,Tillouguite,Oum Er Rbia,1979-04-01,1979,4,56.88,147.43296
OER_04,Tillouguite,Oum Er Rbia,1979-05-01,1979,5,29.1838709677419,78.16607999999991
OER_04,Tillouguite,Oum Er Rbia,1979-06-01,1979,6,12.9146666666667,33.47481600000008
OER_04,Tillouguite,Oum Er Rbia,1979-07-01,1979,7,6.70967741935484,17.971200000000003
OER_04,Tillouguite,Oum Er Rbia,1979-08-01,1979,8,4.92322580645161,13.186367999999993
OER_04,Tillouguite,Oum Er Rbia,1979-09-01,1979,9,6.362,16.490304000000002
OER_04,Tillouguite,Oum Er Rbia,1979-10-01,1979,10,13.0567741935484,34.97126400000004
OER_04,Tillouguite,Oum Er Rbia,1979-11-01,1979,11,7.85133333333333,20.350655999999994
OER_04,Tillouguite,Oum Er Rbia,1979-12-01,1979,12,5.39096774193548,14.439167999999992
OER_04,Tillouguite,Oum Er Rbia,1980-01-01,1980,1,5.95516129032258,15.950303999999996
OER_04,Tillouguite,Oum Er Rbia,1980-02-01,1980,2,10.0048275862069,25.068096000000008
OER_04,Tillouguite,Oum Er Rbia,1980-03-01,1980,3,26.2387096774194,70.27776000000011
OER_04,Tillouguite,Oum Er Rbia,1980-04-01,1980,4,41.3333333333333,107.13599999999992
OER_04,Tillouguite,Oum Er Rbia,1980-05-01,1980,5,24.1096774193548,64.57535999999989
OER_04,Tillouguite,Oum Er Rbia,1980-06-01,1980,6,9.74466666666667,25.25817600000001
OER_04,Tillouguite,Oum Er Rbia,1980-07-01,1980,7,5.42193548387097,14.522112000000005
OER_04,Tillouguite,Oum Er Rbia,1980-08-01,1980,8,3.98483870967742,10.672992000000002
OER_04,Tillouguite,Oum Er Rbia,1980-09-01,1980,9,9.416,24.406272
OER_04,Tillouguite,Oum Er Rbia,1980-10-01,1980,10,7.48032258064516,20.035295999999995
OER_04,Tillouguite,Oum Er Rbia,1980-11-01,1980,11,11.1703333333333,28.953503999999914
OER_04,Tillouguite,Oum Er Rbia,1980-12-01,1980,12,6.70225806451613,17.951328000000004
OER_04,Tillouguite,Oum Er Rbia,1981-01-01,1981,1,5.68290322580645,15.221087999999995
OER_04,Tillouguite,Oum Er Rbia,1981-02-01,1981,2,11.27,27.264384
OER_04,Tillouguite,Oum Er Rbia,1981-03-01,1981,3,16.8612903225806,45.16127999999989
OER_04,Tillouguite,Oum Er Rbia,1981-04-01,1981,4,19.2833333333333,49.98239999999991
OER_04,Tillouguite,Oum Er Rbia,1981-05-01,1981,5,8.15451612903226,21.841056000000005
OER_04,Tillouguite,Oum Er Rbia,1981-06-01,1981,6,5.097,13.211424000000003
OER_04,Tillouguite,Oum Er Rbia,1981-07-01,1981,7,3.52290322580645,9.435743999999996
OER_04,Tillouguite,Oum Er Rbia,1981-08-01,1981,8,2.67225806451613,7.157376000000003
OER_04,Tillouguite,Oum Er Rbia,1981-09-01,1981,9,2.50166666666667,6.484320000000008
OER_04,Tillouguite,Oum Er Rbia,1981-10-01,1981,10,2.51870967741935,6.746111999999986
OER_04,Tillouguite,Oum Er Rbia,1981-11-01,1981,11,2.83066666666667,7.3370880000000085
OER_04,Tillouguite,Oum Er Rbia,1981-12-01,1981,12,2.73387096774194,7.3224000000000125
OER_04,Tillouguite,Oum Er Rbia,1982-01-01,1982,1,2.86193548387097,7.6654080000000056
OER_04,Tillouguite,Oum Er Rbia,1982-02-01,1982,2,4.68107142857143,11.324448000000004
OER_04,Tillouguite,Oum Er Rbia,1982-03-01,1982,3,9.65322580645161,25.855199999999996
OER_04,Tillouguite,Oum Er Rbia,1982-04-01,1982,4,18.201,47.176992
OER_04,Tillouguite,Oum Er Rbia,1982-05-01,1982,5,27.8161290322581,74.5027200000001
OER_04,Tillouguite,Oum Er Rbia,1982-06-01,1982,6,17.119,44.37244799999999
OER_04,Tillouguite,Oum Er Rbia,1982-07-01,1982,7,6.2141935483871,16.644096000000008
OER_04,Tillouguite,Oum Er Rbia,1982-08-01,1982,8,5.03290322580645,13.480127999999997
OER_04,Tillouguite,Oum Er Rbia,1982-09-01,1982,9,4.13633333333333,10.721375999999992
OER_04,Tillouguite,Oum Er Rbia,1982-10-01,1982,10,3.41774193548387,9.154079999999997
OER_04,Tillouguite,Oum Er Rbia,1982-11-01,1982,11,3.21066666666667,8.32204800000001
OER_04,Tillouguite,Oum Er Rbia,1982-12-01,1982,12,3.28,8.785152
OER_04,Tillouguite,Oum Er Rbia,1983-01-01,1983,1,3.49354838709677,9.35711999999999
OER_04,Tillouguite,Oum Er Rbia,1983-02-01,1983,2,6.38964285714286,15.457824000000008
OER_04,Tillouguite,Oum Er Rbia,1983-03-01,1983,3,10.8470967741935,29.052863999999865
OER_04,Tillouguite,Oum Er Rbia,1983-04-01,1983,4,6.56033333333333,17.004383999999988
OER_04,Tillouguite,Oum Er Rbia,1983-05-01,1983,5,6.83,18.293472
OER_04,Tillouguite,Oum Er Rbia,1983-06-01,1983,6,3.35166666666667,8.687520000000008
OER_04,Tillouguite,Oum Er Rbia,1983-07-01,1983,7,2.45709677419355,6.581088000000005
OER_04,Tillouguite,Oum Er Rbia,1983-08-01,1983,8,2.11967741935484,5.677344000000002
OER_04,Tillouguite,Oum Er Rbia,1983-09-01,1983,9,2.244,5.816448000000001
OER_04,Tillouguite,Oum Er Rbia,1983-10-01,1983,10,2.25516129032258,6.0402239999999985
OER_04,Tillouguite,Oum Er Rbia,1983-11-01,1983,11,5.88233333333333,15.24700799999999
OER_04,Tillouguite,Oum Er Rbia,1983-12-01,1983,12,3.6958064516129,9.898847999999992
OER_04,Tillouguite,Oum Er Rbia,1984-01-01,1984,1,3.12225806451613,8.362656000000003
OER_04,Tillouguite,Oum Er Rbia,1984-02-01,1984,2,2.46724137931034,6.181919999999988
OER_04,Tillouguite,Oum Er Rbia,1984-03-01,1984,3,6.98741935483871,18.715104
OER_04,Tillouguite,Oum Er Rbia,1984-04-01,1984,4,10.114,26.215488
OER_04,Tillouguite,Oum Er Rbia,1984-05-01,1984,5,17.8467741935484,47.80080000000003
OER_04,Tillouguite,Oum Er Rbia,1984-06-01,1984,6,6.25766666666667,16.21987200000001
OER_04,Tillouguite,Oum Er Rbia,1984-07-01,1984,7,3.46935483870968,9.292320000000007
OER_04,Tillouguite,Oum Er Rbia,1984-08-01,1984,8,2.48967741935484,6.668352000000005
OER_04,Tillouguite,Oum Er Rbia,1984-09-01,1984,9,2.228,5.774976
OER_04,Tillouguite,Oum Er Rbia,1984-10-01,1984,10,2.23032258064516,5.973695999999996
OER_04,Tillouguite,Oum Er Rbia,1984-11-01,1984,11,2.71233333333333,7.03036799999999
OER_04,Tillouguite,Oum Er Rbia,1984-12-01,1984,12,2.63903225806452,7.068384000000011
OER_04,Tillouguite,Oum Er Rbia,1985-01-01,1985,1,7.08193548387097,18.968256000000004
OER_04,Tillouguite,Oum Er Rbia,1985-02-01,1985,2,21.2071428571429,51.304320000000104
OER_04,Tillouguite,Oum Er Rbia,1985-03-01,1985,3,20.2032258064516,54.112319999999954
OER_04,Tillouguite,Oum Er Rbia,1985-04-01,1985,4,19.9733333333333,51.77087999999992
OER_04,Tillouguite,Oum Er Rbia,1985-05-01,1985,5,13.6051612903226,36.44006400000005
OER_04,Tillouguite,Oum Er Rbia,1985-06-01,1985,6,5.95733333333333,15.441407999999992
OER_04,Tillouguite,Oum Er Rbia,1985-07-01,1985,7,3.65225806451613,9.782208000000002
OER_04,Tillouguite,Oum Er Rbia,1985-08-01,1985,8,3.10032258064516,8.303903999999998
OER_04,Tillouguite,Oum Er Rbia,1985-09-01,1985,9,2.91266666666667,7.54963200000001
OER_04,Tillouguite,Oum Er Rbia,1985-10-01,1985,10,3.03096774193548,8.11814399999999
OER_04,Tillouguite,Oum Er Rbia,1985-11-01,1985,11,3.895,10.09584
OER_04,Tillouguite,Oum Er Rbia,1985-12-01,1985,12,3.44258064516129,9.220608
OER_04,Tillouguite,Oum Er Rbia,1986-01-01,1986,1,6.58387096774194,17.634240000000013
OER_04,Tillouguite,Oum Er Rbia,1986-02-01,1986,2,14.5010714285714,35.080991999999924
OER_04,Tillouguite,Oum Er Rbia,1986-03-01,1986,3,22.5161290322581,60.307200000000094
OER_04,Tillouguite,Oum Er Rbia,1986-04-01,1986,4,24.43,63.32256
OER_04,Tillouguite,Oum Er Rbia,1986-05-01,1986,5,13.4083870967742,35.913024000000014
OER_04,Tillouguite,Oum Er Rbia,1986-06-01,1986,6,6.38033333333333,16.537823999999993
OER_04,Tillouguite,Oum Er Rbia,1986-07-01,1986,7,4.16935483870968,11.167200000000006
OER_04,Tillouguite,Oum Er Rbia,1986-08-01,1986,8,3.5158064516129,9.416735999999991
OER_04,Tillouguite,Oum Er Rbia,1986-09-01,1986,9,2.94866666666667,7.64294400000001
OER_04,Tillouguite,Oum Er Rbia,1986-10-01,1986,10,3.45548387096774,9.255167999999994
OER_04,Tillouguite,Oum Er Rbia,1986-11-01,1986,11,3.27366666666667,8.485344000000007
OER_04,Tillouguite,Oum Er Rbia,1986-12-01,1986,12,5.09096774193548,13.635647999999989
OER_04,Tillouguite,Oum Er Rbia,1987-01-01,1987,1,3.94129032258065,10.556352000000013
OER_04,Tillouguite,Oum Er Rbia,1987-02-01,1987,2,30.455,73.676736
OER_04,Tillouguite,Oum Er Rbia,1987-03-01,1987,3,41.4258064516129,110.95487999999999
OER_04,Tillouguite,Oum Er Rbia,1987-04-01,1987,4,24.0233333333333,62.26847999999992
OER_04,Tillouguite,Oum Er Rbia,1987-05-01,1987,5,10.4309677419355,27.938304000000045
OER_04,Tillouguite,Oum Er Rbia,1987-06-01,1987,6,8.85433333333333,22.95043199999999
OER_04,Tillouguite,Oum Er Rbia,1987-07-01,1987,7,5.73096774193548,15.349823999999991
OER_04,Tillouguite,Oum Er Rbia,1987-08-01,1987,8,4.02774193548387,10.787903999999996
OER_04,Tillouguite,Oum Er Rbia,1987-09-01,1987,9,4.62933333333333,11.99923199999999
OER_04,Tillouguite,Oum Er Rbia,1987-10-01,1987,10,9.39838709677419,25.172639999999994
OER_04,Tillouguite,Oum Er Rbia,1987-11-01,1987,11,10.1453333333333,26.296703999999913
OER_04,Tillouguite,Oum Er Rbia,1987-12-01,1987,12,13.568064516129,36.34070399999991
OER_04,Tillouguite,Oum Er Rbia,1988-01-01,1988,1,8.68032258064516,23.249375999999998
OER_04,Tillouguite,Oum Er Rbia,1988-02-01,1988,2,44.9137931034483,112.53600000000006
OER_04,Tillouguite,Oum Er Rbia,1988-03-01,1988,3,37.058064516129,99.25631999999992
OER_04,Tillouguite,Oum Er Rbia,1988-04-01,1988,4,18.3533333333333,47.57183999999991
OER_04,Tillouguite,Oum Er Rbia,1988-05-01,1988,5,9.60935483870968,25.737696000000003
OER_04,Tillouguite,Oum Er Rbia,1988-06-01,1988,6,6.15833333333333,15.96239999999999
OER_04,Tillouguite,Oum Er Rbia,1988-07-01,1988,7,4.29516129032258,11.50416
OER_04,Tillouguite,Oum Er Rbia,1988-08-01,1988,8,3.78258064516129,10.131264
OER_04,Tillouguite,Oum Er Rbia,1988-09-01,1988,9,4.40133333333333,11.408255999999993
OER_04,Tillouguite,Oum Er Rbia,1988-10-01,1988,10,4.41741935483871,11.831616000000002
OER_04,Tillouguite,Oum Er Rbia,1988-11-01,1988,11,7.242,18.771264
OER_04,Tillouguite,Oum Er Rbia,1988-12-01,1988,12,6.57354838709677,17.60659199999999
OER_04,Tillouguite,Oum Er Rbia,1989-01-01,1989,1,4.6458064516129,12.44332799999999
OER_04,Tillouguite,Oum Er Rbia,1989-02-01,1989,2,8.68071428571429,21.00038400000001
OER_04,Tillouguite,Oum Er Rbia,1989-03-01,1989,3,25.558064516129,68.45471999999991
OER_04,Tillouguite,Oum Er Rbia,1989-04-01,1989,4,60.1133333333333,155.81375999999992
OER_04,Tillouguite,Oum Er Rbia,1989-05-01,1989,5,27.8232258064516,74.52172799999997
OER_04,Tillouguite,Oum Er Rbia,1989-06-01,1989,6,9.47866666666667,24.56870400000001
OER_04,Tillouguite,Oum Er Rbia,1989-07-01,1989,7,3.2441935483871,8.689248000000008
OER_04,Tillouguite,Oum Er Rbia,1989-08-01,1989,8,3.62348387096774,9.705139199999994
OER_04,Tillouguite,Oum Er Rbia,1989-09-01,1989,9,2.44532393333333,6.338279635199991
OER_04,Tillouguite,Oum Er Rbia,1989-10-01,1989,10,3.83045280645161,10.259484796799994
OER_04,Tillouguite,Oum Er Rbia,1989-11-01,1989,11,7.79773713333333,20.211734649599993
OER_04,Tillouguite,Oum Er Rbia,1989-12-01,1989,12,13.9139705483871,37.267178716800004
OER_04,Tillouguite,Oum Er Rbia,1990-01-01,1990,1,7.71272719354839,20.657768515200008
OER_04,Tillouguite,Oum Er Rbia,1990-02-01,1990,2,14.3318711428571,34.6716626687999
OER_04,Tillouguite,Oum Er Rbia,1990-03-01,1990,3,26.5903262580645,71.21952984959995
OER_04,Tillouguite,Oum Er Rbia,1990-04-01,1990,4,17.1238588,44.38504200960001
OER_04,Tillouguite,Oum Er Rbia,1990-05-01,1990,5,22.883564483871,61.29133911360009
OER_04,Tillouguite,Oum Er Rbia,1990-06-01,1990,6,6.23682453333333,16.16584919039999
OER_04,Tillouguite,Oum Er Rbia,1990-07-01,1990,7,4.71638077419355,12.632354265600005
OER_04,Tillouguite,Oum Er Rbia,1990-08-01,1990,8,3.98095677419355,10.662594624000006
OER_04,Tillouguite,Oum Er Rbia,1990-09-01,1990,9,3.06083333333333,7.933679999999992
OER_04,Tillouguite,Oum Er Rbia,1990-10-01,1990,10,1.25387096774194,3.358368000000012
OER_04,Tillouguite,Oum Er Rbia,1990-11-01,1990,11,0.799933333333333,2.0734271999999994
OER_04,Tillouguite,Oum Er Rbia,1990-12-01,1990,12,1.41761290322581,3.79693440000001
OER_04,Tillouguite,Oum Er Rbia,1991-01-01,1991,1,1.06935483870968,2.8641600000000076
OER_04,Tillouguite,Oum Er Rbia,1991-02-01,1991,2,2.35196428571429,5.689872000000011
OER_04,Tillouguite,Oum Er Rbia,1991-03-01,1991,3,38.1529032258065,102.18873600000012
OER_04,Tillouguite,Oum Er Rbia,1991-04-01,1991,4,71.6233333333333,185.64767999999995
OER_04,Tillouguite,Oum Er Rbia,1991-05-01,1991,5,27.158064516129,72.7401599999999
OER_04,Tillouguite,Oum Er Rbia,1991-06-01,1991,6,9.76033333333333,25.298783999999987
OER_04,Tillouguite,Oum Er Rbia,1991-07-01,1991,7,5.01322580645161,13.427423999999993
OER_04,Tillouguite,Oum Er Rbia,1991-08-01,1991,8,4.42935483870968,11.863584000000007
OER_04,Tillouguite,Oum Er Rbia,1991-09-01,1991,9,4.891,12.677472
OER_04,Tillouguite,Oum Er Rbia,1991-10-01,1991,10,1.48322580645161,3.9726719999999927
OER_04,Tillouguite,Oum Er Rbia,1991-11-01,1991,11,0.6324,1.6391807999999999
OER_04,Tillouguite,Oum Er Rbia,1991-12-01,1991,12,0.607612903225806,1.6274303999999988
OER_04,Tillouguite,Oum Er Rbia,1992-01-01,1992,1,0.427806451612903,1.1458367999999994
OER_04,Tillouguite,Oum Er Rbia,1992-02-01,1992,2,0.30548275862069,0.7654176000000009
OER_04,Tillouguite,Oum Er Rbia,1992-03-01,1992,3,2.40558064516129,6.443107199999999
OER_04,Tillouguite,Oum Er Rbia,1992-04-01,1992,4,34.3836666666667,89.12246400000008
OER_04,Tillouguite,Oum Er Rbia,1992-05-01,1992,5,19.3161290322581,51.7363200000001
OER_04,Tillouguite,Oum Er Rbia,1992-06-01,1992,6,6.61233333333333,17.13916799999999
OER_04,Tillouguite,Oum Er Rbia,1992-07-01,1992,7,4.22741935483871,11.322720000000002
OER_04,Tillouguite,Oum Er Rbia,1992-08-01,1992,8,4.1441935483871,11.099808000000008
OER_04,Tillouguite,Oum Er Rbia,1992-09-01,1992,9,3.157,8.182944
OER_04,Tillouguite,Oum Er Rbia,1992-10-01,1992,10,2.8641935483871,7.671456000000007
OER_04,Tillouguite,Oum Er Rbia,1992-11-01,1992,11,3.135,8.12592
OER_04,Tillouguite,Oum Er Rbia,1992-12-01,1992,12,3.19,8.544096
OER_04,Tillouguite,Oum Er Rbia,1993-01-01,1993,1,3.02903225806452,8.11296000000001
OER_04,Tillouguite,Oum Er Rbia,1993-02-01,1993,2,2.84964285714286,6.893856000000007
OER_04,Tillouguite,Oum Er Rbia,1993-03-01,1993,3,30.9987096774194,83.02694400000011
OER_04,Tillouguite,Oum Er Rbia,1993-04-01,1993,4,25.7833333333333,66.83039999999991
OER_04,Tillouguite,Oum Er Rbia,1993-05-01,1993,5,9.69064516129032,25.955423999999994
OER_04,Tillouguite,Oum Er Rbia,1993-06-01,1993,6,4.27333333333333,11.076479999999993
OER_04,Tillouguite,Oum Er Rbia,1993-07-01,1993,7,2.95677419354839,7.919424000000008
OER_04,Tillouguite,Oum Er Rbia,1993-08-01,1993,8,2.50258064516129,6.702912
OER_04,Tillouguite,Oum Er Rbia,1993-09-01,1993,9,2.7317056,7.0805809152000005
OER_04,Tillouguite,Oum Er Rbia,1993-10-01,1993,10,2.51297116129032,6.730741958399993
OER_04,Tillouguite,Oum Er Rbia,1993-11-01,1993,11,12.9465460333333,33.557447318399916
OER_04,Tillouguite,Oum Er Rbia,1993-12-01,1993,12,10.1899933548387,27.292878201599976
OER_04,Tillouguite,Oum Er Rbia,1994-01-01,1994,1,7.88007341935484,21.105988646400004
OER_04,Tillouguite,Oum Er Rbia,1994-02-01,1994,2,30.4330705,73.62368415360001
OER_04,Tillouguite,Oum Er Rbia,1994-03-01,1994,3,72.5720832903226,194.37706788480006
OER_04,Tillouguite,Oum Er Rbia,1994-04-01,1994,4,49.4175406333333,128.09026532159993
OER_04,Tillouguite,Oum Er Rbia,1994-05-01,1994,5,13.7107680322581,36.72292109760009
OER_04,Tillouguite,Oum Er Rbia,1994-06-01,1994,6,4.49421826666667,11.64901374720001
OER_04,Tillouguite,Oum Er Rbia,1994-07-01,1994,7,3.21457796774194,8.609925628800012
OER_04,Tillouguite,Oum Er Rbia,1994-08-01,1994,8,3.5508723870967698,9.510656601599987
OER_04,Tillouguite,Oum Er Rbia,1994-09-01,1994,9,2.618,6.785855999999999
OER_04,Tillouguite,Oum Er Rbia,1994-10-01,1994,10,2.51774193548387,6.7435199999999975
OER_04,Tillouguite,Oum Er Rbia,1994-11-01,1994,11,2.502,6.485183999999999
OER_04,Tillouguite,Oum Er Rbia,1994-12-01,1994,12,2.3,6.16032
OER_04,Tillouguite,Oum Er Rbia,1995-01-01,1995,1,2.25387096774194,6.036768000000011
OER_04,Tillouguite,Oum Er Rbia,1995-02-01,1995,2,2.15035714285714,5.202143999999993
OER_04,Tillouguite,Oum Er Rbia,1995-03-01,1995,3,3.79064516129032,10.152863999999992
OER_04,Tillouguite,Oum Er Rbia,1995-04-01,1995,4,22.687,58.804704
OER_04,Tillouguite,Oum Er Rbia,1995-05-01,1995,5,7.29193548387097,19.530720000000006
OER_04,Tillouguite,Oum Er Rbia,1995-06-01,1995,6,3.30766666666667,8.57347200000001
OER_04,Tillouguite,Oum Er Rbia,1995-07-01,1995,7,2.4958064516129,6.68476799999999
OER_04,Tillouguite,Oum Er Rbia,1995-08-01,1995,8,3.86,10.338624
OER_04,Tillouguite,Oum Er Rbia,1995-09-01,1995,9,3.08266666666667,7.990272000000009
OER_04,Tillouguite,Oum Er Rbia,1995-10-01,1995,10,2.17967741935484,5.838048000000003
OER_04,Tillouguite,Oum Er Rbia,1995-11-01,1995,11,2.55633333333333,6.626015999999992
OER_04,Tillouguite,Oum Er Rbia,1995-12-01,1995,12,9.10064516129032,24.375167999999988
OER_04,Tillouguite,Oum Er Rbia,1996-01-01,1996,1,19.2322580645161,51.51167999999992
OER_04,Tillouguite,Oum Er Rbia,1996-02-01,1996,2,58.6379310344828,146.9232000000001
OER_04,Tillouguite,Oum Er Rbia,1996-03-01,1996,3,94.6548387096774,253.52351999999996
OER_04,Tillouguite,Oum Er Rbia,1996-04-01,1996,4,69.8766666666667,181.12032000000005
OER_04,Tillouguite,Oum Er Rbia,1996-05-01,1996,5,34.3451612903226,91.99008000000006
OER_04,Tillouguite,Oum Er Rbia,1996-06-01,1996,6,47.13,122.16096000000002
OER_04,Tillouguite,Oum Er Rbia,1996-07-01,1996,7,12.2041935483871,32.687712000000005
OER_04,Tillouguite,Oum Er Rbia,1996-08-01,1996,8,4.7641935483871,12.760416000000008
OER_04,Tillouguite,Oum Er Rbia,1996-09-01,1996,9,3.51299223333333,9.105675868799992
OER_04,Tillouguite,Oum Er Rbia,1996-10-01,1996,10,2.62258241935484,7.024324752000004
OER_04,Tillouguite,Oum Er Rbia,1996-11-01,1996,11,2.25344723333333,5.8409352287999905
OER_04,Tillouguite,Oum Er Rbia,1996-12-01,1996,12,4.3085674516129,11.540067062399991
OER_04,Tillouguite,Oum Er Rbia,1997-01-01,1997,1,13.5735400645161,36.35536970879992
OER_04,Tillouguite,Oum Er Rbia,1997-02-01,1997,2,22.4959900714286,54.422299180800074
OER_04,Tillouguite,Oum Er Rbia,1997-03-01,1997,3,18.839867483871,50.460701068800084
OER_04,Tillouguite,Oum Er Rbia,1997-04-01,1997,4,46.8391285333333,121.40702115839991
OER_04,Tillouguite,Oum Er Rbia,1997-05-01,1997,5,22.5506124516129,60.39956039039999
OER_04,Tillouguite,Oum Er Rbia,1997-06-01,1997,6,5.69036423333333,14.749424092799993
OER_04,Tillouguite,Oum Er Rbia,1997-07-01,1997,7,3.06861087096774,8.218967356799995
OER_04,Tillouguite,Oum Er Rbia,1997-08-01,1997,8,2.99343696774194,8.017621574400012
OER_04,Tillouguite,Oum Er Rbia,1997-09-01,1997,9,6.68012796666667,17.31489168960001
OER_04,Tillouguite,Oum Er Rbia,1997-10-01,1997,10,3.20699732258065,8.589621628800014
OER_04,Tillouguite,Oum Er Rbia,1997-11-01,1997,11,2.37435553333333,6.154329542399991
OER_04,Tillouguite,Oum Er Rbia,1997-12-01,1997,12,4.63480741935484,12.413868192000004
OER_04,Tillouguite,Oum Er Rbia,1998-01-01,1998,1,4.39495270967742,11.7714413376
OER_04,Tillouguite,Oum Er Rbia,1998-02-01,1998,2,30.9011565714286,74.75607797760007
OER_04,Tillouguite,Oum Er Rbia,1998-03-01,1998,3,13.3986382903226,35.886912796800054
OER_04,Tillouguite,Oum Er Rbia,1998-04-01,1998,4,11.9469933333333,30.966606719999913
OER_04,Tillouguite,Oum Er Rbia,1998-05-01,1998,5,9.42298332258065,25.238518531200015
OER_04,Tillouguite,Oum Er Rbia,1998-06-01,1998,6,9.291769,24.084265248000005
OER_04,Tillouguite,Oum Er Rbia,1998-07-01,1998,7,7.06157590322581,18.913724899200012
OER_04,Tillouguite,Oum Er Rbia,1998-08-01,1998,8,6.29755503225806,16.86737139839999
OER_04,Tillouguite,Oum Er Rbia,1998-09-01,1998,9,6.0999651,15.8111095392
OER_04,Tillouguite,Oum Er Rbia,1998-10-01,1998,10,3.94512229032258,10.5666155424
OER_04,Tillouguite,Oum Er Rbia,1998-11-01,1998,11,3.98217623333333,10.321800796799991
OER_04,Tillouguite,Oum Er Rbia,1998-12-01,1998,12,4.20359929032258,11.258920339199998
OER_04,Tillouguite,Oum Er Rbia,1999-01-01,1999,1,4.37273616129032,11.711936534399994
OER_04,Tillouguite,Oum Er Rbia,1999-02-01,1999,2,5.33616764285714,12.909256761599991
OER_04,Tillouguite,Oum Er Rbia,1999-03-01,1999,3,11.7973998387097,31.59815572800006
OER_04,Tillouguite,Oum Er Rbia,1999-04-01,1999,4,14.5415868666667,37.69179315840009
OER_04,Tillouguite,Oum Er Rbia,1999-05-01,1999,5,8.05284577419355,21.568742121600007
OER_04,Tillouguite,Oum Er Rbia,1999-06-01,1999,6,6.41839706666667,16.63648519680001
OER_04,Tillouguite,Oum Er Rbia,1999-07-01,1999,7,5.48849132258065,14.700375158400014
OER_04,Tillouguite,Oum Er Rbia,1999-08-01,1999,8,6.95719129032258,18.634141151999998
OER_04,Tillouguite,Oum Er Rbia,1999-09-01,1999,9,4.94817756666667,12.825676252800008
OER_04,Tillouguite,Oum Er Rbia,1999-10-01,1999,10,9.5967774516129,25.704008726399987
OER_04,Tillouguite,Oum Er Rbia,1999-11-01,1999,11,5.99815273333333,15.547211884799992
OER_04,Tillouguite,Oum Er Rbia,1999-12-01,1999,12,6.32247225806452,16.93410969600001
OER_04,Tillouguite,Oum Er Rbia,2000-01-01,2000,1,4.28583193548387,11.479172255999995
OER_04,Tillouguite,Oum Er Rbia,2000-02-01,2000,2,3.58539848275862,8.983574438399998
OER_04,Tillouguite,Oum Er Rbia,2000-03-01,2000,3,3.58,9.588672
OER_04,Tillouguite,Oum Er Rbia,2000-04-01,2000,4,7.15348033333333,18.54182102399999
OER_04,Tillouguite,Oum Er Rbia,2000-05-01,2000,5,5.29089319354839,14.171128329600009
OER_04,Tillouguite,Oum Er Rbia,2000-06-01,2000,6,4.880297,12.649729824
OER_04,Tillouguite,Oum Er Rbia,2000-07-01,2000,7,4.786,12.818822399999998
OER_04,Tillouguite,Oum Er Rbia,2000-08-01,2000,8,4.15549070967742,11.130066316800002
OER_04,Tillouguite,Oum Er Rbia,2000-09-01,2000,9,3.75182633333333,9.724733855999993
OER_04,Tillouguite,Oum Er Rbia,2000-10-01,2000,10,4.36254406451613,11.684638022400003
OER_04,Tillouguite,Oum Er Rbia,2000-11-01,2000,11,4.3719037,11.331974390399997
OER_04,Tillouguite,Oum Er Rbia,2000-12-01,2000,12,4.50414309677419,12.06389687039999
OER_04,Tillouguite,Oum Er Rbia,2001-01-01,2001,1,7.38484083870968,19.779557702400005
OER_04,Tillouguite,Oum Er Rbia,2001-02-01,2001,2,8.96423507142857,21.686277484799994
OER_04,Tillouguite,Oum Er Rbia,2001-03-01,2001,3,13.2570459354839,35.50767183360007
OER_04,Tillouguite,Oum Er Rbia,2001-04-01,2001,4,9.8607626,25.5590966592
OER_04,Tillouguite,Oum Er Rbia,2001-05-01,2001,5,8.75770935483871,23.456648736
OER_04,Tillouguite,Oum Er Rbia,2001-06-01,2001,6,8.101773,20.999795616
OER_04,Tillouguite,Oum Er Rbia,2001-07-01,2001,7,7.62988480645161,20.435883465599996
OER_04,Tillouguite,Oum Er Rbia,2001-08-01,2001,8,8.29563293548387,22.219023254399996
OER_04,Tillouguite,Oum Er Rbia,2001-09-01,2001,9,2.41689736666667,6.264597974400009
OER_04,Tillouguite,Oum Er Rbia,2001-10-01,2001,10,3.42382658064516,9.170377113599997
OER_04,Tillouguite,Oum Er Rbia,2001-11-01,2001,11,3.8672855,10.024004016
OER_04,Tillouguite,Oum Er Rbia,2001-12-01,2001,12,4.71367909677419,12.625118092799992
OER_04,Tillouguite,Oum Er Rbia,2002-01-01,2002,1,4.40925735483871,11.809754899200001
OER_04,Tillouguite,Oum Er Rbia,2002-02-01,2002,2,3.94135492857143,9.534925843200003
OER_04,Tillouguite,Oum Er Rbia,2002-03-01,2002,3,7.00397912903226,18.759457699200006
OER_04,Tillouguite,Oum Er Rbia,2002-04-01,2002,4,23.7953844666667,61.677636537600094
OER_04,Tillouguite,Oum Er Rbia,2002-05-01,2002,5,19.5151351290323,52.26933792960011
OER_04,Tillouguite,Oum Er Rbia,2002-06-01,2002,6,7.57731776666667,19.640407651200007
OER_04,Tillouguite,Oum Er Rbia,2002-07-01,2002,7,6.08814293548387,16.3064820384
OER_04,Tillouguite,Oum Er Rbia,2002-08-01,2002,8,5.99270777419355,16.050868502400004
OER_04,Tillouguite,Oum Er Rbia,2002-09-01,2002,9,3.39315453333333,8.795056550399991
OER_04,Tillouguite,Oum Er Rbia,2002-10-01,2002,10,2.40394125806452,6.438716265600011
OER_04,Tillouguite,Oum Er Rbia,2002-11-01,2002,11,8.17417906666667,21.187472140800008
OER_04,Tillouguite,Oum Er Rbia,2002-12-01,2002,12,9.54815867741936,25.57378820160002
OER_04,Tillouguite,Oum Er Rbia,2003-01-01,2003,1,9.33405258064516,25.000326431999998
OER_04,Tillouguite,Oum Er Rbia,2003-02-01,2003,2,9.85258935714286,23.835384172800005
OER_04,Tillouguite,Oum Er Rbia,2003-03-01,2003,3,21.1675948387097,56.69528601600006
OER_04,Tillouguite,Oum Er Rbia,2003-04-01,2003,4,18.1861332,47.13845725440001
OER_04,Tillouguite,Oum Er Rbia,2003-05-01,2003,5,11.2460773548387,30.121493587199975
OER_04,Tillouguite,Oum Er Rbia,2003-06-01,2003,6,10.0797184333333,26.12663017919991
OER_04,Tillouguite,Oum Er Rbia,2003-07-01,2003,7,9.18022551612903,24.58831602239999
OER_04,Tillouguite,Oum Er Rbia,2003-08-01,2003,8,7.93642632258064,21.256924262399988
OER_04,Tillouguite,Oum Er Rbia,2003-09-01,2003,9,5.30444256666667,13.749115132800009
OER_04,Tillouguite,Oum Er Rbia,2003-10-01,2003,10,5.10537177419355,13.674227760000006
OER_04,Tillouguite,Oum Er Rbia,2003-11-01,2003,11,7.8527469,20.354319964800002
OER_04,Tillouguite,Oum Er Rbia,2003-12-01,2003,12,28.3144233225806,75.83735142719988
OER_04,Tillouguite,Oum Er Rbia,2004-01-01,2004,1,17.2724573870968,46.26254986560007
OER_04,Tillouguite,Oum Er Rbia,2004-02-01,2004,2,14.0735272758621,35.26262994240008
OER_04,Tillouguite,Oum Er Rbia,2004-03-01,2004,3,25.5076191290323,68.31960707520011
OER_04,Tillouguite,Oum Er Rbia,2004-04-01,2004,4,23.2903045666667,60.36846943680008
OER_04,Tillouguite,Oum Er Rbia,2004-05-01,2004,5,41.1282915806452,110.15801616960009
OER_04,Tillouguite,Oum Er Rbia,2004-06-01,2004,6,14.1035235666667,36.55633308480009
OER_04,Tillouguite,Oum Er Rbia,2004-07-01,2004,7,7.6135504516129,20.39213352959999
OER_04,Tillouguite,Oum Er Rbia,2004-08-01,2004,8,5.02111619354839,13.448557612800007
OER_04,Tillouguite,Oum Er Rbia,2004-09-01,2004,9,3.58947776666667,9.30392637120001
OER_04,Tillouguite,Oum Er Rbia,2004-10-01,2004,10,3.65408829032258,9.787110076799998
OER_04,Tillouguite,Oum Er Rbia,2004-11-01,2004,11,4.2782985,11.089349711999999
OER_04,Tillouguite,Oum Er Rbia,2004-12-01,2004,12,4.25210803225806,11.388846153599987
OER_04,Tillouguite,Oum Er Rbia,2005-01-01,2005,1,4.33888412903226,11.621267251200004
OER_04,Tillouguite,Oum Er Rbia,2005-02-01,2005,2,4.267647,10.3242916224
OER_04,Tillouguite,Oum Er Rbia,2005-03-01,2005,3,18.507795483871,49.57127942400009
OER_04,Tillouguite,Oum Er Rbia,2005-04-01,2005,4,11.9216933666667,30.90102920640009
OER_04,Tillouguite,Oum Er Rbia,2005-05-01,2005,5,7.6614084516129,20.52031639679999
OER_04,Tillouguite,Oum Er Rbia,2005-06-01,2005,6,4.80939483333333,12.46595140799999
OER_04,Tillouguite,Oum Er Rbia,2005-07-01,2005,7,3.24709677419355,8.697024000000004
OER_04,Tillouguite,Oum Er Rbia,2005-08-01,2005,8,4.71707832258064,12.634222579199987
OER_04,Tillouguite,Oum Er Rbia,2005-09-01,2005,9,3.49476153333333,9.058421894399991
OER_04,Tillouguite,Oum Er Rbia,2005-10-01,2005,10,3.865083,10.3522383072
OER_04,Tillouguite,Oum Er Rbia,2005-11-01,2005,11,3.1734909,8.2256884128
OER_04,Tillouguite,Oum Er Rbia,2005-12-01,2005,12,3.20334238709677,8.57983224959999
OER_04,Tillouguite,Oum Er Rbia,2006-01-01,2006,1,3.43938896774194,9.212059411200013
OER_04,Tillouguite,Oum Er Rbia,2006-02-01,2006,2,6.73574971428571,16.29512570879999
OER_04,Tillouguite,Oum Er Rbia,2006-03-01,2006,3,40.310347483871,107.96723470080008
OER_04,Tillouguite,Oum Er Rbia,2006-04-01,2006,4,24.7257752,64.08920931840001
OER_04,Tillouguite,Oum Er Rbia,2006-05-01,2006,5,11.7844143225806,31.56337532159988
OER_04,Tillouguite,Oum Er Rbia,2006-06-01,2006,6,7.77284593333333,20.14721665919999
OER_04,Tillouguite,Oum Er Rbia,2006-07-01,2006,7,4.93611425806452,13.22088842880001
OER_04,Tillouguite,Oum Er Rbia,2006-08-01,2006,8,3.33046538709677,8.92031849279999
OER_04,Tillouguite,Oum Er Rbia,2006-09-01,2006,9,3.52466906666667,9.13594222080001
OER_04,Tillouguite,Oum Er Rbia,2006-10-01,2006,10,13.6835258064516,36.64995551999996
OER_04,Tillouguite,Oum Er Rbia,2006-11-01,2006,11,12.2476322,31.7458626624
OER_04,Tillouguite,Oum Er Rbia,2006-12-01,2006,12,8.57259832258065,22.960847347200012
OER_04,Tillouguite,Oum Er Rbia,2007-01-01,2007,1,9.37692458064516,25.115154796799995
OER_04,Tillouguite,Oum Er Rbia,2007-02-01,2007,2,9.70396796428571,23.475839299199986
OER_04,Tillouguite,Oum Er Rbia,2007-03-01,2007,3,8.39162096774194,22.476117600000013
OER_04,Tillouguite,Oum Er Rbia,2007-04-01,2007,4,12.6090212333333,32.68258303679991
OER_04,Tillouguite,Oum Er Rbia,2007-05-01,2007,5,10.2328947419355,27.40778527680004
OER_04,Tillouguite,Oum Er Rbia,2007-06-01,2007,6,7.17381746666667,18.59453487360001
OER_04,Tillouguite,Oum Er Rbia,2007-07-01,2007,7,6.41871890322581,17.19189671040001
OER_04,Tillouguite,Oum Er Rbia,2007-08-01,2007,8,5.92735748387097,15.875834284800007
OER_04,Tillouguite,Oum Er Rbia,2007-09-01,2007,9,4.02338953333333,10.428625670399992
OER_04,Tillouguite,Oum Er Rbia,2007-10-01,2007,10,2.95981964516129,7.9275809376
OER_04,Tillouguite,Oum Er Rbia,2007-11-01,2007,11,2.6736591,6.930124387199999
OER_04,Tillouguite,Oum Er Rbia,2007-12-01,2007,12,2.9217634516129,7.82565122879999
OER_04,Tillouguite,Oum Er Rbia,2008-01-01,2008,1,4.96946377419355,13.310211772800006
OER_04,Tillouguite,Oum Er Rbia,2008-02-01,2008,2,13.9355086551724,34.91681048639996
OER_04,Tillouguite,Oum Er Rbia,2008-03-01,2008,3,9.88611993548387,26.478983635200002
OER_04,Tillouguite,Oum Er Rbia,2008-04-01,2008,4,4.52706936666667,11.734163798400012
OER_04,Tillouguite,Oum Er Rbia,2008-05-01,2008,5,3.94703470967742,10.5717377664
OER_04,Tillouguite,Oum Er Rbia,2008-06-01,2008,6,3.5582038,9.222864249599999
OER_04,Tillouguite,Oum Er Rbia,2008-07-01,2008,7,3.1762744516129,8.50733349119999
OER_04,Tillouguite,Oum Er Rbia,2008-08-01,2008,8,3.10575106451613,8.318443651200003
OER_04,Tillouguite,Oum Er Rbia,2008-09-01,2008,9,5.64253053333333,14.625439142399992
OER_04,Tillouguite,Oum Er Rbia,2008-10-01,2008,10,9.85930693548387,26.407167696
OER_04,Tillouguite,Oum Er Rbia,2008-11-01,2008,11,13.9699983,36.210235593600004
OER_04,Tillouguite,Oum Er Rbia,2008-12-01,2008,12,16.2003464516129,43.391007935999994
OER_04,Tillouguite,Oum Er Rbia,2009-01-01,2009,1,22.0476638064516,59.05246273919996
OER_04,Tillouguite,Oum Er Rbia,2009-02-01,2009,2,48.0430549642857,116.22575856959998
OER_04,Tillouguite,Oum Er Rbia,2009-03-01,2009,3,79.952279516129,214.14418545599992
OER_04,Tillouguite,Oum Er Rbia,2009-04-01,2009,4,51.3292330333333,133.04537202239993
OER_04,Tillouguite,Oum Er Rbia,2009-05-01,2009,5,36.7292953548387,98.37574467839997
OER_04,Tillouguite,Oum Er Rbia,2009-06-01,2009,6,23.2862453666667,60.35794799040009
OER_04,Tillouguite,Oum Er Rbia,2009-07-01,2009,7,8.21292480645161,21.997497801599994
OER_04,Tillouguite,Oum Er Rbia,2009-08-01,2009,8,4.95925441935484,13.282867036800004
OER_04,Tillouguite,Oum Er Rbia,2009-09-01,2009,9,6.9109806,17.9132617152
OER_04,Tillouguite,Oum Er Rbia,2009-10-01,2009,10,4.77190690322581,12.78107544960001
OER_04,Tillouguite,Oum Er Rbia,2009-11-01,2009,11,4.23942223333333,10.98858242879999
OER_04,Tillouguite,Oum Er Rbia,2009-12-01,2009,12,9.07831774193548,24.31536623999999
OER_04,Tillouguite,Oum Er Rbia,2010-01-01,2010,1,24.8888048709677,66.66217496639989
OER_04,Tillouguite,Oum Er Rbia,2010-02-01,2010,2,65.6013170357143,158.70270617280002
OER_04,Tillouguite,Oum Er Rbia,2010-03-01,2010,3,68.7653542580645,184.18112484479997
OER_04,Tillouguite,Oum Er Rbia,2010-04-01,2010,4,23.7848556333333,61.65034580159992
OER_04,Tillouguite,Oum Er Rbia,2010-05-01,2010,5,12.004931516129,32.15400857279992
OER_04,Tillouguite,Oum Er Rbia,2010-06-01,2010,6,7.47886323333333,19.385213500799992
OER_04,Tillouguite,Oum Er Rbia,2010-07-01,2010,7,9.92348374193548,26.57905885439999
OER_04,Tillouguite,Oum Er Rbia,2010-08-01,2010,8,7.81184190322581,20.923237353600012
OER_04,Tillouguite,Oum Er Rbia,2010-09-01,2010,9,4.96346926666667,12.86531233920001
OER_04,Tillouguite,Oum Er Rbia,2010-10-01,2010,10,8.29131096774194,22.207447296000012
OER_04,Tillouguite,Oum Er Rbia,2010-11-01,2010,11,6.10165593333333,15.81549217919999
OER_04,Tillouguite,Oum Er Rbia,2010-12-01,2010,12,11.621986483871,31.128328598400085
OER_04,Tillouguite,Oum Er Rbia,2011-01-01,2011,1,9.63728441935484,25.8125025888
OER_04,Tillouguite,Oum Er Rbia,2011-02-01,2011,2,11.2292142857143,27.16571520000003
OER_04,Tillouguite,Oum Er Rbia,2011-03-01,2011,3,17.7789451612903,47.61912671999994
OER_04,Tillouguite,Oum Er Rbia,2011-04-01,2011,4,11.6240396,30.1295106432
OER_04,Tillouguite,Oum Er Rbia,2011-05-01,2011,5,29.5295302258065,79.09189375680013
OER_04,Tillouguite,Oum Er Rbia,2011-06-01,2011,6,33.2221238666667,86.11174506240009
OER_04,Tillouguite,Oum Er Rbia,2011-07-01,2011,7,7.13403535483871,19.107800294400004
OER_04,Tillouguite,Oum Er Rbia,2011-08-01,2011,8,6.37362964516129,17.0711296416
OER_04,Tillouguite,Oum Er Rbia,2011-09-01,2011,9,3.74425113333333,9.70509893759999
OER_04,Tillouguite,Oum Er Rbia,2011-10-01,2011,10,3.75099938709677,10.04667675839999
OER_04,Tillouguite,Oum Er Rbia,2011-11-01,2011,11,10.5410109666667,27.322300425600087
OER_04,Tillouguite,Oum Er Rbia,2011-12-01,2011,12,10.9587761290323,29.351985984000112
OER_04,Tillouguite,Oum Er Rbia,2012-01-01,2012,1,7.45390938709677,19.964550902399992
OER_04,Tillouguite,Oum Er Rbia,2012-02-01,2012,2,7.66029768965517,19.193641891199995
OER_04,Tillouguite,Oum Er Rbia,2012-03-01,2012,3,16.711273,44.75947360319999
OER_04,Tillouguite,Oum Er Rbia,2012-04-01,2012,4,32.7876168,84.9855027456
OER_04,Tillouguite,Oum Er Rbia,2012-05-01,2012,5,10.573363516129,28.31969684159991
OER_04,Tillouguite,Oum Er Rbia,2012-06-01,2012,6,6.04577916666667,15.67065960000001
OER_04,Tillouguite,Oum Er Rbia,2012-07-01,2012,7,5.03158632258064,13.476600806399988
OER_04,Tillouguite,Oum Er Rbia,2012-08-01,2012,8,4.55,12.186719999999998
OER_04,Tillouguite,Oum Er Rbia,2012-09-01,2012,9,4.37409626666667,11.33765752320001
OER_04,Tillouguite,Oum Er Rbia,2012-10-01,2012,10,6.76102232258065,18.108722188800012
OER_04,Tillouguite,Oum Er Rbia,2012-11-01,2012,11,41.9563149333333,108.75076830719992
OER_04,Tillouguite,Oum Er Rbia,2012-12-01,2012,12,30.7414809354839,82.33798253760008
OER_04,Tillouguite,Oum Er Rbia,2013-01-01,2013,1,20.104439516129,53.84773079999991
OER_04,Tillouguite,Oum Er Rbia,2013-02-01,2013,2,17.775396,43.0022380032
OER_04,Tillouguite,Oum Er Rbia,2013-03-01,2013,3,37.8186917096774,101.29358387519996
OER_04,Tillouguite,Oum Er Rbia,2013-04-01,2013,4,35.7036730333333,92.54392050239993
OER_04,Tillouguite,Oum Er Rbia,2013-05-01,2013,5,9.73811438709677,26.082565574399993
OER_04,Tillouguite,Oum Er Rbia,2013-06-01,2013,6,6.81120936666667,17.65465467840001
OER_04,Tillouguite,Oum Er Rbia,2013-07-01,2013,7,5.62513732258065,15.066367804800011
OER_04,Tillouguite,Oum Er Rbia,2013-08-01,2013,8,4.15381487096774,11.125577750399996
OER_04,Tillouguite,Oum Er Rbia,2013-09-01,2013,9,4.77642536666667,12.380494550400009
OER_04,Tillouguite,Oum Er Rbia,2013-10-01,2013,10,2.72770638709677,7.305888787199989
OER_04,Tillouguite,Oum Er Rbia,2013-11-01,2013,11,2.91808006666667,7.5636635328000095
OER_04,Tillouguite,Oum Er Rbia,2013-12-01,2013,12,2.94017890322581,7.874975174400009
OER_04,Tillouguite,Oum Er Rbia,2014-01-01,2014,1,3.242682,8.685199468799999
OER_04,Tillouguite,Oum Er Rbia,2014-02-01,2014,2,16.0504030714286,38.829135110400074
OER_04,Tillouguite,Oum Er Rbia,2014-03-01,2014,3,18.6515971935484,49.95643792320004
OER_04,Tillouguite,Oum Er Rbia,2014-04-01,2014,4,17.6043898333333,45.630578447999916
OER_04,Tillouguite,Oum Er Rbia,2014-05-01,2014,5,5.39105441935484,14.439400156800003
OER_04,Tillouguite,Oum Er Rbia,2014-06-01,2014,6,3.415124,8.852001408
OER_04,Tillouguite,Oum Er Rbia,2014-07-01,2014,7,2.83441612903226,7.591700160000005
OER_04,Tillouguite,Oum Er Rbia,2014-08-01,2014,8,4.2277545483871,11.323617782400008
OER_04,Tillouguite,Oum Er Rbia,2014-09-01,2014,9,5.07738513333333,13.16058226559999
OER_04,Tillouguite,Oum Er Rbia,2014-10-01,2014,10,3.00807067741935,8.056816502399986
OER_04,Tillouguite,Oum Er Rbia,2014-11-01,2014,11,32.7444728333333,84.8736735839999
OER_04,Tillouguite,Oum Er Rbia,2014-12-01,2014,12,26.8612367096774,71.94513640319994
OER_04,Tillouguite,Oum Er Rbia,2015-01-01,2015,1,23.4442887419355,62.79318296640005
OER_04,Tillouguite,Oum Er Rbia,2015-02-01,2015,2,27.3139962857143,66.07801981440004
OER_04,Tillouguite,Oum Er Rbia,2015-03-01,2015,3,55.2139412258065,147.88502017920013
OER_04,Tillouguite,Oum Er Rbia,2015-04-01,2015,4,57.7087978333333,149.5812039839999
OER_04,Tillouguite,Oum Er Rbia,2015-05-01,2015,5,24.2265229032258,64.88831894399998
OER_04,Tillouguite,Oum Er Rbia,2015-06-01,2015,6,14.1356046333333,36.63948720959991
OER_04,Tillouguite,Oum Er Rbia,2015-07-01,2015,7,8.10735964516129,21.714752073599996
OER_04,Tillouguite,Oum Er Rbia,2015-08-01,2015,8,10.7467025806452,28.783968192000106
OER_04,Tillouguite,Oum Er Rbia,2015-09-01,2015,9,3.9925789,10.3487645088
OER_04,Tillouguite,Oum Er Rbia,2015-10-01,2015,10,3.49402,9.358383168
OER_04,Tillouguite,Oum Er Rbia,2015-11-01,2015,11,3.27308066666667,8.483825088000009
OER_04,Tillouguite,Oum Er Rbia,2015-12-01,2015,12,3.16717961290323,8.482973875200011
OER_04,Tillouguite,Oum Er Rbia,2016-01-01,2016,1,3.102827,8.3106118368
OER_04,Tillouguite,Oum Er Rbia,2016-02-01,2016,2,3.0962925862069,7.7580707040000085
OER_04,Tillouguite,Oum Er Rbia,2016-03-01,2016,3,12.1230263225806,32.47031370239988
OER_04,Tillouguite,Oum Er Rbia,2016-04-01,2016,4,17.7515615,46.01204740800001
OER_04,Tillouguite,Oum Er Rbia,2016-05-01,2016,5,5.639761,15.105535862400002
OER_04,Tillouguite,Oum Er Rbia,2016-06-01,2016,6,3.29770866666667,8.547660864000008
OER_04,Tillouguite,Oum Er Rbia,2016-07-01,2016,7,3.13487916129032,8.396460345599994
OER_04,Tillouguite,Oum Er Rbia,2016-08-01,2016,8,6.68500370967742,17.905113936
OER_04,Tillouguite,Oum Er Rbia,2016-09-01,2016,9,3.62626836666667,9.399287606400007
OER_04,Tillouguite,Oum Er Rbia,2016-10-01,2016,10,7.13874567741935,19.120416422399988
OER_04,Tillouguite,Oum Er Rbia,2016-11-01,2016,11,7.4605381,19.337714755200004
OER_04,Tillouguite,Oum Er Rbia,2016-12-01,2016,12,13.9910214193548,37.473551769599894
OER_04,Tillouguite,Oum Er Rbia,2017-01-01,2017,1,7.11905070967742,19.0676654208
OER_04,Tillouguite,Oum Er Rbia,2017-02-01,2017,2,11.2733570357143,27.272505340800034
OER_04,Tillouguite,Oum Er Rbia,2017-03-01,2017,3,16.1458331935484,43.24499962560002
OER_04,Tillouguite,Oum Er Rbia,2017-04-01,2017,4,11.0764573,28.7101773216
OER_04,Tillouguite,Oum Er Rbia,2017-05-01,2017,5,6.38803348387097,17.109708883200003
OER_04,Tillouguite,Oum Er Rbia,2017-06-01,2017,6,5.52682843333333,14.32553929919999
OER_04,Tillouguite,Oum Er Rbia,2017-07-01,2017,7,2.92797667741936,7.842292732800012
OER_04,Tillouguite,Oum Er Rbia,2017-08-01,2017,8,3.35012093548387,8.972963913599997
OER_04,Tillouguite,Oum Er Rbia,2017-09-01,2017,9,4.21512673333333,10.925608492799991
OER_04,Tillouguite,Oum Er Rbia,2017-10-01,2017,10,3.66105251612903,9.805763059199995
OER_04,Tillouguite,Oum Er Rbia,2017-11-01,2017,11,3.22428196666667,8.35733885760001
OER_04,Tillouguite,Oum Er Rbia,2017-12-01,2017,12,3.24007751612903,8.678223619199994
OER_04,Tillouguite,Oum Er Rbia,2018-01-01,2018,1,4.32402493548387,11.581468387199996
OER_04,Tillouguite,Oum Er Rbia,2018-02-01,2018,2,14.0193775714286,33.915678220800075
OER_04,Tillouguite,Oum Er Rbia,2018-03-01,2018,3,55.4887233870968,148.62099672000005
OER_04,Tillouguite,Oum Er Rbia,2018-04-01,2018,4,31.2860178333333,81.09335822399991
OER_04,Tillouguite,Oum Er Rbia,2018-05-01,2018,5,29.514140516129,79.05067395839991
OER_04,Tillouguite,Oum Er Rbia,2018-06-01,2018,6,14.3377392,37.1634200064
OER_04,Tillouguite,Oum Er Rbia,2018-07-01,2018,7,6.79628106451613,18.203159203200002
OER_04,Tillouguite,Oum Er Rbia,2018-08-01,2018,8,7.99267925806452,21.407592124800008
OER_04,Tillouguite,Oum Er Rbia,2018-09-01,2018,9,8.52013563333333,22.084191561599994
OER_04,Tillouguite,Oum Er Rbia,2018-10-01,2018,10,8.06784829032258,21.6089248608
OER_04,Tillouguite,Oum Er Rbia,2018-11-01,2018,11,26.9832258333333,69.94052135999992
OER_04,Tillouguite,Oum Er Rbia,2018-12-01,2018,12,13.0551828709677,34.96700180159989
OER_04,Tillouguite,Oum Er Rbia,2019-01-01,2019,1,8.56390758064516,22.937570064
OER_04,Tillouguite,Oum Er Rbia,2019-02-01,2019,2,7.51080896428571,18.170149046399988
OER_04,Tillouguite,Oum Er Rbia,2019-03-01,2019,3,6.98908309677419,18.719560166399994
OER_04,Tillouguite,Oum Er Rbia,2019-04-01,2019,4,13.7169327333333,35.55428964479991
OER_04,Tillouguite,Oum Er Rbia,2019-05-01,2019,5,12.3230472580645,33.00604977599996
OER_04,Tillouguite,Oum Er Rbia,2019-06-01,2019,6,6.1931523,16.052650761600002
OER_04,Tillouguite,Oum Er Rbia,2019-07-01,2019,7,5.23848632258064,14.030761766399989
OER_04,Tillouguite,Oum Er Rbia,2019-08-01,2019,8,5.74723841935484,15.393403382400004
OER_04,Tillouguite,Oum Er Rbia,2019-09-01,2019,9,5.61771813333333,14.561125401599993
OER_04,Tillouguite,Oum Er Rbia,2019-10-01,2019,10,2.65567703225806,7.112965363199988
OER_04,Tillouguite,Oum Er Rbia,2019-11-01,2019,11,2.75939706666667,7.152357196800008
OER_04,Tillouguite,Oum Er Rbia,2019-12-01,2019,12,3.96100858064516,10.609165382399997
OER_04,Tillouguite,Oum Er Rbia,2020-01-01,2020,1,3.20815477419355,8.592721747200004
OER_04,Tillouguite,Oum Er Rbia,2020-02-01,2020,2,3.53882920689655,8.866890460799995
OER_04,Tillouguite,Oum Er Rbia,2020-03-01,2020,3,6.72850941935484,18.021639628800003
OER_04,Tillouguite,Oum Er Rbia,2020-04-01,2020,4,11.007219,28.530711647999997
OER_04,Tillouguite,Oum Er Rbia,2020-05-01,2020,5,9.97381477419355,26.7138654912
OER_04,Tillouguite,Oum Er Rbia,2020-06-01,2020,6,5.98123333333333,15.503356799999992
OER_04,Tillouguite,Oum Er Rbia,2020-07-01,2020,7,4.61047493548387,12.348696067199997
OER_04,Tillouguite,Oum Er Rbia,2020-08-01,2020,8,1.92766335483871,5.163053529600002
OER_04,Tillouguite,Oum Er Rbia,2020-09-01,2020,9,1.93716373333333,5.021128396799992
OER_04,Tillouguite,Oum Er Rbia,2020-10-01,2020,10,0.989262967741935,2.6496419327999985
OER_04,Tillouguite,Oum Er Rbia,2020-11-01,2020,11,1.71790963333333,4.452821769599991
OER_04,Tillouguite,Oum Er Rbia,2020-12-01,2020,12,2.12580612903226,5.693759136000006
OER_04,Tillouguite,Oum Er Rbia,2021-01-01,2021,1,4.4339155483871,11.87579940480001
OER_04,Tillouguite,Oum Er Rbia,2021-02-01,2021,2,6.19808803571429,14.99441457600001
OER_04,Tillouguite,Oum Er Rbia,2021-03-01,2021,3,22.5170592903226,60.30969160320006
OER_04,Tillouguite,Oum Er Rbia,2021-04-01,2021,4,18.1190381333333,46.96454684159992
OER_04,Tillouguite,Oum Er Rbia,2021-05-01,2021,5,7.19161658064516,19.262025849599997
OER_04,Tillouguite,Oum Er Rbia,2021-06-01,2021,6,4.67685553333333,12.122409542399993
OER_04,Tillouguite,Oum Er Rbia,2021-07-01,2021,7,3.16531193548387,8.477971487999996
OER_04,Tillouguite,Oum Er Rbia,2021-08-01,2021,8,2.1821994516129,5.844803011199991
OER_04,Tillouguite,Oum Er Rbia,2021-09-01,2021,9,2.28194546666667,5.914802649600008
OER_04,Tillouguite,Oum Er Rbia,2021-10-01,2021,10,2.02598041935484,5.426385955200003
OER_04,Tillouguite,Oum Er Rbia,2021-11-01,2021,11,2.4360584,6.314263372799999
OER_04,Tillouguite,Oum Er Rbia,2021-12-01,2021,12,2.75421141935484,7.376879865600003
OER_04,Tillouguite,Oum Er Rbia,2022-01-01,2022,1,2.61072777419355,6.992573270400005
OER_04,Tillouguite,Oum Er Rbia,2022-02-01,2022,2,2.60231142857143,6.295511808000004
OER_04,Tillouguite,Oum Er Rbia,2022-03-01,2022,3,4.00927251612903,10.738435507199995
OER_04,Tillouguite,Oum Er Rbia,2022-04-01,2022,4,7.86909033333333,20.39668214399999
OER_04,Tillouguite,Oum Er Rbia,2022-05-01,2022,5,3.56212525806452,9.54079629120001
OER_04,Tillouguite,Oum Er Rbia,2022-06-01,2022,6,3.6278574,9.4034063808
OER_04,Tillouguite,Oum Er Rbia,2022-07-01,2022,7,1.88852296774194,5.058219916800012
OER_04,Tillouguite,Oum Er Rbia,2022-08-01,2022,8,1.69035787096774,4.527454521599995
OER_05,Tizi n'Isly,Oum Er Rbia,1975-07-01,1975,7,2.93862068965517,7.870801655172408
OER_05,Tizi n'Isly,Oum Er Rbia,1975-08-01,1975,8,2.92806451612903,7.842527999999994
OER_05,Tizi n'Isly,Oum Er Rbia,1975-09-01,1975,9,1.42933333333333,3.7048319999999917
OER_05,Tizi n'Isly,Oum Er Rbia,1975-10-01,1975,10,1.38290322580645,3.7039679999999953
OER_05,Tizi n'Isly,Oum Er Rbia,1975-11-01,1975,11,1.437,3.724704
OER_05,Tizi n'Isly,Oum Er Rbia,1975-12-01,1975,12,1.53451612903226,4.110048000000005
OER_05,Tizi n'Isly,Oum Er Rbia,1976-01-01,1976,1,1.39677419354839,3.741120000000008
OER_05,Tizi n'Isly,Oum Er Rbia,1976-02-01,1976,2,2.83758620689655,7.109855999999995
OER_05,Tizi n'Isly,Oum Er Rbia,1976-03-01,1976,3,6.45193548387097,17.280864000000005
OER_05,Tizi n'Isly,Oum Er Rbia,1976-04-01,1976,4,16.9666666666667,43.97760000000009
OER_05,Tizi n'Isly,Oum Er Rbia,1976-05-01,1976,5,24.8806451612903,66.64031999999995
OER_05,Tizi n'Isly,Oum Er Rbia,1976-06-01,1976,6,14.361,37.223712
OER_05,Tizi n'Isly,Oum Er Rbia,1976-07-01,1976,7,4.70451612903226,12.600576000000006
OER_05,Tizi n'Isly,Oum Er Rbia,1976-08-01,1976,8,2.27193548387097,6.085152000000005
OER_05,Tizi n'Isly,Oum Er Rbia,1976-09-01,1976,9,2.64033333333333,6.84374399999999
OER_05,Tizi n'Isly,Oum Er Rbia,1976-10-01,1976,10,3.29709677419355,8.830944000000004
OER_05,Tizi n'Isly,Oum Er Rbia,1976-11-01,1976,11,3.584,9.289728
OER_05,Tizi n'Isly,Oum Er Rbia,1976-12-01,1976,12,4.30483870967742,11.530080000000002
OER_05,Tizi n'Isly,Oum Er Rbia,1977-01-01,1977,1,18.7403225806452,50.194080000000106
OER_05,Tizi n'Isly,Oum Er Rbia,1977-02-01,1977,2,24.0857142857143,58.26816000000004
OER_05,Tizi n'Isly,Oum Er Rbia,1977-03-01,1977,3,14.6354838709677,39.19967999999989
OER_05,Tizi n'Isly,Oum Er Rbia,1977-04-01,1977,4,12.1233333333333,31.423679999999912
OER_05,Tizi n'Isly,Oum Er Rbia,1977-05-01,1977,5,4.75225806451613,12.728448000000002
OER_05,Tizi n'Isly,Oum Er Rbia,1977-06-01,1977,6,2.70666666666667,7.015680000000009
OER_05,Tizi n'Isly,Oum Er Rbia,1977-07-01,1977,7,1.53258064516129,4.104863999999999
OER_05,Tizi n'Isly,Oum Er Rbia,1977-08-01,1977,8,1.33225806451613,3.568320000000002
OER_05,Tizi n'Isly,Oum Er Rbia,1977-09-01,1977,9,2.80133333333333,7.261055999999991
OER_05,Tizi n'Isly,Oum Er Rbia,1977-10-01,1977,10,2.16451612903226,5.797440000000004
OER_05,Tizi n'Isly,Oum Er Rbia,1977-11-01,1977,11,3.916,10.150272
OER_05,Tizi n'Isly,Oum Er Rbia,1977-12-01,1977,12,2.86483870967742,7.673184000000003
OER_05,Tizi n'Isly,Oum Er Rbia,1978-01-01,1978,1,3.45612903225806,9.256895999999987
OER_05,Tizi n'Isly,Oum Er Rbia,1978-02-01,1978,2,10.1078571428571,24.452927999999897
OER_05,Tizi n'Isly,Oum Er Rbia,1978-03-01,1978,3,8.64064516129032,23.143103999999997
OER_05,Tizi n'Isly,Oum Er Rbia,1978-04-01,1978,4,14.2666666666667,36.979200000000084
OER_05,Tizi n'Isly,Oum Er Rbia,1978-05-01,1978,5,10.1093548387097,27.076896000000062
OER_05,Tizi n'Isly,Oum Er Rbia,1978-06-01,1978,6,4.84966666666667,12.570336000000012
OER_05,Tizi n'Isly,Oum Er Rbia,1978-07-01,1978,7,2.21612903225806,5.935679999999987
OER_05,Tizi n'Isly,Oum Er Rbia,1978-08-01,1978,8,2.51290322580645,6.730559999999995
OER_05,Tizi n'Isly,Oum Er Rbia,1978-09-01,1978,9,1.281,3.320352
OER_05,Tizi n'Isly,Oum Er Rbia,1978-10-01,1978,10,1.47064516129032,3.938975999999993
OER_05,Tizi n'Isly,Oum Er Rbia,1978-11-01,1978,11,1.20733333333333,3.1294079999999913
OER_05,Tizi n'Isly,Oum Er Rbia,1978-12-01,1978,12,1.46193548387097,3.9156480000000062
OER_05,Tizi n'Isly,Oum Er Rbia,1979-01-01,1979,1,4.44516129032258,11.905919999999998
OER_05,Tizi n'Isly,Oum Er Rbia,1979-02-01,1979,2,30.3353571428571,73.38729599999989
OER_05,Tizi n'Isly,Oum Er Rbia,1979-03-01,1979,3,34.3096774193548,91.8950399999999
OER_05,Tizi n'Isly,Oum Er Rbia,1979-04-01,1979,4,18.8066666666667,48.74688000000008
OER_05,Tizi n'Isly,Oum Er Rbia,1979-05-01,1979,5,8.69451612903226,23.287392000000008
OER_05,Tizi n'Isly,Oum Er Rbia,1979-06-01,1979,6,5.35866666666667,13.889664000000009
OER_05,Tizi n'Isly,Oum Er Rbia,1979-07-01,1979,7,2.7658064516129,7.4079359999999905
OER_05,Tizi n'Isly,Oum Er Rbia,1979-08-01,1979,8,1.76161290322581,4.71830400000001
OER_05,Tizi n'Isly,Oum Er Rbia,1979-09-01,1979,9,3.42266666666667,8.871552000000008
OER_05,Tizi n'Isly,Oum Er Rbia,1979-10-01,1979,10,3.96258064516129,10.613375999999999
OER_05,Tizi n'Isly,Oum Er Rbia,1979-11-01,1979,11,1.59,4.1212800000000005
OER_05,Tizi n'Isly,Oum Er Rbia,1979-12-01,1979,12,1.39548387096774,3.7376639999999948
OER_05,Tizi n'Isly,Oum Er Rbia,1980-01-01,1980,1,1.59774193548387,4.279391999999997
OER_05,Tizi n'Isly,Oum Er Rbia,1980-02-01,1980,2,2.88655172413793,7.232543999999997
OER_05,Tizi n'Isly,Oum Er Rbia,1980-03-01,1980,3,9.06709677419355,24.285312000000005
OER_05,Tizi n'Isly,Oum Er Rbia,1980-04-01,1980,4,8.625,22.356
OER_05,Tizi n'Isly,Oum Er Rbia,1980-05-01,1980,5,4.75741935483871,12.742272000000002
OER_05,Tizi n'Isly,Oum Er Rbia,1980-06-01,1980,6,1.869,4.844448
OER_05,Tizi n'Isly,Oum Er Rbia,1980-07-01,1980,7,1.30032258064516,3.4827839999999965
OER_05,Tizi n'Isly,Oum Er Rbia,1980-08-01,1980,8,1.16,3.106944
OER_05,Tizi n'Isly,Oum Er Rbia,1980-09-01,1980,9,3.26333333333333,8.458559999999993
OER_05,Tizi n'Isly,Oum Er Rbia,1980-10-01,1980,10,2.24912903225806,6.024067199999989
OER_05,Tizi n'Isly,Oum Er Rbia,1980-11-01,1980,11,5.54823333333333,14.38102079999999
OER_05,Tizi n'Isly,Oum Er Rbia,1980-12-01,1980,12,1.78935483870968,4.7926080000000075
OER_05,Tizi n'Isly,Oum Er Rbia,1981-01-01,1981,1,1.56354838709677,4.187807999999988
OER_05,Tizi n'Isly,Oum Er Rbia,1981-02-01,1981,2,2.37607142857143,5.748192000000004
OER_05,Tizi n'Isly,Oum Er Rbia,1981-03-01,1981,3,2.43709677419355,6.527520000000004
OER_05,Tizi n'Isly,Oum Er Rbia,1981-04-01,1981,4,4.25166666666667,11.020320000000007
OER_05,Tizi n'Isly,Oum Er Rbia,1981-05-01,1981,5,1.76483870967742,4.726944000000002
OER_05,Tizi n'Isly,Oum Er Rbia,1981-06-01,1981,6,1.52766666666667,3.959712000000009
OER_05,Tizi n'Isly,Oum Er Rbia,1981-07-01,1981,7,0.99258064516129,2.658527999999999
OER_05,Tizi n'Isly,Oum Er Rbia,1981-08-01,1981,8,0.887387096774194,2.3767776000000014
OER_05,Tizi n'Isly,Oum Er Rbia,1981-09-01,1981,9,1.12743333333333,2.9223071999999912
OER_05,Tizi n'Isly,Oum Er Rbia,1981-10-01,1981,10,1.02309677419355,2.740262400000004
OER_05,Tizi n'Isly,Oum Er Rbia,1981-11-01,1981,11,0.821733333333333,2.1299327999999993
OER_05,Tizi n'Isly,Oum Er Rbia,1981-12-01,1981,12,0.923,2.4721632000000002
OER_05,Tizi n'Isly,Oum Er Rbia,1982-01-01,1982,1,1.30735483870968,3.501619200000007
OER_05,Tizi n'Isly,Oum Er Rbia,1982-02-01,1982,2,1.91607142857143,4.635360000000004
OER_05,Tizi n'Isly,Oum Er Rbia,1982-03-01,1982,3,2.05677419354839,5.508864000000007
OER_05,Tizi n'Isly,Oum Er Rbia,1982-04-01,1982,4,4.709,12.205727999999999
OER_05,Tizi n'Isly,Oum Er Rbia,1982-05-01,1982,5,8.26290322580645,22.131359999999997
OER_05,Tizi n'Isly,Oum Er Rbia,1982-06-01,1982,6,5.26533333333333,13.64774399999999
OER_05,Tizi n'Isly,Oum Er Rbia,1982-07-01,1982,7,1.22287096774194,3.2753376000000123
OER_05,Tizi n'Isly,Oum Er Rbia,1982-08-01,1982,8,1.22887096774194,3.291408000000012
OER_05,Tizi n'Isly,Oum Er Rbia,1982-09-01,1982,9,1.07603333333333,2.7890783999999917
OER_05,Tizi n'Isly,Oum Er Rbia,1982-10-01,1982,10,1.01761290322581,2.7255744000000095
OER_05,Tizi n'Isly,Oum Er Rbia,1982-11-01,1982,11,1.20483333333333,3.1229279999999915
OER_05,Tizi n'Isly,Oum Er Rbia,1982-12-01,1982,12,1.03732258064516,2.7783647999999967
OER_05,Tizi n'Isly,Oum Er Rbia,1983-01-01,1983,1,0.951258064516129,2.5478496
OER_05,Tizi n'Isly,Oum Er Rbia,1983-02-01,1983,2,1.639,3.9650688
OER_05,Tizi n'Isly,Oum Er Rbia,1983-03-01,1983,3,1.95870967741935,5.246207999999987
OER_05,Tizi n'Isly,Oum Er Rbia,1983-04-01,1983,4,1.23476666666667,3.2005152000000088
OER_05,Tizi n'Isly,Oum Er Rbia,1983-05-01,1983,5,0.822870967741935,2.2039775999999986
OER_05,Tizi n'Isly,Oum Er Rbia,1983-06-01,1983,6,0.419166666666667,1.086480000000001
OER_05,Tizi n'Isly,Oum Er Rbia,1983-07-01,1983,7,0.352322580645161,0.9436607999999991
OER_05,Tizi n'Isly,Oum Er Rbia,1983-08-01,1983,8,0.24,0.642816
OER_05,Tizi n'Isly,Oum Er Rbia,1983-09-01,1983,9,1.16363333333333,3.016137599999991
OER_05,Tizi n'Isly,Oum Er Rbia,1983-10-01,1983,10,0.488774193548387,1.3091327999999998
OER_05,Tizi n'Isly,Oum Er Rbia,1983-11-01,1983,11,1.23733333333333,3.207167999999992
OER_05,Tizi n'Isly,Oum Er Rbia,1983-12-01,1983,12,0.663,1.7757792000000001
OER_05,Tizi n'Isly,Oum Er Rbia,1984-01-01,1984,1,0.558322580645161,1.4954111999999993
OER_05,Tizi n'Isly,Oum Er Rbia,1984-02-01,1984,2,0.479034482758621,1.2002688000000008
OER_05,Tizi n'Isly,Oum Er Rbia,1984-03-01,1984,3,1.07383870967742,2.876169600000002
OER_05,Tizi n'Isly,Oum Er Rbia,1984-04-01,1984,4,0.832766666666667,2.158531200000001
OER_05,Tizi n'Isly,Oum Er Rbia,1984-05-01,1984,5,1.88290322580645,5.043167999999995
OER_05,Tizi n'Isly,Oum Er Rbia,1984-06-01,1984,6,1.1421,2.9603232
OER_05,Tizi n'Isly,Oum Er Rbia,1984-07-01,1984,7,0.309322580645161,0.8284895999999993
OER_05,Tizi n'Isly,Oum Er Rbia,1984-08-01,1984,8,0.162774193548387,0.4359743999999997
OER_05,Tizi n'Isly,Oum Er Rbia,1984-09-01,1984,9,1.06743333333333,2.7667871999999907
OER_05,Tizi n'Isly,Oum Er Rbia,1984-10-01,1984,10,0.209,0.5597856
OER_05,Tizi n'Isly,Oum Er Rbia,1984-11-01,1984,11,0.818433333333333,2.1213791999999994
OER_05,Tizi n'Isly,Oum Er Rbia,1984-12-01,1984,12,0.377741935483871,1.0117440000000002
OER_05,Tizi n'Isly,Oum Er Rbia,1985-01-01,1985,1,5.53848387096774,14.834275199999993
OER_05,Tizi n'Isly,Oum Er Rbia,1985-02-01,1985,2,6.36535714285714,15.399071999999993
OER_05,Tizi n'Isly,Oum Er Rbia,1985-03-01,1985,3,3.50903225806452,9.39859200000001
OER_05,Tizi n'Isly,Oum Er Rbia,1985-04-01,1985,4,3.094,8.019647999999998
OER_05,Tizi n'Isly,Oum Er Rbia,1985-05-01,1985,5,2.08451612903226,5.583168000000004
OER_05,Tizi n'Isly,Oum Er Rbia,1985-06-01,1985,6,1.26033333333333,3.2667839999999915
OER_05,Tizi n'Isly,Oum Er Rbia,1985-07-01,1985,7,1.00145161290323,2.6822880000000113
OER_05,Tizi n'Isly,Oum Er Rbia,1985-08-01,1985,8,0.454193548387097,1.2165120000000007
OER_05,Tizi n'Isly,Oum Er Rbia,1985-09-01,1985,9,0.922233333333333,2.390428799999999
OER_05,Tizi n'Isly,Oum Er Rbia,1985-10-01,1985,10,0.948032258064516,2.5392095999999995
OER_05,Tizi n'Isly,Oum Er Rbia,1985-11-01,1985,11,1.73473333333333,4.496428799999991
OER_05,Tizi n'Isly,Oum Er Rbia,1985-12-01,1985,12,0.973741935483871,2.6080704
OER_05,Tizi n'Isly,Oum Er Rbia,1986-01-01,1986,1,1.52161290322581,4.07548800000001
OER_05,Tizi n'Isly,Oum Er Rbia,1986-02-01,1986,2,8.10142857142857,19.598975999999997
OER_05,Tizi n'Isly,Oum Er Rbia,1986-03-01,1986,3,8.77483870967742,23.502528000000005
OER_05,Tizi n'Isly,Oum Er Rbia,1986-04-01,1986,4,9.64066666666667,24.988608000000006
OER_05,Tizi n'Isly,Oum Er Rbia,1986-05-01,1986,5,4.44290322580645,11.899871999999997
OER_05,Tizi n'Isly,Oum Er Rbia,1986-06-01,1986,6,2.63466666666667,6.829056000000009
OER_05,Tizi n'Isly,Oum Er Rbia,1986-07-01,1986,7,1.11851612903226,2.995833600000006
OER_05,Tizi n'Isly,Oum Er Rbia,1986-08-01,1986,8,2.53287096774194,6.784041600000012
OER_05,Tizi n'Isly,Oum Er Rbia,1986-09-01,1986,9,0.878933333333333,2.2781951999999994
OER_05,Tizi n'Isly,Oum Er Rbia,1986-10-01,1986,10,1.82683870967742,4.893004800000002
OER_05,Tizi n'Isly,Oum Er Rbia,1986-11-01,1986,11,1.12633333333333,2.919455999999991
OER_05,Tizi n'Isly,Oum Er Rbia,1986-12-01,1986,12,0.937096774193548,2.509919999999999
OER_05,Tizi n'Isly,Oum Er Rbia,1987-01-01,1987,1,2.93703225806452,7.86654720000001
OER_05,Tizi n'Isly,Oum Er Rbia,1987-02-01,1987,2,12.8457142857143,31.076352000000032
OER_05,Tizi n'Isly,Oum Er Rbia,1987-03-01,1987,3,7.80161290322581,20.89584000000001
OER_05,Tizi n'Isly,Oum Er Rbia,1987-04-01,1987,4,2.50066666666667,6.481728000000009
OER_05,Tizi n'Isly,Oum Er Rbia,1987-05-01,1987,5,1.37806451612903,3.691007999999994
OER_05,Tizi n'Isly,Oum Er Rbia,1987-06-01,1987,6,3.4205,8.865936
OER_05,Tizi n'Isly,Oum Er Rbia,1987-07-01,1987,7,1.17364516129032,3.1434911999999935
OER_05,Tizi n'Isly,Oum Er Rbia,1987-08-01,1987,8,0.673387096774194,1.8036000000000012
OER_05,Tizi n'Isly,Oum Er Rbia,1987-09-01,1987,9,1.5503857,4.0185997344
OER_05,Tizi n'Isly,Oum Er Rbia,1987-10-01,1987,10,2.75002387096774,7.3656639359999945
OER_05,Tizi n'Isly,Oum Er Rbia,1987-11-01,1987,11,2.79643386666667,7.248356582400009
OER_05,Tizi n'Isly,Oum Er Rbia,1987-12-01,1987,12,3.57080490322581,9.56404385280001
OER_05,Tizi n'Isly,Oum Er Rbia,1988-01-01,1988,1,6.43156212903226,17.226296006400005
OER_05,Tizi n'Isly,Oum Er Rbia,1988-02-01,1988,2,19.6876703448276,49.32942681600003
OER_05,Tizi n'Isly,Oum Er Rbia,1988-03-01,1988,3,12.5347888064516,33.57317833919996
OER_05,Tizi n'Isly,Oum Er Rbia,1988-04-01,1988,4,2.98191196666667,7.729115817600008
OER_05,Tizi n'Isly,Oum Er Rbia,1988-05-01,1988,5,2.02343974193548,5.41958100479999
OER_05,Tizi n'Isly,Oum Er Rbia,1988-06-01,1988,6,2.91638716666667,7.559275536000009
OER_05,Tizi n'Isly,Oum Er Rbia,1988-07-01,1988,7,1.7570394516129,4.7060544671999915
OER_05,Tizi n'Isly,Oum Er Rbia,1988-08-01,1988,8,1.62465138709677,4.351466275199989
OER_05,Tizi n'Isly,Oum Er Rbia,1988-09-01,1988,9,1.83266666666667,4.75027200000001
OER_05,Tizi n'Isly,Oum Er Rbia,1988-10-01,1988,10,3.09032258064516,8.277119999999996
OER_05,Tizi n'Isly,Oum Er Rbia,1988-11-01,1988,11,3.56066666666667,9.229248000000009
OER_05,Tizi n'Isly,Oum Er Rbia,1988-12-01,1988,12,1.91483870967742,5.128704000000002
OER_05,Tizi n'Isly,Oum Er Rbia,1989-01-01,1989,1,1.51258064516129,4.051295999999999
OER_05,Tizi n'Isly,Oum Er Rbia,1989-02-01,1989,2,2.15178571428571,5.20559999999999
OER_05,Tizi n'Isly,Oum Er Rbia,1989-03-01,1989,3,3.33548387096774,8.933759999999996
OER_05,Tizi n'Isly,Oum Er Rbia,1989-04-01,1989,4,18.7016666666667,48.47472000000008
OER_05,Tizi n'Isly,Oum Er Rbia,1989-05-01,1989,5,5.83806451612903,15.636671999999994
OER_05,Tizi n'Isly,Oum Er Rbia,1989-06-01,1989,6,4.21766666666667,10.932192000000008
OER_05,Tizi n'Isly,Oum Er Rbia,1989-07-01,1989,7,3.57774193548387,9.582623999999997
OER_05,Tizi n'Isly,Oum Er Rbia,1989-08-01,1989,8,5.69,15.240096000000001
OER_05,Tizi n'Isly,Oum Er Rbia,1989-09-01,1989,9,1.91966666666667,4.975776000000009
OER_05,Tizi n'Isly,Oum Er Rbia,1989-10-01,1989,10,4.01838709677419,10.762847999999991
OER_05,Tizi n'Isly,Oum Er Rbia,1989-11-01,1989,11,3.755,9.73296
OER_05,Tizi n'Isly,Oum Er Rbia,1989-12-01,1989,12,2.81838709677419,7.548767999999991
OER_05,Tizi n'Isly,Oum Er Rbia,1990-01-01,1990,1,4.26645161290323,11.427264000000012
OER_05,Tizi n'Isly,Oum Er Rbia,1990-02-01,1990,2,3.29178571428571,7.963487999999991
OER_05,Tizi n'Isly,Oum Er Rbia,1990-03-01,1990,3,2.19741935483871,5.885568
OER_05,Tizi n'Isly,Oum Er Rbia,1990-04-01,1990,4,2.17533333333333,5.638463999999992
OER_05,Tizi n'Isly,Oum Er Rbia,1990-05-01,1990,5,3.31677419354839,8.883648000000008
OER_05,Tizi n'Isly,Oum Er Rbia,1990-06-01,1990,6,1.14933333333333,2.979071999999991
OER_05,Tizi n'Isly,Oum Er Rbia,1990-07-01,1990,7,1.524,4.0818816
OER_05,Tizi n'Isly,Oum Er Rbia,1990-08-01,1990,8,1.45335483870968,3.892665600000007
OER_05,Tizi n'Isly,Oum Er Rbia,1990-09-01,1990,9,3.57706666666667,9.27175680000001
OER_05,Tizi n'Isly,Oum Er Rbia,1990-10-01,1990,10,1.02164516129032,2.7363743999999928
OER_05,Tizi n'Isly,Oum Er Rbia,1990-11-01,1990,11,0.953466666666667,2.471385600000001
OER_05,Tizi n'Isly,Oum Er Rbia,1990-12-01,1990,12,2.43129032258065,6.511968000000013
OER_05,Tizi n'Isly,Oum Er Rbia,1991-01-01,1991,1,1.11354838709677,2.9825279999999887
OER_05,Tizi n'Isly,Oum Er Rbia,1991-02-01,1991,2,2.28678571428571,5.5321919999999905
OER_05,Tizi n'Isly,Oum Er Rbia,1991-03-01,1991,3,14.2129032258065,38.067840000000125
OER_05,Tizi n'Isly,Oum Er Rbia,1991-04-01,1991,4,15.171,39.323232
OER_05,Tizi n'Isly,Oum Er Rbia,1991-05-01,1991,5,3.39483870967742,9.092736000000002
OER_05,Tizi n'Isly,Oum Er Rbia,1991-06-01,1991,6,1.07523333333333,2.7870047999999916
OER_05,Tizi n'Isly,Oum Er Rbia,1991-07-01,1991,7,1.00774193548387,2.699135999999997
OER_05,Tizi n'Isly,Oum Er Rbia,1991-08-01,1991,8,3.45908709677419,9.26481887999999
OER_05,Tizi n'Isly,Oum Er Rbia,1991-09-01,1991,9,3.779,9.795168
OER_05,Tizi n'Isly,Oum Er Rbia,1991-10-01,1991,10,1.45935483870968,3.908736000000007
OER_05,Tizi n'Isly,Oum Er Rbia,1991-11-01,1991,11,0.976866666666667,2.5320384000000007
OER_05,Tizi n'Isly,Oum Er Rbia,1991-12-01,1991,12,1.09838709677419,2.9419199999999908
OER_05,Tizi n'Isly,Oum Er Rbia,1992-01-01,1992,1,0.873451612903226,2.3394528000000006
OER_05,Tizi n'Isly,Oum Er Rbia,1992-02-01,1992,2,0.813137931034483,2.0373984000000007
OER_05,Tizi n'Isly,Oum Er Rbia,1992-03-01,1992,3,1.34835483870968,3.6114336000000065
OER_05,Tizi n'Isly,Oum Er Rbia,1992-04-01,1992,4,9.65733333333333,25.03180799999999
OER_05,Tizi n'Isly,Oum Er Rbia,1992-05-01,1992,5,5.71806451612903,15.315263999999994
OER_05,Tizi n'Isly,Oum Er Rbia,1992-06-01,1992,6,2.96293333333333,7.679923199999991
OER_05,Tizi n'Isly,Oum Er Rbia,1992-07-01,1992,7,1.87958064516129,5.034268799999999
OER_05,Tizi n'Isly,Oum Er Rbia,1992-08-01,1992,8,2.68767741935484,7.198675200000004
OER_05,Tizi n'Isly,Oum Er Rbia,1992-09-01,1992,9,1.75586216666667,4.551194736000009
OER_05,Tizi n'Isly,Oum Er Rbia,1992-10-01,1992,10,2.12894474193548,5.702165596799989
OER_05,Tizi n'Isly,Oum Er Rbia,1992-11-01,1992,11,2.51899973333333,6.529247308799992
OER_05,Tizi n'Isly,Oum Er Rbia,1992-12-01,1992,12,1.19156506451613,3.1914878688000026
OER_05,Tizi n'Isly,Oum Er Rbia,1993-01-01,1993,1,1.23311487096774,3.3027748703999946
OER_05,Tizi n'Isly,Oum Er Rbia,1993-02-01,1993,2,1.06506139285714,2.5765965215999933
OER_05,Tizi n'Isly,Oum Er Rbia,1993-03-01,1993,3,9.67203903225806,25.905589343999985
OER_05,Tizi n'Isly,Oum Er Rbia,1993-04-01,1993,4,4.37201983333333,11.332275407999992
OER_05,Tizi n'Isly,Oum Er Rbia,1993-05-01,1993,5,2.30166209677419,6.164771759999989
OER_05,Tizi n'Isly,Oum Er Rbia,1993-06-01,1993,6,1.29814736666667,3.364797974400009
OER_05,Tizi n'Isly,Oum Er Rbia,1993-07-01,1993,7,0.916954,2.4559695936000003
OER_05,Tizi n'Isly,Oum Er Rbia,1993-08-01,1993,8,0.915321516129032,2.451597148799999
OER_05,Tizi n'Isly,Oum Er Rbia,1993-09-01,1993,9,0.827566666666667,2.1450528000000006
OER_05,Tizi n'Isly,Oum Er Rbia,1993-10-01,1993,10,0.767354838709677,2.055283199999999
OER_05,Tizi n'Isly,Oum Er Rbia,1993-11-01,1993,11,14.9192333333333,38.670652799999914
OER_05,Tizi n'Isly,Oum Er Rbia,1993-12-01,1993,12,5.06129032258065,13.556160000000013
OER_05,Tizi n'Isly,Oum Er Rbia,1994-01-01,1994,1,5.50709677419355,14.750208000000006
OER_05,Tizi n'Isly,Oum Er Rbia,1994-02-01,1994,2,18.7478571428571,45.35481599999989
OER_05,Tizi n'Isly,Oum Er Rbia,1994-03-01,1994,3,19.7677419354839,52.94592000000008
OER_05,Tizi n'Isly,Oum Er Rbia,1994-04-01,1994,4,10.618,27.521856
OER_05,Tizi n'Isly,Oum Er Rbia,1994-05-01,1994,5,3.80806451612903,10.199519999999994
OER_05,Tizi n'Isly,Oum Er Rbia,1994-06-01,1994,6,2.56166666666667,6.639840000000009
OER_05,Tizi n'Isly,Oum Er Rbia,1994-07-01,1994,7,1.04564516129032,2.800655999999993
OER_05,Tizi n'Isly,Oum Er Rbia,1994-08-01,1994,8,2.30306451612903,6.168527999999994
OER_05,Tizi n'Isly,Oum Er Rbia,1994-09-01,1994,9,0.8228,2.1326975999999997
OER_05,Tizi n'Isly,Oum Er Rbia,1994-10-01,1994,10,2.14496774193548,5.74508159999999
OER_05,Tizi n'Isly,Oum Er Rbia,1994-11-01,1994,11,0.952833333333333,2.469743999999999
OER_05,Tizi n'Isly,Oum Er Rbia,1994-12-01,1994,12,0.58158064516129,1.5577055999999994
OER_05,Tizi n'Isly,Oum Er Rbia,1995-01-01,1995,1,0.453096774193548,1.213574399999999
OER_05,Tizi n'Isly,Oum Er Rbia,1995-02-01,1995,2,0.496821428571429,1.2019104000000012
OER_05,Tizi n'Isly,Oum Er Rbia,1995-03-01,1995,3,2.0948064516129,5.610729599999992
OER_05,Tizi n'Isly,Oum Er Rbia,1995-04-01,1995,4,5.24366666666667,13.591584000000008
OER_05,Tizi n'Isly,Oum Er Rbia,1995-05-01,1995,5,2.04967741935484,5.489856000000004
OER_05,Tizi n'Isly,Oum Er Rbia,1995-06-01,1995,6,1.53786666666667,3.986150400000009
OER_05,Tizi n'Isly,Oum Er Rbia,1995-07-01,1995,7,0.724741935483871,1.9411488000000003
OER_05,Tizi n'Isly,Oum Er Rbia,1995-08-01,1995,8,1.45622580645161,3.9003551999999924
OER_05,Tizi n'Isly,Oum Er Rbia,1995-09-01,1995,9,1.87592696666667,4.862402697600009
OER_05,Tizi n'Isly,Oum Er Rbia,1995-10-01,1995,10,3.33838912903226,8.941541443200004
OER_05,Tizi n'Isly,Oum Er Rbia,1995-11-01,1995,11,0.1040934,0.26981009279999996
OER_05,Tizi n'Isly,Oum Er Rbia,1995-12-01,1995,12,2.22511377419355,5.959744732800005
OER_05,Tizi n'Isly,Oum Er Rbia,1996-01-01,1996,1,9.34312590322581,25.024628419200006
OER_05,Tizi n'Isly,Oum Er Rbia,1996-02-01,1996,2,20.0940262758621,50.34759223680008
OER_05,Tizi n'Isly,Oum Er Rbia,1996-03-01,1996,3,31.1041573225806,83.30937497279989
OER_05,Tizi n'Isly,Oum Er Rbia,1996-04-01,1996,4,17.1151003333333,44.36234006399991
OER_05,Tizi n'Isly,Oum Er Rbia,1996-05-01,1996,5,9.70567325806452,25.995675254400012
OER_05,Tizi n'Isly,Oum Er Rbia,1996-06-01,1996,6,12.6515146666667,32.79272601600009
OER_05,Tizi n'Isly,Oum Er Rbia,1996-07-01,1996,7,4.6808535483871,12.53719814400001
OER_05,Tizi n'Isly,Oum Er Rbia,1996-08-01,1996,8,1.53767809677419,4.118517014399991
OER_05,Tizi n'Isly,Oum Er Rbia,1996-09-01,1996,9,2.87656973333333,7.456068748799992
OER_05,Tizi n'Isly,Oum Er Rbia,1996-10-01,1996,10,1.21722232258065,3.260208268800013
OER_05,Tizi n'Isly,Oum Er Rbia,1996-11-01,1996,11,1.02834876666667,2.6654800032000083
OER_05,Tizi n'Isly,Oum Er Rbia,1996-12-01,1996,12,3.21360670967742,8.6073242112
OER_05,Tizi n'Isly,Oum Er Rbia,1997-01-01,1997,1,10.706961516129,28.677525724799914
OER_05,Tizi n'Isly,Oum Er Rbia,1997-02-01,1997,2,8.01265971428571,19.38422638079999
OER_05,Tizi n'Isly,Oum Er Rbia,1997-03-01,1997,3,4.17442296774194,11.180774476800012
OER_05,Tizi n'Isly,Oum Er Rbia,1997-04-01,1997,4,13.0465977333333,33.81678132479991
OER_05,Tizi n'Isly,Oum Er Rbia,1997-05-01,1997,5,6.56381458064516,17.5805209728
OER_05,Tizi n'Isly,Oum Er Rbia,1997-06-01,1997,6,3.19944006666667,8.292948652800009
OER_05,Tizi n'Isly,Oum Er Rbia,1997-07-01,1997,7,1.889385,5.060528784000001
OER_05,Tizi n'Isly,Oum Er Rbia,1997-08-01,1997,8,1.51642825806452,4.061601446400011
OER_05,Tizi n'Isly,Oum Er Rbia,1997-09-01,1997,9,5.35652626666667,13.88411608320001
OER_05,Tizi n'Isly,Oum Er Rbia,1997-10-01,1997,10,1.06196877419355,2.844377164800004
OER_05,Tizi n'Isly,Oum Er Rbia,1997-11-01,1997,11,1.1258057,2.9180883743999995
OER_05,Tizi n'Isly,Oum Er Rbia,1997-12-01,1997,12,1.5428945483871,4.132488758400008
OER_05,Tizi n'Isly,Oum Er Rbia,1998-01-01,1998,1,1.47780832258065,3.958161811200013
OER_05,Tizi n'Isly,Oum Er Rbia,1998-02-01,1998,2,4.4117535,10.672914067199999
OER_05,Tizi n'Isly,Oum Er Rbia,1998-03-01,1998,3,1.53987677419355,4.1244059520000045
OER_05,Tizi n'Isly,Oum Er Rbia,1998-04-01,1998,4,1.13397926666667,2.9392742592000083
OER_05,Tizi n'Isly,Oum Er Rbia,1998-05-01,1998,5,1.50051029032258,4.018966761599998
OER_05,Tizi n'Isly,Oum Er Rbia,1998-06-01,1998,6,1.8075783,4.6852429536
OER_05,Tizi n'Isly,Oum Er Rbia,1998-07-01,1998,7,0.389334161290323,1.042792617600001
OER_05,Tizi n'Isly,Oum Er Rbia,1998-08-01,1998,8,0.429737774193548,1.151009654399999
OER_05,Tizi n'Isly,Oum Er Rbia,1998-09-01,1998,9,3.13498776666667,8.125888291200008
OER_05,Tizi n'Isly,Oum Er Rbia,1998-10-01,1998,10,0.428961967741935,1.1489317343999987
OER_05,Tizi n'Isly,Oum Er Rbia,1998-11-01,1998,11,0.409629866666667,1.0617606144000007
OER_05,Tizi n'Isly,Oum Er Rbia,1998-12-01,1998,12,0.488523870967742,1.3084623360000003
OER_05,Tizi n'Isly,Oum Er Rbia,1999-01-01,1999,1,1.62501738709677,4.352446569599989
OER_05,Tizi n'Isly,Oum Er Rbia,1999-02-01,1999,2,1.73161517857143,4.189123440000004
OER_05,Tizi n'Isly,Oum Er Rbia,1999-03-01,1999,3,2.85431767741935,7.645004467199986
OER_05,Tizi n'Isly,Oum Er Rbia,1999-04-01,1999,4,1.85565766666667,4.809864672000009
OER_05,Tizi n'Isly,Oum Er Rbia,1999-05-01,1999,5,0.788016774193548,2.110624127999999
OER_05,Tizi n'Isly,Oum Er Rbia,1999-06-01,1999,6,0.534182633333333,1.3846013855999992
OER_05,Tizi n'Isly,Oum Er Rbia,1999-07-01,1999,7,0.348559419354839,0.9335815488000007
OER_05,Tizi n'Isly,Oum Er Rbia,1999-08-01,1999,8,1.85857835483871,4.978016265600001
OER_05,Tizi n'Isly,Oum Er Rbia,1999-09-01,1999,9,2.40948366666667,6.245381664000008
OER_05,Tizi n'Isly,Oum Er Rbia,1999-10-01,1999,10,1.52532822580645,4.085439119999996
OER_05,Tizi n'Isly,Oum Er Rbia,1999-11-01,1999,11,1.19873753333333,3.1071276863999917
OER_05,Tizi n'Isly,Oum Er Rbia,1999-12-01,1999,12,0.945215096774194,2.5316641152000012
OER_05,Tizi n'Isly,Oum Er Rbia,2000-01-01,2000,1,0.934885516129032,2.5039973663999993
OER_05,Tizi n'Isly,Oum Er Rbia,2000-02-01,2000,2,0.740414379310345,1.8551822688000004
OER_05,Tizi n'Isly,Oum Er Rbia,2000-03-01,2000,3,0.609975580645161,1.633758595199999
OER_05,Tizi n'Isly,Oum Er Rbia,2000-04-01,2000,4,0.805924,2.088955008
OER_05,Tizi n'Isly,Oum Er Rbia,2000-05-01,2000,5,0.714654516129032,1.9141306559999993
OER_05,Tizi n'Isly,Oum Er Rbia,2000-06-01,2000,6,0.520819766666667,1.3499648352000009
OER_05,Tizi n'Isly,Oum Er Rbia,2000-07-01,2000,7,0.462573322580645,1.2389563871999996
OER_05,Tizi n'Isly,Oum Er Rbia,2000-08-01,2000,8,0.74990464516129,2.008544601599999
OER_05,Tizi n'Isly,Oum Er Rbia,2000-09-01,2000,9,0.452379533333333,1.1725677503999992
OER_05,Tizi n'Isly,Oum Er Rbia,2000-10-01,2000,10,1.90376335483871,5.099039769600001
OER_05,Tizi n'Isly,Oum Er Rbia,2000-11-01,2000,11,1.1222922,2.9089813824
OER_05,Tizi n'Isly,Oum Er Rbia,2000-12-01,2000,12,2.56474693548387,6.869418191999997
OER_05,Tizi n'Isly,Oum Er Rbia,2001-01-01,2001,1,4.14206638709677,11.09411061119999
OER_05,Tizi n'Isly,Oum Er Rbia,2001-02-01,2001,2,3.26092017857143,7.888818096000002
OER_05,Tizi n'Isly,Oum Er Rbia,2001-03-01,2001,3,2.84742896774194,7.626553747200013
OER_05,Tizi n'Isly,Oum Er Rbia,2001-04-01,2001,4,1.77418083333333,4.598676719999991
OER_05,Tizi n'Isly,Oum Er Rbia,2001-05-01,2001,5,1.31729438709677,3.5282412863999886
OER_05,Tizi n'Isly,Oum Er Rbia,2001-06-01,2001,6,1.02461876666667,2.6558118432000084
OER_05,Tizi n'Isly,Oum Er Rbia,2001-07-01,2001,7,0.866163967741935,2.3199335711999987
OER_05,Tizi n'Isly,Oum Er Rbia,2001-08-01,2001,8,2.18547509677419,5.85357649919999
OER_05,Tizi n'Isly,Oum Er Rbia,2001-09-01,2001,9,2.29971803333333,5.960869142399991
OER_05,Tizi n'Isly,Oum Er Rbia,2001-10-01,2001,10,1.12899490322581,3.02389994880001
OER_05,Tizi n'Isly,Oum Er Rbia,2001-11-01,2001,11,0.8988938,2.3299327296
OER_05,Tizi n'Isly,Oum Er Rbia,2001-12-01,2001,12,1.349386,3.6141954623999997
OER_05,Tizi n'Isly,Oum Er Rbia,2002-01-01,2002,1,1.15273848387097,3.087494755200006
OER_05,Tizi n'Isly,Oum Er Rbia,2002-02-01,2002,2,1.07005182142857,2.5886693663999965
OER_05,Tizi n'Isly,Oum Er Rbia,2002-03-01,2002,3,1.27297803225806,3.4095443615999876
OER_05,Tizi n'Isly,Oum Er Rbia,2002-04-01,2002,4,4.45850603333333,11.556447638399991
OER_05,Tizi n'Isly,Oum Er Rbia,2002-05-01,2002,5,9.57861658064516,25.655366649599994
OER_05,Tizi n'Isly,Oum Er Rbia,2002-06-01,2002,6,2.78929713333333,7.229858169599992
OER_05,Tizi n'Isly,Oum Er Rbia,2002-07-01,2002,7,1.33821212903226,3.584267366400005
OER_05,Tizi n'Isly,Oum Er Rbia,2002-08-01,2002,8,1.44709580645161,3.8759014079999923
OER_05,Tizi n'Isly,Oum Er Rbia,2002-09-01,2002,9,1.0705001,2.7747362592
OER_05,Tizi n'Isly,Oum Er Rbia,2002-10-01,2002,10,1.017637,2.7256389407999997
OER_05,Tizi n'Isly,Oum Er Rbia,2002-11-01,2002,11,5.5358638,14.348958969599998
OER_05,Tizi n'Isly,Oum Er Rbia,2002-12-01,2002,12,1.03040287096774,2.7598310495999945
OER_05,Tizi n'Isly,Oum Er Rbia,2003-01-01,2003,1,1.35802635483871,3.6373377888000014
OER_05,Tizi n'Isly,Oum Er Rbia,2003-02-01,2003,2,1.42331946428571,3.4432944479999903
OER_05,Tizi n'Isly,Oum Er Rbia,2003-03-01,2003,3,1.53897751612903,4.1219973791999935
OER_05,Tizi n'Isly,Oum Er Rbia,2003-04-01,2003,4,1.05461886666667,2.7335721024000086
OER_05,Tizi n'Isly,Oum Er Rbia,2003-05-01,2003,5,1.10808425806452,2.9678928768000103
OER_05,Tizi n'Isly,Oum Er Rbia,2003-06-01,2003,6,0.8136297,2.1089281823999997
OER_05,Tizi n'Isly,Oum Er Rbia,2003-07-01,2003,7,1.0681685483871,2.8609826400000085
OER_05,Tizi n'Isly,Oum Er Rbia,2003-08-01,2003,8,1.25884690322581,3.3716955456000095
OER_05,Tizi n'Isly,Oum Er Rbia,2003-09-01,2003,9,0.531687433333333,1.378133827199999
OER_05,Tizi n'Isly,Oum Er Rbia,2003-10-01,2003,10,1.0578365483871,2.8333094112000086
OER_05,Tizi n'Isly,Oum Er Rbia,2003-11-01,2003,11,3.36817703333333,8.73031487039999
OER_05,Tizi n'Isly,Oum Er Rbia,2003-12-01,2003,12,6.78372438709677,18.169527398399985
OER_05,Tizi n'Isly,Oum Er Rbia,2004-01-01,2004,1,1.07062635483871,2.867565628800001
OER_05,Tizi n'Isly,Oum Er Rbia,2004-02-01,2004,2,1.15610620689655,2.8967397119999956
OER_05,Tizi n'Isly,Oum Er Rbia,2004-03-01,2004,3,1.66688341935484,4.464580550400004
OER_05,Tizi n'Isly,Oum Er Rbia,2004-04-01,2004,4,1.67325243333333,4.337070307199991
OER_05,Tizi n'Isly,Oum Er Rbia,2004-05-01,2004,5,8.10364332258064,21.704798275199984
OER_05,Tizi n'Isly,Oum Er Rbia,2004-06-01,2004,6,7.2591682,18.8157639744
OER_05,Tizi n'Isly,Oum Er Rbia,2004-07-01,2004,7,2.75766329032258,7.386125356799998
OER_05,Tizi n'Isly,Oum Er Rbia,2004-08-01,2004,8,1.60122564516129,4.2887227679999995
OER_05,Tizi n'Isly,Oum Er Rbia,2004-09-01,2004,9,1.98998526666667,5.1580418112000075
OER_05,Tizi n'Isly,Oum Er Rbia,2004-10-01,2004,10,2.8338574516129,7.590203798399991
OER_05,Tizi n'Isly,Oum Er Rbia,2004-11-01,2004,11,3.52330786666667,9.132413990400009
OER_05,Tizi n'Isly,Oum Er Rbia,2004-12-01,2004,12,1.91666938709677,5.133607286399989
OER_05,Tizi n'Isly,Oum Er Rbia,2005-01-01,2005,1,2.32798209677419,6.235267247999991
OER_05,Tizi n'Isly,Oum Er Rbia,2005-02-01,2005,2,2.50261835714286,6.054334329600008
OER_05,Tizi n'Isly,Oum Er Rbia,2005-03-01,2005,3,8.74639374193548,23.426340998399986
OER_05,Tizi n'Isly,Oum Er Rbia,2005-04-01,2005,4,4.23781586666667,10.984418726400008
OER_05,Tizi n'Isly,Oum Er Rbia,2005-05-01,2005,5,2.26904370967742,6.077406672000001
OER_05,Tizi n'Isly,Oum Er Rbia,2005-06-01,2005,6,2.91693153333333,7.5606865343999905
OER_05,Tizi n'Isly,Oum Er Rbia,2005-07-01,2005,7,0.439429709677419,1.1769685343999992
OER_05,Tizi n'Isly,Oum Er Rbia,2005-08-01,2005,8,1.61191138709677,4.317343459199989
OER_05,Tizi n'Isly,Oum Er Rbia,2005-09-01,2005,9,1.89914213333333,4.9225764095999915
OER_05,Tizi n'Isly,Oum Er Rbia,2005-10-01,2005,10,2.19761812903226,5.886100396800004
OER_05,Tizi n'Isly,Oum Er Rbia,2005-11-01,2005,11,1.02638296666667,2.6603846496000085
OER_05,Tizi n'Isly,Oum Er Rbia,2005-12-01,2005,12,1.32196780645161,3.540758572799992
OER_05,Tizi n'Isly,Oum Er Rbia,2006-01-01,2006,1,2.52433616129032,6.761181974399993
OER_05,Tizi n'Isly,Oum Er Rbia,2006-02-01,2006,2,11.9087900357143,28.809744854400034
OER_05,Tizi n'Isly,Oum Er Rbia,2006-03-01,2006,3,17.8055708709677,47.69044102079988
OER_05,Tizi n'Isly,Oum Er Rbia,2006-04-01,2006,4,8.71417686666667,22.58714643840001
OER_05,Tizi n'Isly,Oum Er Rbia,2006-05-01,2006,5,3.50858609677419,9.39739700159999
OER_05,Tizi n'Isly,Oum Er Rbia,2006-06-01,2006,6,2.53335163333333,6.566447433599991
OER_05,Tizi n'Isly,Oum Er Rbia,2006-07-01,2006,7,1.53364219354839,4.107707251200008
OER_05,Tizi n'Isly,Oum Er Rbia,2006-08-01,2006,8,0.859546096774194,2.302208265600001
OER_05,Tizi n'Isly,Oum Er Rbia,2006-09-01,2006,9,1.2740931,3.3024493151999996
OER_05,Tizi n'Isly,Oum Er Rbia,2006-10-01,2006,10,3.59524983870968,9.629517168000007
OER_05,Tizi n'Isly,Oum Er Rbia,2006-11-01,2006,11,3.45745426666667,8.961721459200009
OER_05,Tizi n'Isly,Oum Er Rbia,2006-12-01,2006,12,3.51204322580645,9.406656575999996
OER_05,Tizi n'Isly,Oum Er Rbia,2007-01-01,2007,1,3.71907038709677,9.961158124799988
OER_05,Tizi n'Isly,Oum Er Rbia,2007-02-01,2007,2,3.974866,9.6159958272
OER_05,Tizi n'Isly,Oum Er Rbia,2007-03-01,2007,3,3.07425919354839,8.234095824000008
OER_05,Tizi n'Isly,Oum Er Rbia,2007-04-01,2007,4,6.4450319,16.7055226848
OER_05,Tizi n'Isly,Oum Er Rbia,2007-05-01,2007,5,2.42795225806452,6.50302732800001
OER_05,Tizi n'Isly,Oum Er Rbia,2007-06-01,2007,6,1.6905652,4.3819449984
OER_05,Tizi n'Isly,Oum Er Rbia,2007-07-01,2007,7,1.22863138709677,3.290766307199989
OER_05,Tizi n'Isly,Oum Er Rbia,2007-08-01,2007,8,0.786166483870968,2.105668310400001
OER_05,Tizi n'Isly,Oum Er Rbia,2007-09-01,2007,9,1.25306063333333,3.2479331615999913
OER_05,Tizi n'Isly,Oum Er Rbia,2007-10-01,2007,10,2.82351235483871,7.562495491200001
OER_05,Tizi n'Isly,Oum Er Rbia,2007-11-01,2007,11,3.4347373,8.9028390816
OER_05,Tizi n'Isly,Oum Er Rbia,2007-12-01,2007,12,1.18265667741935,3.167627644799987
OER_05,Tizi n'Isly,Oum Er Rbia,2008-01-01,2008,1,3.66395109677419,9.81352661759999
OER_05,Tizi n'Isly,Oum Er Rbia,2008-02-01,2008,2,5.80260665517241,14.53901123519999
OER_05,Tizi n'Isly,Oum Er Rbia,2008-03-01,2008,3,5.48063019354839,14.67931991040001
OER_05,Tizi n'Isly,Oum Er Rbia,2008-04-01,2008,4,3.52790763333333,9.144336585599993
OER_05,Tizi n'Isly,Oum Er Rbia,2008-05-01,2008,5,3.63215612903226,9.728366976000006
OER_05,Tizi n'Isly,Oum Er Rbia,2008-06-01,2008,6,1.55188126666667,4.022476243200009
OER_05,Tizi n'Isly,Oum Er Rbia,2008-07-01,2008,7,1.28237141935484,3.434703609600003
OER_05,Tizi n'Isly,Oum Er Rbia,2008-08-01,2008,8,0.903997096774194,2.4212658240000016
OER_05,Tizi n'Isly,Oum Er Rbia,2008-09-01,2008,9,6.85113453333333,17.758140710399992
OER_05,Tizi n'Isly,Oum Er Rbia,2008-10-01,2008,10,10.0164847419355,26.82815273280004
OER_05,Tizi n'Isly,Oum Er Rbia,2008-11-01,2008,11,10.0860059666667,26.14292746560009
OER_05,Tizi n'Isly,Oum Er Rbia,2008-12-01,2008,12,16.9112164516129,45.295002144
OER_05,Tizi n'Isly,Oum Er Rbia,2009-01-01,2009,1,20.3893865483871,54.61093293120001
OER_05,Tizi n'Isly,Oum Er Rbia,2009-02-01,2009,2,38.7262543571429,93.68655454080009
OER_05,Tizi n'Isly,Oum Er Rbia,2009-03-01,2009,3,35.7619742903226,95.78487193920006
OER_05,Tizi n'Isly,Oum Er Rbia,2009-04-01,2009,4,19.9643425333333,51.74757584639992
OER_05,Tizi n'Isly,Oum Er Rbia,2009-05-01,2009,5,11.6656400645161,31.245250348799924
OER_05,Tizi n'Isly,Oum Er Rbia,2009-06-01,2009,6,7.456748,19.327890816
OER_05,Tizi n'Isly,Oum Er Rbia,2009-07-01,2009,7,3.39227670967742,9.0858739392
OER_05,Tizi n'Isly,Oum Er Rbia,2009-08-01,2009,8,2.24240358064516,6.006053750399997
OER_05,Tizi n'Isly,Oum Er Rbia,2009-09-01,2009,9,6.16846153333333,15.988652294399992
OER_05,Tizi n'Isly,Oum Er Rbia,2009-10-01,2009,10,2.00899806451613,5.380900416000002
OER_05,Tizi n'Isly,Oum Er Rbia,2009-11-01,2009,11,1.11547933333333,2.891322431999991
OER_05,Tizi n'Isly,Oum Er Rbia,2009-12-01,2009,12,3.55556196774194,9.523217174400013
OER_05,Tizi n'Isly,Oum Er Rbia,2010-01-01,2010,1,14.1849723225806,37.99302986879988
OER_05,Tizi n'Isly,Oum Er Rbia,2010-02-01,2010,2,35.9708382857143,87.02065198080004
OER_05,Tizi n'Isly,Oum Er Rbia,2010-03-01,2010,3,30.5254656129032,81.75940709759993
OER_05,Tizi n'Isly,Oum Er Rbia,2010-04-01,2010,4,4.17117943333333,10.81169709119999
OER_05,Tizi n'Isly,Oum Er Rbia,2010-05-01,2010,5,1.72431277419355,4.618399334400005
OER_05,Tizi n'Isly,Oum Er Rbia,2010-06-01,2010,6,0.787904133333333,2.042247513599999
OER_05,Tizi n'Isly,Oum Er Rbia,2010-07-01,2010,7,2.21745696774194,5.939236742400012
OER_05,Tizi n'Isly,Oum Er Rbia,2010-08-01,2010,8,5.04814809677419,13.52095986239999
OER_05,Tizi n'Isly,Oum Er Rbia,2010-09-01,2010,9,13.5310991666667,35.07260904000008
OER_05,Tizi n'Isly,Oum Er Rbia,2010-10-01,2010,10,6.02820951612903,16.145956367999993
OER_05,Tizi n'Isly,Oum Er Rbia,2010-11-01,2010,11,3.0114127,7.805581718400001
OER_05,Tizi n'Isly,Oum Er Rbia,2010-12-01,2010,12,6.32135361290323,16.931113516800007
OER_05,Tizi n'Isly,Oum Er Rbia,2011-01-01,2011,1,1.8955075483871,5.076927417600008
OER_05,Tizi n'Isly,Oum Er Rbia,2011-02-01,2011,2,2.40135478571429,5.80935749760001
OER_05,Tizi n'Isly,Oum Er Rbia,2011-03-01,2011,3,2.85926719354839,7.658261251200008
OER_05,Tizi n'Isly,Oum Er Rbia,2011-04-01,2011,4,2.37629766666667,6.159363552000007
OER_05,Tizi n'Isly,Oum Er Rbia,2011-05-01,2011,5,11.5334995483871,30.891325190400007
OER_05,Tizi n'Isly,Oum Er Rbia,2011-06-01,2011,6,10.8405401666667,28.09868011200009
OER_05,Tizi n'Isly,Oum Er Rbia,2011-07-01,2011,7,2.246789,6.0177996575999995
OER_05,Tizi n'Isly,Oum Er Rbia,2011-08-01,2011,8,2.82444138709677,7.564983811199989
OER_05,Tizi n'Isly,Oum Er Rbia,2011-09-01,2011,9,0.999011733333333,2.589438412799999
OER_05,Tizi n'Isly,Oum Er Rbia,2011-10-01,2011,10,1.33631932258065,3.579197673600013
OER_05,Tizi n'Isly,Oum Er Rbia,2011-11-01,2011,11,7.15024516666667,18.53343547200001
OER_05,Tizi n'Isly,Oum Er Rbia,2011-12-01,2011,12,2.31956432258065,6.212721081600013
OER_05,Tizi n'Isly,Oum Er Rbia,2012-01-01,2012,1,3.79642712903226,10.168350422400005
OER_05,Tizi n'Isly,Oum Er Rbia,2012-02-01,2012,2,4.46444886206897,11.18612306880001
OER_05,Tizi n'Isly,Oum Er Rbia,2012-03-01,2012,3,4.49090332258065,12.028435459200011
OER_05,Tizi n'Isly,Oum Er Rbia,2012-04-01,2012,4,12.0987147,31.359868502400005
OER_05,Tizi n'Isly,Oum Er Rbia,2012-05-01,2012,5,4.04369441935484,10.830631132800004
OER_05,Tizi n'Isly,Oum Er Rbia,2012-06-01,2012,6,1.97510256666667,5.119465852800009
OER_05,Tizi n'Isly,Oum Er Rbia,2012-07-01,2012,7,1.1033304516129,2.955160281599992
OER_05,Tizi n'Isly,Oum Er Rbia,2012-08-01,2012,8,0.801709903225806,2.147299804799999
OER_05,Tizi n'Isly,Oum Er Rbia,2012-09-01,2012,9,1.2445497,3.2258728224000004
OER_05,Tizi n'Isly,Oum Er Rbia,2012-10-01,2012,10,4.37154790322581,11.70875390400001
OER_05,Tizi n'Isly,Oum Er Rbia,2012-11-01,2012,11,26.6000729,68.9473889568
OER_05,Tizi n'Isly,Oum Er Rbia,2012-12-01,2012,12,12.6826878387097,33.96931110720006
OER_05,Tizi n'Isly,Oum Er Rbia,2013-01-01,2013,1,6.76628612903226,18.122820768000004
OER_05,Tizi n'Isly,Oum Er Rbia,2013-02-01,2013,2,5.52245185714286,13.359915532800006
OER_05,Tizi n'Isly,Oum Er Rbia,2013-03-01,2013,3,14.1402036129032,37.87312135679993
OER_05,Tizi n'Isly,Oum Er Rbia,2013-04-01,2013,4,15.8303091,41.0321611872
OER_05,Tizi n'Isly,Oum Er Rbia,2013-05-01,2013,5,5.84580364516129,15.657400483199998
OER_05,Tizi n'Isly,Oum Er Rbia,2013-06-01,2013,6,3.348258,8.678684736
OER_05,Tizi n'Isly,Oum Er Rbia,2013-07-01,2013,7,2.80585912903226,7.515213091200005
OER_05,Tizi n'Isly,Oum Er Rbia,2013-08-01,2013,8,1.91901619354839,5.139892972800008
OER_05,Tizi n'Isly,Oum Er Rbia,2013-09-01,2013,9,6.30964106666667,16.354589644800008
OER_05,Tizi n'Isly,Oum Er Rbia,2013-10-01,2013,10,1.53243961290323,4.104486259200011
OER_05,Tizi n'Isly,Oum Er Rbia,2013-11-01,2013,11,2.98945596666667,7.748669865600008
OER_05,Tizi n'Isly,Oum Er Rbia,2013-12-01,2013,12,1.38041938709677,3.6973152863999883
OER_05,Tizi n'Isly,Oum Er Rbia,2014-01-01,2014,1,1.64104948387097,4.395386937600005
OER_05,Tizi n'Isly,Oum Er Rbia,2014-02-01,2014,2,7.15798810714286,17.316604828800006
OER_05,Tizi n'Isly,Oum Er Rbia,2014-03-01,2014,3,5.61459935483871,15.038142912
OER_05,Tizi n'Isly,Oum Er Rbia,2014-04-01,2014,4,3.3423076,8.6632612992
OER_05,Tizi n'Isly,Oum Er Rbia,2014-05-01,2014,5,1.37962503225806,3.6951876863999877
OER_05,Tizi n'Isly,Oum Er Rbia,2014-06-01,2014,6,2.35772556666667,6.111224668800007
OER_05,Tizi n'Isly,Oum Er Rbia,2014-07-01,2014,7,0.535627096774194,1.4346236160000008
OER_05,Tizi n'Isly,Oum Er Rbia,2014-08-01,2014,8,1.56538635483871,4.192730812800001
OER_05,Tizi n'Isly,Oum Er Rbia,2014-09-01,2014,9,0.904197066666667,2.3436787968000012
OER_05,Tizi n'Isly,Oum Er Rbia,2014-10-01,2014,10,0.917396935483871,2.457155952
OER_05,Tizi n'Isly,Oum Er Rbia,2014-11-01,2014,11,14.6612319666667,38.00191325760009
OER_05,Tizi n'Isly,Oum Er Rbia,2014-12-01,2014,12,10.2986999354839,27.584037907200077
OER_05,Tizi n'Isly,Oum Er Rbia,2015-01-01,2015,1,7.81962748387097,20.944090252800006
OER_05,Tizi n'Isly,Oum Er Rbia,2015-02-01,2015,2,13.0786952857143,31.639979635200035
OER_05,Tizi n'Isly,Oum Er Rbia,2015-03-01,2015,3,18.8274436129032,50.42742497279993
OER_05,Tizi n'Isly,Oum Er Rbia,2015-04-01,2015,4,15.3196597666667,39.708558115200084
OER_05,Tizi n'Isly,Oum Er Rbia,2015-05-01,2015,5,5.51746848387097,14.777987587200007
OER_05,Tizi n'Isly,Oum Er Rbia,2015-06-01,2015,6,6.35870913333333,16.481774073599993
OER_05,Tizi n'Isly,Oum Er Rbia,2015-07-01,2015,7,2.37746303225806,6.367796985599988
OER_05,Tizi n'Isly,Oum Er Rbia,2015-08-01,2015,8,4.75812490322581,12.744161740800008
OER_05,Tizi n'Isly,Oum Er Rbia,2015-09-01,2015,9,2.6412075,6.846009840000001
OER_05,Tizi n'Isly,Oum Er Rbia,2015-10-01,2015,10,1.63469087096774,4.3783560287999945
OER_05,Tizi n'Isly,Oum Er Rbia,2015-11-01,2015,11,1.24522383333333,3.2276201759999914
OER_05,Tizi n'Isly,Oum Er Rbia,2015-12-01,2015,12,1.04510961290323,2.799221587200011
OER_05,Tizi n'Isly,Oum Er Rbia,2016-01-01,2016,1,1.09657922580645,2.9370777983999954
OER_05,Tizi n'Isly,Oum Er Rbia,2016-02-01,2016,2,1.34476948275862,3.3694544159999986
OER_05,Tizi n'Isly,Oum Er Rbia,2016-03-01,2016,3,5.20324796774194,13.936379356800012
OER_05,Tizi n'Isly,Oum Er Rbia,2016-04-01,2016,4,7.43638666666667,19.27511424000001
OER_05,Tizi n'Isly,Oum Er Rbia,2016-05-01,2016,5,3.333698,8.928976723200002
OER_05,Tizi n'Isly,Oum Er Rbia,2016-06-01,2016,6,0.7652564,1.9835445887999998
OER_05,Tizi n'Isly,Oum Er Rbia,2016-07-01,2016,7,0.781602677419355,2.0934446112000002
OER_05,Tizi n'Isly,Oum Er Rbia,2016-08-01,2016,8,5.61863635483871,15.0489556128
OER_05,Tizi n'Isly,Oum Er Rbia,2016-09-01,2016,9,0.8811805,2.284019856
OER_05,Tizi n'Isly,Oum Er Rbia,2016-10-01,2016,10,0.985600483870968,2.6398323360000004
OER_05,Tizi n'Isly,Oum Er Rbia,2016-11-01,2016,11,1.58490926666667,4.108084819200009
OER_05,Tizi n'Isly,Oum Er Rbia,2016-12-01,2016,12,3.26440093548387,8.743371465599997
OER_05,Tizi n'Isly,Oum Er Rbia,2017-01-01,2017,1,1.93846270967742,5.191978521600002
OER_05,Tizi n'Isly,Oum Er Rbia,2017-02-01,2017,2,3.14919517857143,7.618532976000004
OER_05,Tizi n'Isly,Oum Er Rbia,2017-03-01,2017,3,3.87751503225806,10.385536262399988
OER_05,Tizi n'Isly,Oum Er Rbia,2017-04-01,2017,4,2.2776939,5.9037825888
OER_05,Tizi n'Isly,Oum Er Rbia,2017-05-01,2017,5,1.02283406451613,2.739558758400003
OER_05,Tizi n'Isly,Oum Er Rbia,2017-06-01,2017,6,1.0992657,2.8492966944
OER_05,Tizi n'Isly,Oum Er Rbia,2017-07-01,2017,7,0.304533548387097,0.8156626560000007
OER_05,Tizi n'Isly,Oum Er Rbia,2017-08-01,2017,8,0.344911161290323,0.9238100544000012
OER_05,Tizi n'Isly,Oum Er Rbia,2017-09-01,2017,9,0.2006599,0.5201104608
OER_05,Tizi n'Isly,Oum Er Rbia,2017-10-01,2017,10,0.44647664516129,1.1958430463999992
OER_05,Tizi n'Isly,Oum Er Rbia,2017-11-01,2017,11,0.595169033333333,1.5426781343999993
OER_05,Tizi n'Isly,Oum Er Rbia,2017-12-01,2017,12,2.12094551612903,5.680740470399995
OER_05,Tizi n'Isly,Oum Er Rbia,2018-01-01,2018,1,1.24286625806452,3.3288929856000107
OER_05,Tizi n'Isly,Oum Er Rbia,2018-02-01,2018,2,26.4341256428571,63.9494367551999
OER_05,Tizi n'Isly,Oum Er Rbia,2018-03-01,2018,3,5.3711125483871,14.38598784960001
OER_05,Tizi n'Isly,Oum Er Rbia,2018-04-01,2018,4,2.7058033,7.0134421536
OER_05,Tizi n'Isly,Oum Er Rbia,2018-05-01,2018,5,3.32016432258065,8.892728121600014
OER_05,Tizi n'Isly,Oum Er Rbia,2018-06-01,2018,6,0.899569333333333,2.3316837119999994
OER_05,Tizi n'Isly,Oum Er Rbia,2018-07-01,2018,7,0.496669967741936,1.3302808416000016
OER_05,Tizi n'Isly,Oum Er Rbia,2018-08-01,2018,8,4.21511970967742,11.2897766304
OER_05,Tizi n'Isly,Oum Er Rbia,2018-09-01,2018,9,4.04917883333333,10.495471535999991
OER_05,Tizi n'Isly,Oum Er Rbia,2018-10-01,2018,10,1.05181987096774,2.8171943423999948
OER_05,Tizi n'Isly,Oum Er Rbia,2018-11-01,2018,11,5.07988623333333,13.167065116799991
OER_05,Tizi n'Isly,Oum Er Rbia,2018-12-01,2018,12,3.34801716129032,8.967329164799994
OER_05,Tizi n'Isly,Oum Er Rbia,2019-01-01,2019,1,1.84066180645161,4.930028582399992
OER_05,Tizi n'Isly,Oum Er Rbia,2019-02-01,2019,2,1.41146910714286,3.414626064000007
OER_05,Tizi n'Isly,Oum Er Rbia,2019-03-01,2019,3,1.15526361290323,3.0942580608000116
OER_05,Tizi n'Isly,Oum Er Rbia,2019-04-01,2019,4,3.4911475,9.04905432
OER_05,Tizi n'Isly,Oum Er Rbia,2019-05-01,2019,5,4.17787635483871,11.190024028800002
OER_05,Tizi n'Isly,Oum Er Rbia,2019-06-01,2019,6,0.7534277,1.9528845984000003
OER_05,Tizi n'Isly,Oum Er Rbia,2019-07-01,2019,7,0.374619290322581,1.003380307200001
OER_05,Tizi n'Isly,Oum Er Rbia,2019-08-01,2019,8,1.09450877419355,2.9315323008000047
OER_05,Tizi n'Isly,Oum Er Rbia,2019-09-01,2019,9,2.059343,5.3378170560000004
OER_05,Tizi n'Isly,Oum Er Rbia,2019-10-01,2019,10,0.585868225806452,1.5691894560000013
OER_05,Tizi n'Isly,Oum Er Rbia,2019-11-01,2019,11,0.833162833333333,2.1595580639999987
OER_05,Tizi n'Isly,Oum Er Rbia,2019-12-01,2019,12,1.56699377419355,4.197036124800004
OER_05,Tizi n'Isly,Oum Er Rbia,2020-01-01,2020,1,0.994196677419355,2.6628563808000005
OER_05,Tizi n'Isly,Oum Er Rbia,2020-02-01,2020,2,0.671957068965517,1.6836556319999993
OER_05,Tizi n'Isly,Oum Er Rbia,2020-03-01,2020,3,2.31288606451613,6.194834035200001
OER_05,Tizi n'Isly,Oum Er Rbia,2020-04-01,2020,4,3.3193595,8.603779824
OER_05,Tizi n'Isly,Oum Er Rbia,2020-05-01,2020,5,4.21612874193548,11.292479222399988
OER_05,Tizi n'Isly,Oum Er Rbia,2020-06-01,2020,6,2.8426303,7.368097737599999
OER_05,Tizi n'Isly,Oum Er Rbia,2020-07-01,2020,7,3.38304590322581,9.061150147200008
OER_05,Tizi n'Isly,Oum Er Rbia,2020-08-01,2020,8,4.39034441935484,11.759098492800005
OER_05,Tizi n'Isly,Oum Er Rbia,2020-09-01,2020,9,9.91940716666667,25.711103376000004
OER_05,Tizi n'Isly,Oum Er Rbia,2020-10-01,2020,10,8.63476890322581,23.12736503040001
OER_05,Tizi n'Isly,Oum Er Rbia,2020-11-01,2020,11,2.76786543333333,7.174307203199992
OER_05,Tizi n'Isly,Oum Er Rbia,2020-12-01,2020,12,3.73508787096774,10.004059353599995
OER_05,Tizi n'Isly,Oum Er Rbia,2021-01-01,2021,1,5.11812970967742,13.708398614400002
OER_05,Tizi n'Isly,Oum Er Rbia,2021-02-01,2021,2,4.22868360714286,10.230031382400005
OER_05,Tizi n'Isly,Oum Er Rbia,2021-03-01,2021,3,8.48005061290323,22.71296756160001
OER_05,Tizi n'Isly,Oum Er Rbia,2021-04-01,2021,4,3.41040193333333,8.839761811199992
OER_05,Tizi n'Isly,Oum Er Rbia,2021-05-01,2021,5,2.43189306451613,6.513582384000002
OER_05,Tizi n'Isly,Oum Er Rbia,2021-06-01,2021,6,0.958571166666667,2.4846164640000006
OER_05,Tizi n'Isly,Oum Er Rbia,2021-07-01,2021,7,0.93102164516129,2.4936483743999993
OER_05,Tizi n'Isly,Oum Er Rbia,2021-08-01,2021,8,1.80817493548387,4.843015747199997
OER_05,Tizi n'Isly,Oum Er Rbia,2021-09-01,2021,9,9.2214857,23.902090934400004
OER_05,Tizi n'Isly,Oum Er Rbia,2021-10-01,2021,10,1.03469503225806,2.7713271743999877
OER_05,Tizi n'Isly,Oum Er Rbia,2021-11-01,2021,11,1.38280816666667,3.5842387680000085
OER_05,Tizi n'Isly,Oum Er Rbia,2021-12-01,2021,12,1.22276832258065,3.275062675200013
OER_05,Tizi n'Isly,Oum Er Rbia,2022-01-01,2022,1,0.755677,2.0240052768000005
OER_05,Tizi n'Isly,Oum Er Rbia,2022-02-01,2022,2,0.534308892857143,1.2926000736000003
OER_05,Tizi n'Isly,Oum Er Rbia,2022-03-01,2022,3,1.4804774516129,3.9653108063999913
OER_05,Tizi n'Isly,Oum Er Rbia,2022-04-01,2022,4,1.8487639,4.7919960288
OER_05,Tizi n'Isly,Oum Er Rbia,2022-05-01,2022,5,0.667819096774194,1.7886866688000012
OER_05,Tizi n'Isly,Oum Er Rbia,2022-06-01,2022,6,3.19883606666667,8.291383084800009
OER_05,Tizi n'Isly,Oum Er Rbia,2022-07-01,2022,7,7.10770377419355,19.037273788800004
OER_05,Tizi n'Isly,Oum Er Rbia,2022-08-01,2022,8,0.366061161290323,0.9804582144000011
